id,exercise_name,category,equipment,difficulty,target_muscle,calories_per_min,injury_risk_factor
1,Barbell Dumbbell Curl Variation 1,Core,Barbell,Advanced,Chest,6.52,0.306
2,Cable Calf Raise Variation 2,Core,Cable,Beginner,Legs,7.91,0.607
3,Machine Dumbbell Curl Variation 3,Core,Machine,Beginner,Chest,3.26,0.382
4,Cable Plank Variation 4,Core,Cable,Intermediate,Core,6.58,0.444
5,Dumbbell Deadlift Variation 5,Endurance,Dumbbell,Intermediate,Shoulders,3.15,0.172
6,Barbell Dumbbell Curl Variation 6,Power,Barbell,Intermediate,Shoulders,7.50,0.197
7,Machine Lat Pulldown Variation 7,Core,Machine,Advanced,Legs,5.39,0.559
8,Machine Deadlift Variation 8,Strength,Machine,Advanced,Back,11.17,0.171
9,Cable Calf Raise Variation 9,Strength,Cable,Beginner,Chest,9.81,0.687
10,Barbell Lunge Variation 10,Strength,Barbell,Beginner,Full Body,10.62,0.798
11,Bodyweight Dumbbell Curl Variation 11,Core,Bodyweight,Advanced,Arms,4.20,0.806
12,Kettlebell Tricep Extension Variation 12,Core,Kettlebell,Elite,Chest,6.30,0.162
13,Machine Crunch Variation 13,Strength,Machine,Intermediate,Back,8.84,0.206
14,Dumbbell Leg Press Variation 14,Power,Dumbbell,Advanced,Chest,5.66,0.686
15,Bodyweight Leg Press Variation 15,Core,Bodyweight,Beginner,Core,6.41,0.334
16,Bodyweight Lunge Variation 16,Power,Bodyweight,Advanced,Back,4.28,0.395
17,Dumbbell Tricep Extension Variation 17,Hypertrophy,Dumbbell,Advanced,Chest,10.32,0.753
18,Machine Plank Variation 18,Strength,Machine,Advanced,Legs,8.46,0.502
19,Bodyweight Overhead Press Variation 19,Core,Bodyweight,Advanced,Arms,9.97,0.236
20,Bodyweight Overhead Press Variation 20,Power,Bodyweight,Elite,Chest,7.84,0.364
21,Kettlebell Cable Fly Variation 21,Strength,Kettlebell,Intermediate,Full Body,11.92,0.498
22,Machine Bench Press Variation 22,Rehab,Machine,Advanced,Arms,9.17,0.495
23,Cable Deadlift Variation 23,Core,Cable,Advanced,Arms,7.27,0.581
24,Barbell Plank Variation 24,Core,Barbell,Advanced,Arms,11.08,0.828
25,Machine Squat Variation 25,Endurance,Machine,Beginner,Chest,10.26,0.565
26,Machine Lat Pulldown Variation 26,Power,Machine,Elite,Shoulders,8.26,0.508
27,Bands Pull-up Variation 27,Core,Bands,Intermediate,Back,11.78,0.447
28,Barbell Leg Press Variation 28,Power,Barbell,Beginner,Arms,4.42,0.651
29,Bodyweight Lunge Variation 29,Power,Bodyweight,Beginner,Arms,11.79,0.271
30,Kettlebell Lat Pulldown Variation 30,Endurance,Kettlebell,Intermediate,Core,8.66,0.831
31,Dumbbell Dumbbell Curl Variation 31,Rehab,Dumbbell,Elite,Shoulders,6.75,0.865
32,Bands Cable Fly Variation 32,Hypertrophy,Bands,Elite,Back,8.88,0.668
33,Bands Dumbbell Curl Variation 33,Hypertrophy,Bands,Advanced,Arms,4.88,0.795
34,Bands Deadlift Variation 34,Core,Bands,Advanced,Chest,3.75,0.447
35,Kettlebell Plank Variation 35,Core,Kettlebell,Elite,Shoulders,6.10,0.577
36,Bands Calf Raise Variation 36,Core,Bands,Advanced,Back,5.15,0.621
37,Barbell Tricep Extension Variation 37,Core,Barbell,Intermediate,Arms,7.53,0.100
38,Dumbbell Pull-up Variation 38,Rehab,Dumbbell,Intermediate,Back,7.43,0.344
39,Dumbbell Crunch Variation 39,Endurance,Dumbbell,Elite,Chest,8.17,0.384
40,Bodyweight Calf Raise Variation 40,Rehab,Bodyweight,Beginner,Core,7.79,0.348
41,Machine Dumbbell Curl Variation 41,Core,Machine,Intermediate,Core,5.50,0.518
42,Machine Plank Variation 42,Rehab,Machine,Beginner,Full Body,7.97,0.759
43,Bands Crunch Variation 43,Power,Bands,Advanced,Arms,3.02,0.566
44,Dumbbell Lunge Variation 44,Hypertrophy,Dumbbell,Elite,Chest,10.15,0.737
45,Cable Crunch Variation 45,Hypertrophy,Cable,Advanced,Legs,10.49,0.711
46,Cable Lat Pulldown Variation 46,Rehab,Cable,Elite,Full Body,5.06,0.652
47,Machine Lat Pulldown Variation 47,Endurance,Machine,Intermediate,Chest,4.70,0.271
48,Cable Crunch Variation 48,Power,Cable,Intermediate,Shoulders,9.25,0.623
49,Dumbbell Lunge Variation 49,Endurance,Dumbbell,Beginner,Full Body,8.65,0.737
50,Machine Leg Press Variation 50,Endurance,Machine,Beginner,Back,5.74,0.628
51,Barbell Plank Variation 51,Rehab,Barbell,Advanced,Full Body,10.54,0.191
52,Kettlebell Overhead Press Variation 52,Rehab,Kettlebell,Beginner,Core,7.25,0.444
53,Bands Crunch Variation 53,Rehab,Bands,Advanced,Chest,4.97,0.134
54,Kettlebell Bench Press Variation 54,Endurance,Kettlebell,Advanced,Back,7.37,0.832
55,Bodyweight Barbell Row Variation 55,Core,Bodyweight,Intermediate,Arms,11.83,0.554
56,Machine Tricep Extension Variation 56,Strength,Machine,Intermediate,Core,8.81,0.304
57,Bands Crunch Variation 57,Power,Bands,Intermediate,Shoulders,7.33,0.842
58,Kettlebell Dumbbell Curl Variation 58,Hypertrophy,Kettlebell,Intermediate,Chest,5.05,0.252
59,Cable Barbell Row Variation 59,Rehab,Cable,Advanced,Back,9.93,0.180
60,Dumbbell Lat Pulldown Variation 60,Core,Dumbbell,Advanced,Chest,3.25,0.850
61,Barbell Overhead Press Variation 61,Core,Barbell,Beginner,Arms,6.21,0.680
62,Bands Crunch Variation 62,Hypertrophy,Bands,Beginner,Chest,10.33,0.764
63,Bands Squat Variation 63,Power,Bands,Elite,Back,6.83,0.717
64,Barbell Deadlift Variation 64,Rehab,Barbell,Intermediate,Full Body,7.89,0.662
65,Cable Lunge Variation 65,Power,Cable,Beginner,Shoulders,3.48,0.499
66,Bodyweight Bench Press Variation 66,Core,Bodyweight,Advanced,Full Body,3.07,0.874
67,Dumbbell Lunge Variation 67,Strength,Dumbbell,Intermediate,Core,6.56,0.747
68,Machine Crunch Variation 68,Hypertrophy,Machine,Beginner,Full Body,11.41,0.638
69,Bands Bench Press Variation 69,Rehab,Bands,Elite,Chest,9.10,0.845
70,Bands Lat Pulldown Variation 70,Endurance,Bands,Advanced,Full Body,6.07,0.144
71,Bodyweight Cable Fly Variation 71,Power,Bodyweight,Beginner,Full Body,5.17,0.599
72,Barbell Tricep Extension Variation 72,Hypertrophy,Barbell,Advanced,Back,6.36,0.900
73,Machine Pull-up Variation 73,Rehab,Machine,Elite,Legs,11.81,0.500
74,Dumbbell Tricep Extension Variation 74,Power,Dumbbell,Intermediate,Shoulders,6.44,0.321
75,Bands Cable Fly Variation 75,Endurance,Bands,Elite,Legs,11.44,0.267
76,Bands Crunch Variation 76,Endurance,Bands,Intermediate,Core,8.62,0.850
77,Barbell Squat Variation 77,Endurance,Barbell,Elite,Chest,3.41,0.829
78,Cable Plank Variation 78,Core,Cable,Beginner,Back,10.22,0.555
79,Dumbbell Deadlift Variation 79,Endurance,Dumbbell,Elite,Core,4.59,0.444
80,Bodyweight Lat Pulldown Variation 80,Rehab,Bodyweight,Beginner,Shoulders,9.92,0.346
81,Kettlebell Plank Variation 81,Rehab,Kettlebell,Elite,Shoulders,5.41,0.232
82,Machine Dumbbell Curl Variation 82,Hypertrophy,Machine,Intermediate,Arms,4.80,0.870
83,Bands Cable Fly Variation 83,Rehab,Bands,Elite,Arms,3.92,0.147
84,Dumbbell Crunch Variation 84,Strength,Dumbbell,Elite,Legs,5.69,0.755
85,Dumbbell Pull-up Variation 85,Core,Dumbbell,Intermediate,Arms,6.97,0.860
86,Bands Lat Pulldown Variation 86,Endurance,Bands,Intermediate,Legs,9.79,0.249
87,Machine Deadlift Variation 87,Strength,Machine,Elite,Legs,9.77,0.810
88,Bodyweight Plank Variation 88,Endurance,Bodyweight,Elite,Arms,7.51,0.183
89,Dumbbell Squat Variation 89,Hypertrophy,Dumbbell,Intermediate,Full Body,9.94,0.137
90,Kettlebell Bench Press Variation 90,Strength,Kettlebell,Elite,Legs,3.07,0.676
91,Bands Bench Press Variation 91,Strength,Bands,Beginner,Legs,11.11,0.161
92,Dumbbell Overhead Press Variation 92,Power,Dumbbell,Intermediate,Full Body,4.45,0.196
93,Machine Crunch Variation 93,Power,Machine,Beginner,Shoulders,10.21,0.692
94,Bodyweight Dumbbell Curl Variation 94,Power,Bodyweight,Intermediate,Legs,8.91,0.291
95,Kettlebell Lat Pulldown Variation 95,Core,Kettlebell,Advanced,Arms,8.77,0.883
96,Barbell Crunch Variation 96,Core,Barbell,Advanced,Back,10.01,0.287
97,Bands Tricep Extension Variation 97,Rehab,Bands,Intermediate,Core,4.17,0.507
98,Cable Cable Fly Variation 98,Hypertrophy,Cable,Beginner,Full Body,7.22,0.627
99,Dumbbell Leg Press Variation 99,Hypertrophy,Dumbbell,Beginner,Chest,4.35,0.410
100,Cable Dumbbell Curl Variation 100,Strength,Cable,Elite,Shoulders,8.66,0.504
101,Cable Leg Press Variation 101,Core,Cable,Advanced,Back,3.10,0.848
102,Cable Tricep Extension Variation 102,Power,Cable,Elite,Chest,4.47,0.380
103,Cable Cable Fly Variation 103,Rehab,Cable,Beginner,Shoulders,6.26,0.522
104,Barbell Bench Press Variation 104,Power,Barbell,Elite,Shoulders,10.36,0.619
105,Bodyweight Bench Press Variation 105,Power,Bodyweight,Beginner,Arms,4.05,0.669
106,Dumbbell Dumbbell Curl Variation 106,Endurance,Dumbbell,Advanced,Arms,10.30,0.645
107,Machine Crunch Variation 107,Power,Machine,Beginner,Shoulders,3.09,0.828
108,Kettlebell Lunge Variation 108,Hypertrophy,Kettlebell,Beginner,Arms,8.55,0.493
109,Bands Dumbbell Curl Variation 109,Hypertrophy,Bands,Advanced,Legs,9.74,0.600
110,Machine Squat Variation 110,Hypertrophy,Machine,Intermediate,Core,8.65,0.170
111,Bands Lat Pulldown Variation 111,Hypertrophy,Bands,Advanced,Core,4.68,0.164
112,Bodyweight Bench Press Variation 112,Hypertrophy,Bodyweight,Beginner,Back,7.06,0.634
113,Kettlebell Plank Variation 113,Rehab,Kettlebell,Advanced,Back,3.73,0.277
114,Bands Crunch Variation 114,Power,Bands,Elite,Back,4.97,0.793
115,Kettlebell Dumbbell Curl Variation 115,Core,Kettlebell,Elite,Legs,4.67,0.794
116,Bands Dumbbell Curl Variation 116,Rehab,Bands,Intermediate,Legs,4.86,0.701
117,Barbell Deadlift Variation 117,Endurance,Barbell,Beginner,Back,8.87,0.447
118,Bands Dumbbell Curl Variation 118,Core,Bands,Advanced,Back,3.43,0.792
119,Kettlebell Overhead Press Variation 119,Core,Kettlebell,Elite,Core,7.52,0.307
120,Barbell Crunch Variation 120,Endurance,Barbell,Beginner,Chest,10.27,0.451
121,Machine Deadlift Variation 121,Endurance,Machine,Advanced,Chest,9.67,0.583
122,Bands Lat Pulldown Variation 122,Strength,Bands,Advanced,Back,10.45,0.405
123,Machine Deadlift Variation 123,Core,Machine,Advanced,Core,3.86,0.795
124,Dumbbell Lunge Variation 124,Hypertrophy,Dumbbell,Elite,Shoulders,5.69,0.455
125,Cable Tricep Extension Variation 125,Rehab,Cable,Intermediate,Back,7.19,0.361
126,Cable Squat Variation 126,Rehab,Cable,Intermediate,Back,10.69,0.467
127,Kettlebell Overhead Press Variation 127,Endurance,Kettlebell,Beginner,Shoulders,11.32,0.562
128,Cable Deadlift Variation 128,Core,Cable,Intermediate,Legs,3.28,0.185
129,Kettlebell Deadlift Variation 129,Rehab,Kettlebell,Advanced,Full Body,10.58,0.554
130,Machine Crunch Variation 130,Rehab,Machine,Intermediate,Shoulders,3.16,0.311
131,Cable Bench Press Variation 131,Power,Cable,Advanced,Full Body,4.51,0.435
132,Kettlebell Squat Variation 132,Strength,Kettlebell,Beginner,Chest,3.00,0.383
133,Cable Cable Fly Variation 133,Endurance,Cable,Advanced,Back,4.11,0.265
134,Cable Tricep Extension Variation 134,Endurance,Cable,Intermediate,Shoulders,8.64,0.781
135,Bands Squat Variation 135,Hypertrophy,Bands,Beginner,Shoulders,11.67,0.879
136,Bodyweight Cable Fly Variation 136,Hypertrophy,Bodyweight,Intermediate,Full Body,11.25,0.537
137,Kettlebell Calf Raise Variation 137,Power,Kettlebell,Intermediate,Arms,7.64,0.239
138,Bands Dumbbell Curl Variation 138,Core,Bands,Intermediate,Core,3.59,0.157
139,Barbell Overhead Press Variation 139,Power,Barbell,Advanced,Legs,6.34,0.887
140,Bodyweight Bench Press Variation 140,Core,Bodyweight,Beginner,Full Body,5.63,0.300
141,Kettlebell Overhead Press Variation 141,Hypertrophy,Kettlebell,Beginner,Shoulders,7.27,0.424
142,Cable Deadlift Variation 142,Strength,Cable,Elite,Arms,4.24,0.578
143,Cable Lat Pulldown Variation 143,Hypertrophy,Cable,Elite,Arms,9.46,0.735
144,Dumbbell Leg Press Variation 144,Hypertrophy,Dumbbell,Intermediate,Chest,3.34,0.743
145,Dumbbell Lunge Variation 145,Strength,Dumbbell,Intermediate,Full Body,5.55,0.891
146,Bands Barbell Row Variation 146,Core,Bands,Intermediate,Arms,6.64,0.565
147,Dumbbell Calf Raise Variation 147,Power,Dumbbell,Intermediate,Back,5.80,0.502
148,Barbell Calf Raise Variation 148,Endurance,Barbell,Beginner,Chest,7.64,0.596
149,Bands Squat Variation 149,Hypertrophy,Bands,Elite,Full Body,11.80,0.305
150,Bodyweight Deadlift Variation 150,Strength,Bodyweight,Intermediate,Full Body,4.49,0.172
151,Barbell Cable Fly Variation 151,Strength,Barbell,Advanced,Back,11.00,0.363
152,Barbell Deadlift Variation 152,Hypertrophy,Barbell,Intermediate,Arms,9.57,0.800
153,Cable Plank Variation 153,Hypertrophy,Cable,Advanced,Arms,10.27,0.295
154,Bands Deadlift Variation 154,Power,Bands,Beginner,Chest,5.29,0.742
155,Bands Crunch Variation 155,Hypertrophy,Bands,Beginner,Core,3.71,0.162
156,Cable Plank Variation 156,Rehab,Cable,Elite,Full Body,11.05,0.697
157,Dumbbell Lat Pulldown Variation 157,Rehab,Dumbbell,Elite,Core,4.63,0.355
158,Kettlebell Lat Pulldown Variation 158,Endurance,Kettlebell,Intermediate,Back,8.19,0.477
159,Bands Barbell Row Variation 159,Power,Bands,Elite,Back,7.46,0.702
160,Kettlebell Tricep Extension Variation 160,Rehab,Kettlebell,Advanced,Full Body,6.34,0.708
161,Machine Tricep Extension Variation 161,Power,Machine,Advanced,Back,11.01,0.705
162,Cable Pull-up Variation 162,Endurance,Cable,Advanced,Full Body,6.90,0.656
163,Bands Bench Press Variation 163,Core,Bands,Elite,Arms,3.52,0.880
164,Kettlebell Plank Variation 164,Hypertrophy,Kettlebell,Intermediate,Chest,4.51,0.142
165,Machine Squat Variation 165,Rehab,Machine,Advanced,Chest,7.63,0.240
166,Dumbbell Squat Variation 166,Power,Dumbbell,Advanced,Arms,6.04,0.623
167,Kettlebell Calf Raise Variation 167,Power,Kettlebell,Beginner,Legs,11.15,0.637
168,Bodyweight Deadlift Variation 168,Core,Bodyweight,Beginner,Chest,9.75,0.636
169,Machine Overhead Press Variation 169,Strength,Machine,Intermediate,Back,7.58,0.180
170,Dumbbell Plank Variation 170,Strength,Dumbbell,Elite,Arms,3.26,0.123
171,Barbell Barbell Row Variation 171,Core,Barbell,Beginner,Chest,4.62,0.397
172,Bands Squat Variation 172,Power,Bands,Advanced,Legs,10.69,0.105
173,Cable Lat Pulldown Variation 173,Rehab,Cable,Elite,Core,7.98,0.335
174,Barbell Crunch Variation 174,Power,Barbell,Intermediate,Shoulders,6.64,0.234
175,Machine Dumbbell Curl Variation 175,Power,Machine,Advanced,Shoulders,3.94,0.380
176,Machine Squat Variation 176,Hypertrophy,Machine,Beginner,Back,7.85,0.825
177,Barbell Overhead Press Variation 177,Rehab,Barbell,Elite,Back,8.85,0.374
178,Bands Barbell Row Variation 178,Hypertrophy,Bands,Advanced,Full Body,9.15,0.261
179,Dumbbell Plank Variation 179,Rehab,Dumbbell,Elite,Legs,6.99,0.472
180,Kettlebell Pull-up Variation 180,Endurance,Kettlebell,Elite,Chest,9.98,0.398
181,Bodyweight Plank Variation 181,Rehab,Bodyweight,Beginner,Full Body,8.18,0.460
182,Bands Bench Press Variation 182,Rehab,Bands,Advanced,Chest,10.58,0.225
183,Bodyweight Leg Press Variation 183,Endurance,Bodyweight,Intermediate,Full Body,7.82,0.111
184,Kettlebell Cable Fly Variation 184,Power,Kettlebell,Advanced,Back,7.13,0.526
185,Barbell Bench Press Variation 185,Hypertrophy,Barbell,Intermediate,Shoulders,4.22,0.670
186,Kettlebell Pull-up Variation 186,Core,Kettlebell,Beginner,Full Body,11.96,0.602
187,Kettlebell Tricep Extension Variation 187,Strength,Kettlebell,Elite,Shoulders,10.35,0.547
188,Bands Squat Variation 188,Core,Bands,Advanced,Shoulders,7.96,0.729
189,Bands Cable Fly Variation 189,Rehab,Bands,Intermediate,Shoulders,11.60,0.602
190,Bodyweight Squat Variation 190,Strength,Bodyweight,Elite,Arms,8.58,0.468
191,Bodyweight Barbell Row Variation 191,Hypertrophy,Bodyweight,Beginner,Chest,6.46,0.481
192,Dumbbell Deadlift Variation 192,Hypertrophy,Dumbbell,Advanced,Full Body,8.60,0.737
193,Cable Lunge Variation 193,Core,Cable,Elite,Legs,8.02,0.260
194,Cable Leg Press Variation 194,Core,Cable,Advanced,Full Body,5.32,0.381
195,Barbell Deadlift Variation 195,Rehab,Barbell,Advanced,Shoulders,9.94,0.230
196,Cable Plank Variation 196,Rehab,Cable,Elite,Chest,6.28,0.887
197,Dumbbell Overhead Press Variation 197,Core,Dumbbell,Beginner,Legs,9.31,0.784
198,Machine Lunge Variation 198,Hypertrophy,Machine,Elite,Arms,10.69,0.326
199,Kettlebell Leg Press Variation 199,Endurance,Kettlebell,Beginner,Arms,8.41,0.260
200,Bands Tricep Extension Variation 200,Strength,Bands,Advanced,Shoulders,4.84,0.879
201,Cable Pull-up Variation 201,Strength,Cable,Intermediate,Arms,4.69,0.226
202,Bands Lunge Variation 202,Power,Bands,Advanced,Legs,11.66,0.670
203,Dumbbell Leg Press Variation 203,Core,Dumbbell,Advanced,Legs,7.74,0.328
204,Machine Squat Variation 204,Strength,Machine,Elite,Core,7.92,0.720
205,Dumbbell Crunch Variation 205,Hypertrophy,Dumbbell,Intermediate,Legs,9.41,0.614
206,Barbell Deadlift Variation 206,Endurance,Barbell,Elite,Back,11.71,0.370
207,Cable Bench Press Variation 207,Strength,Cable,Beginner,Arms,5.53,0.532
208,Kettlebell Calf Raise Variation 208,Core,Kettlebell,Intermediate,Arms,10.79,0.820
209,Bodyweight Tricep Extension Variation 209,Strength,Bodyweight,Advanced,Full Body,4.87,0.870
210,Barbell Deadlift Variation 210,Hypertrophy,Barbell,Advanced,Full Body,11.74,0.439
211,Cable Squat Variation 211,Rehab,Cable,Beginner,Chest,4.76,0.490
212,Bands Crunch Variation 212,Core,Bands,Advanced,Chest,9.33,0.775
213,Barbell Tricep Extension Variation 213,Hypertrophy,Barbell,Intermediate,Arms,10.72,0.177
214,Machine Pull-up Variation 214,Hypertrophy,Machine,Beginner,Shoulders,9.74,0.583
215,Kettlebell Squat Variation 215,Strength,Kettlebell,Beginner,Back,10.61,0.544
216,Machine Overhead Press Variation 216,Rehab,Machine,Advanced,Chest,8.80,0.132
217,Barbell Tricep Extension Variation 217,Hypertrophy,Barbell,Beginner,Back,4.68,0.149
218,Machine Plank Variation 218,Core,Machine,Intermediate,Shoulders,11.66,0.347
219,Barbell Barbell Row Variation 219,Core,Barbell,Elite,Arms,8.49,0.439
220,Kettlebell Overhead Press Variation 220,Endurance,Kettlebell,Intermediate,Chest,5.92,0.571
221,Machine Deadlift Variation 221,Power,Machine,Advanced,Chest,10.13,0.752
222,Dumbbell Leg Press Variation 222,Strength,Dumbbell,Elite,Legs,5.29,0.804
223,Kettlebell Pull-up Variation 223,Strength,Kettlebell,Intermediate,Full Body,9.93,0.323
224,Cable Deadlift Variation 224,Hypertrophy,Cable,Beginner,Full Body,10.15,0.574
225,Dumbbell Bench Press Variation 225,Endurance,Dumbbell,Beginner,Legs,10.30,0.163
226,Bodyweight Leg Press Variation 226,Rehab,Bodyweight,Elite,Core,7.08,0.483
227,Dumbbell Plank Variation 227,Core,Dumbbell,Elite,Core,6.59,0.560
228,Machine Crunch Variation 228,Power,Machine,Advanced,Legs,8.74,0.645
229,Dumbbell Cable Fly Variation 229,Strength,Dumbbell,Intermediate,Chest,7.33,0.184
230,Barbell Crunch Variation 230,Power,Barbell,Beginner,Full Body,4.02,0.773
231,Machine Lunge Variation 231,Endurance,Machine,Elite,Core,10.60,0.420
232,Machine Tricep Extension Variation 232,Power,Machine,Beginner,Back,3.44,0.352
233,Barbell Calf Raise Variation 233,Core,Barbell,Beginner,Legs,9.19,0.851
234,Bodyweight Barbell Row Variation 234,Endurance,Bodyweight,Elite,Chest,3.03,0.792
235,Machine Crunch Variation 235,Hypertrophy,Machine,Elite,Full Body,9.17,0.831
236,Barbell Lunge Variation 236,Strength,Barbell,Beginner,Shoulders,7.93,0.419
237,Barbell Barbell Row Variation 237,Strength,Barbell,Advanced,Chest,8.79,0.505
238,Barbell Overhead Press Variation 238,Strength,Barbell,Intermediate,Arms,10.65,0.852
239,Bands Calf Raise Variation 239,Endurance,Bands,Intermediate,Back,8.51,0.491
240,Bodyweight Cable Fly Variation 240,Rehab,Bodyweight,Advanced,Arms,6.79,0.753
241,Machine Deadlift Variation 241,Hypertrophy,Machine,Advanced,Full Body,11.45,0.674
242,Barbell Lat Pulldown Variation 242,Strength,Barbell,Intermediate,Legs,11.51,0.681
243,Kettlebell Crunch Variation 243,Hypertrophy,Kettlebell,Intermediate,Shoulders,5.77,0.126
244,Bands Barbell Row Variation 244,Hypertrophy,Bands,Intermediate,Core,6.28,0.360
245,Kettlebell Plank Variation 245,Endurance,Kettlebell,Intermediate,Shoulders,3.68,0.179
246,Machine Tricep Extension Variation 246,Strength,Machine,Intermediate,Full Body,6.53,0.595
247,Bodyweight Leg Press Variation 247,Rehab,Bodyweight,Intermediate,Core,4.30,0.185
248,Dumbbell Overhead Press Variation 248,Power,Dumbbell,Advanced,Shoulders,4.16,0.369
249,Barbell Dumbbell Curl Variation 249,Core,Barbell,Advanced,Full Body,8.76,0.884
250,Bodyweight Dumbbell Curl Variation 250,Core,Bodyweight,Beginner,Core,11.02,0.555
251,Kettlebell Plank Variation 251,Endurance,Kettlebell,Elite,Back,9.86,0.130
252,Bodyweight Overhead Press Variation 252,Rehab,Bodyweight,Intermediate,Chest,3.13,0.588
253,Cable Lunge Variation 253,Endurance,Cable,Intermediate,Back,6.72,0.537
254,Bands Leg Press Variation 254,Core,Bands,Intermediate,Chest,11.29,0.629
255,Cable Tricep Extension Variation 255,Core,Cable,Beginner,Arms,9.85,0.682
256,Bodyweight Deadlift Variation 256,Rehab,Bodyweight,Elite,Full Body,3.83,0.726
257,Kettlebell Leg Press Variation 257,Hypertrophy,Kettlebell,Beginner,Shoulders,8.46,0.851
258,Dumbbell Deadlift Variation 258,Strength,Dumbbell,Advanced,Arms,4.74,0.537
259,Machine Dumbbell Curl Variation 259,Rehab,Machine,Advanced,Back,5.77,0.779
260,Machine Dumbbell Curl Variation 260,Endurance,Machine,Intermediate,Shoulders,8.87,0.232
261,Bands Leg Press Variation 261,Hypertrophy,Bands,Advanced,Legs,4.32,0.855
262,Kettlebell Tricep Extension Variation 262,Hypertrophy,Kettlebell,Elite,Chest,3.20,0.579
263,Bodyweight Deadlift Variation 263,Power,Bodyweight,Beginner,Chest,7.72,0.346
264,Kettlebell Plank Variation 264,Hypertrophy,Kettlebell,Elite,Core,4.20,0.327
265,Dumbbell Tricep Extension Variation 265,Endurance,Dumbbell,Beginner,Chest,5.43,0.470
266,Dumbbell Calf Raise Variation 266,Endurance,Dumbbell,Intermediate,Chest,3.31,0.204
267,Bodyweight Crunch Variation 267,Hypertrophy,Bodyweight,Intermediate,Arms,11.15,0.313
268,Cable Leg Press Variation 268,Hypertrophy,Cable,Advanced,Chest,10.82,0.308
269,Barbell Leg Press Variation 269,Power,Barbell,Intermediate,Full Body,8.53,0.267
270,Cable Lat Pulldown Variation 270,Strength,Cable,Beginner,Legs,4.95,0.867
271,Bands Tricep Extension Variation 271,Core,Bands,Advanced,Shoulders,3.92,0.306
272,Machine Overhead Press Variation 272,Rehab,Machine,Intermediate,Core,10.17,0.701
273,Kettlebell Tricep Extension Variation 273,Hypertrophy,Kettlebell,Advanced,Arms,5.05,0.229
274,Kettlebell Cable Fly Variation 274,Hypertrophy,Kettlebell,Beginner,Legs,8.65,0.215
275,Barbell Tricep Extension Variation 275,Endurance,Barbell,Beginner,Full Body,10.39,0.694
276,Bodyweight Overhead Press Variation 276,Rehab,Bodyweight,Beginner,Arms,8.98,0.453
277,Dumbbell Deadlift Variation 277,Strength,Dumbbell,Elite,Legs,8.35,0.116
278,Machine Lat Pulldown Variation 278,Power,Machine,Elite,Core,4.02,0.441
279,Bands Bench Press Variation 279,Rehab,Bands,Beginner,Full Body,4.07,0.618
280,Barbell Overhead Press Variation 280,Hypertrophy,Barbell,Intermediate,Arms,4.89,0.807
281,Dumbbell Barbell Row Variation 281,Power,Dumbbell,Intermediate,Full Body,5.59,0.329
282,Cable Barbell Row Variation 282,Hypertrophy,Cable,Intermediate,Core,8.45,0.652
283,Kettlebell Deadlift Variation 283,Endurance,Kettlebell,Beginner,Chest,3.32,0.542
284,Dumbbell Calf Raise Variation 284,Endurance,Dumbbell,Intermediate,Core,5.46,0.779
285,Cable Lunge Variation 285,Strength,Cable,Advanced,Legs,8.82,0.660
286,Kettlebell Tricep Extension Variation 286,Power,Kettlebell,Advanced,Full Body,8.90,0.117
287,Bands Plank Variation 287,Hypertrophy,Bands,Intermediate,Back,11.80,0.295
288,Bands Pull-up Variation 288,Power,Bands,Intermediate,Legs,3.08,0.326
289,Barbell Dumbbell Curl Variation 289,Strength,Barbell,Elite,Legs,8.81,0.858
290,Cable Barbell Row Variation 290,Power,Cable,Beginner,Core,11.88,0.497
291,Dumbbell Pull-up Variation 291,Rehab,Dumbbell,Advanced,Shoulders,11.38,0.847
292,Bodyweight Tricep Extension Variation 292,Core,Bodyweight,Intermediate,Shoulders,7.15,0.446
293,Barbell Lunge Variation 293,Strength,Barbell,Beginner,Chest,8.33,0.235
294,Bands Barbell Row Variation 294,Power,Bands,Elite,Back,7.18,0.420
295,Kettlebell Bench Press Variation 295,Rehab,Kettlebell,Beginner,Shoulders,10.29,0.500
296,Dumbbell Overhead Press Variation 296,Power,Dumbbell,Advanced,Legs,5.59,0.202
297,Cable Lat Pulldown Variation 297,Endurance,Cable,Beginner,Core,9.41,0.836
298,Bands Deadlift Variation 298,Hypertrophy,Bands,Beginner,Full Body,10.63,0.163
299,Machine Plank Variation 299,Power,Machine,Advanced,Core,4.57,0.497
300,Dumbbell Crunch Variation 300,Hypertrophy,Dumbbell,Elite,Back,5.47,0.314
301,Dumbbell Bench Press Variation 301,Rehab,Dumbbell,Beginner,Shoulders,8.32,0.474
302,Dumbbell Lat Pulldown Variation 302,Rehab,Dumbbell,Advanced,Back,4.97,0.180
303,Cable Deadlift Variation 303,Endurance,Cable,Intermediate,Core,9.63,0.207
304,Bodyweight Tricep Extension Variation 304,Hypertrophy,Bodyweight,Beginner,Core,3.72,0.436
305,Kettlebell Cable Fly Variation 305,Core,Kettlebell,Intermediate,Back,5.01,0.864
306,Bands Crunch Variation 306,Hypertrophy,Bands,Elite,Full Body,10.63,0.872
307,Dumbbell Lunge Variation 307,Hypertrophy,Dumbbell,Elite,Back,7.10,0.847
308,Bands Tricep Extension Variation 308,Strength,Bands,Intermediate,Chest,6.34,0.831
309,Barbell Tricep Extension Variation 309,Hypertrophy,Barbell,Intermediate,Chest,7.11,0.572
310,Kettlebell Lunge Variation 310,Core,Kettlebell,Intermediate,Shoulders,10.97,0.737
311,Barbell Leg Press Variation 311,Hypertrophy,Barbell,Advanced,Legs,6.30,0.827
312,Bands Bench Press Variation 312,Endurance,Bands,Beginner,Back,10.32,0.746
313,Cable Deadlift Variation 313,Hypertrophy,Cable,Advanced,Core,7.57,0.863
314,Bodyweight Barbell Row Variation 314,Hypertrophy,Bodyweight,Beginner,Legs,6.52,0.320
315,Kettlebell Tricep Extension Variation 315,Hypertrophy,Kettlebell,Elite,Full Body,6.44,0.878
316,Barbell Lat Pulldown Variation 316,Core,Barbell,Beginner,Core,9.34,0.111
317,Dumbbell Pull-up Variation 317,Strength,Dumbbell,Intermediate,Back,6.48,0.844
318,Barbell Barbell Row Variation 318,Hypertrophy,Barbell,Elite,Legs,9.57,0.780
319,Bands Squat Variation 319,Power,Bands,Advanced,Legs,3.27,0.455
320,Bands Lat Pulldown Variation 320,Core,Bands,Beginner,Core,8.11,0.449
321,Cable Leg Press Variation 321,Strength,Cable,Intermediate,Full Body,9.57,0.172
322,Cable Crunch Variation 322,Endurance,Cable,Intermediate,Shoulders,7.85,0.682
323,Kettlebell Bench Press Variation 323,Core,Kettlebell,Beginner,Shoulders,4.75,0.335
324,Dumbbell Squat Variation 324,Rehab,Dumbbell,Elite,Core,8.01,0.308
325,Bands Squat Variation 325,Core,Bands,Elite,Legs,9.33,0.214
326,Dumbbell Overhead Press Variation 326,Hypertrophy,Dumbbell,Intermediate,Full Body,11.71,0.251
327,Bands Bench Press Variation 327,Hypertrophy,Bands,Beginner,Full Body,8.95,0.852
328,Dumbbell Squat Variation 328,Power,Dumbbell,Elite,Chest,7.07,0.473
329,Bands Pull-up Variation 329,Strength,Bands,Elite,Shoulders,10.88,0.403
330,Machine Tricep Extension Variation 330,Rehab,Machine,Beginner,Core,3.57,0.674
331,Kettlebell Barbell Row Variation 331,Endurance,Kettlebell,Beginner,Core,11.77,0.490
332,Dumbbell Lunge Variation 332,Rehab,Dumbbell,Intermediate,Back,6.71,0.220
333,Dumbbell Squat Variation 333,Power,Dumbbell,Intermediate,Core,4.22,0.855
334,Kettlebell Tricep Extension Variation 334,Core,Kettlebell,Intermediate,Legs,5.46,0.729
335,Dumbbell Lat Pulldown Variation 335,Endurance,Dumbbell,Intermediate,Legs,6.19,0.115
336,Cable Lunge Variation 336,Power,Cable,Elite,Legs,10.61,0.366
337,Kettlebell Overhead Press Variation 337,Strength,Kettlebell,Advanced,Core,9.99,0.715
338,Barbell Calf Raise Variation 338,Power,Barbell,Elite,Full Body,3.56,0.550
339,Dumbbell Dumbbell Curl Variation 339,Strength,Dumbbell,Elite,Arms,10.35,0.220
340,Bands Bench Press Variation 340,Rehab,Bands,Intermediate,Full Body,8.40,0.122
341,Kettlebell Lat Pulldown Variation 341,Hypertrophy,Kettlebell,Beginner,Arms,7.46,0.482
342,Dumbbell Pull-up Variation 342,Hypertrophy,Dumbbell,Advanced,Full Body,5.03,0.605
343,Bands Cable Fly Variation 343,Endurance,Bands,Elite,Arms,8.16,0.332
344,Machine Crunch Variation 344,Core,Machine,Intermediate,Core,10.26,0.580
345,Kettlebell Leg Press Variation 345,Power,Kettlebell,Advanced,Full Body,3.24,0.306
346,Barbell Lunge Variation 346,Strength,Barbell,Intermediate,Full Body,5.55,0.225
347,Machine Squat Variation 347,Endurance,Machine,Beginner,Core,11.72,0.257
348,Barbell Calf Raise Variation 348,Strength,Barbell,Elite,Shoulders,3.67,0.883
349,Bodyweight Squat Variation 349,Rehab,Bodyweight,Elite,Back,3.60,0.102
350,Cable Cable Fly Variation 350,Strength,Cable,Elite,Arms,5.92,0.803
351,Bands Barbell Row Variation 351,Power,Bands,Elite,Arms,10.59,0.343
352,Cable Squat Variation 352,Power,Cable,Elite,Chest,4.81,0.113
353,Bands Barbell Row Variation 353,Endurance,Bands,Intermediate,Core,11.77,0.603
354,Bodyweight Leg Press Variation 354,Power,Bodyweight,Intermediate,Core,9.56,0.116
355,Machine Dumbbell Curl Variation 355,Power,Machine,Advanced,Legs,6.84,0.152
356,Kettlebell Cable Fly Variation 356,Strength,Kettlebell,Advanced,Full Body,3.45,0.132
357,Cable Barbell Row Variation 357,Strength,Cable,Advanced,Arms,8.72,0.822
358,Machine Deadlift Variation 358,Endurance,Machine,Elite,Chest,3.51,0.674
359,Dumbbell Squat Variation 359,Power,Dumbbell,Elite,Arms,9.06,0.109
360,Kettlebell Cable Fly Variation 360,Endurance,Kettlebell,Intermediate,Legs,6.40,0.534
361,Barbell Bench Press Variation 361,Core,Barbell,Advanced,Back,8.99,0.335
362,Cable Dumbbell Curl Variation 362,Strength,Cable,Beginner,Chest,11.79,0.762
363,Barbell Tricep Extension Variation 363,Power,Barbell,Advanced,Back,10.27,0.883
364,Bands Lunge Variation 364,Core,Bands,Beginner,Chest,8.70,0.818
365,Kettlebell Calf Raise Variation 365,Endurance,Kettlebell,Elite,Back,7.84,0.369
366,Machine Bench Press Variation 366,Rehab,Machine,Intermediate,Core,4.99,0.774
367,Dumbbell Cable Fly Variation 367,Hypertrophy,Dumbbell,Intermediate,Full Body,10.38,0.453
368,Barbell Squat Variation 368,Power,Barbell,Advanced,Chest,4.93,0.341
369,Kettlebell Calf Raise Variation 369,Endurance,Kettlebell,Intermediate,Full Body,8.97,0.469
370,Bands Pull-up Variation 370,Endurance,Bands,Advanced,Arms,10.66,0.727
371,Bands Calf Raise Variation 371,Strength,Bands,Advanced,Legs,7.03,0.600
372,Bands Squat Variation 372,Rehab,Bands,Intermediate,Shoulders,8.98,0.239
373,Cable Pull-up Variation 373,Hypertrophy,Cable,Intermediate,Arms,11.20,0.134
374,Machine Barbell Row Variation 374,Strength,Machine,Beginner,Legs,10.01,0.248
375,Dumbbell Deadlift Variation 375,Core,Dumbbell,Beginner,Legs,9.25,0.618
376,Bodyweight Calf Raise Variation 376,Power,Bodyweight,Intermediate,Arms,9.77,0.213
377,Machine Pull-up Variation 377,Power,Machine,Beginner,Full Body,6.76,0.173
378,Kettlebell Barbell Row Variation 378,Endurance,Kettlebell,Advanced,Core,9.84,0.441
379,Bodyweight Barbell Row Variation 379,Core,Bodyweight,Beginner,Chest,10.32,0.786
380,Machine Overhead Press Variation 380,Strength,Machine,Intermediate,Core,9.03,0.225
381,Bands Plank Variation 381,Power,Bands,Beginner,Core,5.78,0.332
382,Cable Overhead Press Variation 382,Strength,Cable,Intermediate,Shoulders,10.67,0.419
383,Bodyweight Lunge Variation 383,Power,Bodyweight,Advanced,Legs,11.29,0.240
384,Bands Cable Fly Variation 384,Rehab,Bands,Intermediate,Back,11.60,0.676
385,Bands Lunge Variation 385,Rehab,Bands,Advanced,Arms,6.41,0.471
386,Dumbbell Plank Variation 386,Rehab,Dumbbell,Beginner,Shoulders,11.17,0.334
387,Cable Lunge Variation 387,Rehab,Cable,Intermediate,Core,11.59,0.581
388,Kettlebell Tricep Extension Variation 388,Rehab,Kettlebell,Intermediate,Back,4.60,0.624
389,Machine Tricep Extension Variation 389,Hypertrophy,Machine,Intermediate,Arms,9.60,0.542
390,Machine Lat Pulldown Variation 390,Endurance,Machine,Elite,Chest,9.52,0.255
391,Kettlebell Pull-up Variation 391,Hypertrophy,Kettlebell,Elite,Back,8.82,0.281
392,Barbell Squat Variation 392,Power,Barbell,Advanced,Chest,5.45,0.679
393,Kettlebell Dumbbell Curl Variation 393,Hypertrophy,Kettlebell,Advanced,Full Body,7.03,0.185
394,Bodyweight Crunch Variation 394,Hypertrophy,Bodyweight,Advanced,Legs,11.84,0.286
395,Barbell Calf Raise Variation 395,Core,Barbell,Advanced,Core,8.33,0.812
396,Bodyweight Cable Fly Variation 396,Power,Bodyweight,Elite,Core,3.72,0.621
397,Kettlebell Dumbbell Curl Variation 397,Hypertrophy,Kettlebell,Intermediate,Arms,4.58,0.624
398,Dumbbell Deadlift Variation 398,Endurance,Dumbbell,Intermediate,Core,4.54,0.383
399,Dumbbell Tricep Extension Variation 399,Rehab,Dumbbell,Intermediate,Chest,10.27,0.786
400,Bodyweight Bench Press Variation 400,Endurance,Bodyweight,Advanced,Full Body,10.69,0.617
401,Kettlebell Squat Variation 401,Endurance,Kettlebell,Intermediate,Legs,7.87,0.311
402,Barbell Lunge Variation 402,Rehab,Barbell,Elite,Core,11.93,0.172
403,Cable Cable Fly Variation 403,Hypertrophy,Cable,Advanced,Back,7.03,0.627
404,Bands Dumbbell Curl Variation 404,Core,Bands,Elite,Chest,8.25,0.158
405,Cable Barbell Row Variation 405,Power,Cable,Beginner,Chest,6.75,0.208
406,Cable Plank Variation 406,Rehab,Cable,Elite,Shoulders,9.28,0.431
407,Cable Lat Pulldown Variation 407,Endurance,Cable,Beginner,Full Body,9.50,0.799
408,Machine Pull-up Variation 408,Hypertrophy,Machine,Elite,Legs,6.86,0.371
409,Barbell Bench Press Variation 409,Hypertrophy,Barbell,Elite,Chest,5.49,0.733
410,Barbell Leg Press Variation 410,Strength,Barbell,Intermediate,Chest,11.78,0.500
411,Kettlebell Overhead Press Variation 411,Rehab,Kettlebell,Advanced,Legs,10.81,0.374
412,Cable Deadlift Variation 412,Hypertrophy,Cable,Advanced,Back,8.71,0.215
413,Machine Squat Variation 413,Core,Machine,Advanced,Legs,8.04,0.417
414,Cable Dumbbell Curl Variation 414,Hypertrophy,Cable,Intermediate,Legs,11.63,0.237
415,Kettlebell Leg Press Variation 415,Power,Kettlebell,Beginner,Core,6.91,0.520
416,Machine Bench Press Variation 416,Rehab,Machine,Intermediate,Chest,5.91,0.587
417,Bodyweight Plank Variation 417,Endurance,Bodyweight,Beginner,Chest,9.74,0.795
418,Bodyweight Tricep Extension Variation 418,Power,Bodyweight,Elite,Arms,4.07,0.272
419,Bodyweight Leg Press Variation 419,Hypertrophy,Bodyweight,Beginner,Back,7.52,0.189
420,Cable Lunge Variation 420,Core,Cable,Intermediate,Back,3.28,0.232
421,Kettlebell Cable Fly Variation 421,Endurance,Kettlebell,Advanced,Core,6.98,0.595
422,Barbell Leg Press Variation 422,Strength,Barbell,Beginner,Arms,9.34,0.781
423,Bodyweight Deadlift Variation 423,Rehab,Bodyweight,Intermediate,Core,8.25,0.309
424,Barbell Barbell Row Variation 424,Hypertrophy,Barbell,Intermediate,Legs,3.60,0.431
425,Cable Cable Fly Variation 425,Power,Cable,Intermediate,Arms,8.81,0.573
426,Bodyweight Dumbbell Curl Variation 426,Hypertrophy,Bodyweight,Elite,Core,3.19,0.845
427,Cable Lunge Variation 427,Strength,Cable,Elite,Full Body,6.23,0.113
428,Kettlebell Crunch Variation 428,Endurance,Kettlebell,Intermediate,Chest,11.22,0.317
429,Dumbbell Cable Fly Variation 429,Strength,Dumbbell,Advanced,Chest,6.11,0.559
430,Barbell Plank Variation 430,Power,Barbell,Advanced,Back,7.00,0.294
431,Dumbbell Barbell Row Variation 431,Power,Dumbbell,Elite,Back,11.55,0.725
432,Bodyweight Crunch Variation 432,Strength,Bodyweight,Beginner,Legs,5.70,0.653
433,Kettlebell Tricep Extension Variation 433,Endurance,Kettlebell,Intermediate,Core,4.11,0.751
434,Dumbbell Pull-up Variation 434,Core,Dumbbell,Intermediate,Back,5.68,0.380
435,Barbell Crunch Variation 435,Rehab,Barbell,Elite,Full Body,4.21,0.616
436,Dumbbell Bench Press Variation 436,Core,Dumbbell,Elite,Shoulders,11.47,0.384
437,Kettlebell Bench Press Variation 437,Rehab,Kettlebell,Advanced,Full Body,11.56,0.490
438,Machine Overhead Press Variation 438,Rehab,Machine,Elite,Chest,11.66,0.769
439,Barbell Deadlift Variation 439,Endurance,Barbell,Advanced,Legs,7.01,0.235
440,Kettlebell Overhead Press Variation 440,Endurance,Kettlebell,Advanced,Core,10.81,0.815
441,Bodyweight Dumbbell Curl Variation 441,Endurance,Bodyweight,Elite,Core,6.81,0.350
442,Cable Cable Fly Variation 442,Power,Cable,Intermediate,Shoulders,5.32,0.606
443,Kettlebell Lat Pulldown Variation 443,Core,Kettlebell,Advanced,Core,9.46,0.878
444,Machine Leg Press Variation 444,Strength,Machine,Beginner,Back,8.00,0.519
445,Barbell Barbell Row Variation 445,Rehab,Barbell,Intermediate,Back,7.74,0.788
446,Barbell Squat Variation 446,Power,Barbell,Intermediate,Core,10.03,0.771
447,Bands Tricep Extension Variation 447,Hypertrophy,Bands,Intermediate,Full Body,8.96,0.730
448,Dumbbell Barbell Row Variation 448,Endurance,Dumbbell,Intermediate,Legs,5.54,0.326
449,Machine Lunge Variation 449,Strength,Machine,Advanced,Full Body,9.75,0.841
450,Barbell Barbell Row Variation 450,Hypertrophy,Barbell,Advanced,Chest,4.92,0.646
451,Cable Calf Raise Variation 451,Power,Cable,Intermediate,Arms,3.12,0.815
452,Machine Crunch Variation 452,Hypertrophy,Machine,Intermediate,Arms,9.25,0.334
453,Cable Dumbbell Curl Variation 453,Core,Cable,Beginner,Core,6.77,0.555
454,Bodyweight Plank Variation 454,Rehab,Bodyweight,Beginner,Shoulders,4.96,0.357
455,Kettlebell Leg Press Variation 455,Strength,Kettlebell,Intermediate,Back,5.68,0.584
456,Kettlebell Lat Pulldown Variation 456,Rehab,Kettlebell,Intermediate,Back,10.40,0.512
457,Cable Leg Press Variation 457,Core,Cable,Beginner,Shoulders,11.52,0.787
458,Dumbbell Plank Variation 458,Power,Dumbbell,Intermediate,Legs,6.66,0.320
459,Machine Squat Variation 459,Hypertrophy,Machine,Intermediate,Back,5.83,0.252
460,Bodyweight Cable Fly Variation 460,Core,Bodyweight,Beginner,Shoulders,3.47,0.214
461,Machine Crunch Variation 461,Power,Machine,Advanced,Legs,3.34,0.816
462,Machine Crunch Variation 462,Power,Machine,Intermediate,Chest,5.87,0.116
463,Cable Plank Variation 463,Power,Cable,Advanced,Legs,9.83,0.860
464,Dumbbell Tricep Extension Variation 464,Rehab,Dumbbell,Elite,Full Body,8.92,0.176
465,Bodyweight Lunge Variation 465,Hypertrophy,Bodyweight,Beginner,Arms,7.82,0.733
466,Cable Bench Press Variation 466,Strength,Cable,Advanced,Full Body,3.73,0.224
467,Cable Barbell Row Variation 467,Rehab,Cable,Intermediate,Full Body,4.10,0.232
468,Bodyweight Lunge Variation 468,Power,Bodyweight,Intermediate,Back,10.50,0.378
469,Cable Overhead Press Variation 469,Strength,Cable,Elite,Core,10.62,0.590
470,Barbell Squat Variation 470,Strength,Barbell,Intermediate,Full Body,5.02,0.431
471,Bodyweight Barbell Row Variation 471,Hypertrophy,Bodyweight,Beginner,Arms,8.06,0.194
472,Machine Plank Variation 472,Power,Machine,Beginner,Full Body,10.93,0.445
473,Kettlebell Tricep Extension Variation 473,Core,Kettlebell,Advanced,Arms,9.79,0.408
474,Cable Lunge Variation 474,Rehab,Cable,Elite,Shoulders,11.31,0.146
475,Bands Deadlift Variation 475,Core,Bands,Intermediate,Core,5.99,0.439
476,Barbell Barbell Row Variation 476,Hypertrophy,Barbell,Beginner,Back,10.01,0.280
477,Bodyweight Deadlift Variation 477,Strength,Bodyweight,Advanced,Legs,3.82,0.131
478,Bodyweight Lat Pulldown Variation 478,Strength,Bodyweight,Elite,Legs,4.53,0.338
479,Kettlebell Plank Variation 479,Endurance,Kettlebell,Intermediate,Back,11.83,0.476
480,Dumbbell Crunch Variation 480,Rehab,Dumbbell,Advanced,Chest,7.40,0.235
481,Kettlebell Overhead Press Variation 481,Strength,Kettlebell,Advanced,Chest,6.51,0.343
482,Dumbbell Cable Fly Variation 482,Strength,Dumbbell,Intermediate,Core,6.18,0.161
483,Machine Dumbbell Curl Variation 483,Power,Machine,Elite,Back,3.98,0.702
484,Kettlebell Calf Raise Variation 484,Core,Kettlebell,Advanced,Core,7.05,0.781
485,Barbell Pull-up Variation 485,Power,Barbell,Intermediate,Back,7.66,0.474
486,Bodyweight Lunge Variation 486,Strength,Bodyweight,Intermediate,Back,10.07,0.707
487,Machine Deadlift Variation 487,Strength,Machine,Beginner,Core,9.76,0.558
488,Bands Dumbbell Curl Variation 488,Strength,Bands,Advanced,Legs,11.53,0.165
489,Barbell Calf Raise Variation 489,Rehab,Barbell,Elite,Arms,7.02,0.518
490,Machine Leg Press Variation 490,Hypertrophy,Machine,Elite,Shoulders,5.87,0.398
491,Dumbbell Pull-up Variation 491,Endurance,Dumbbell,Elite,Full Body,8.86,0.838
492,Kettlebell Crunch Variation 492,Core,Kettlebell,Intermediate,Back,5.19,0.560
493,Machine Lat Pulldown Variation 493,Endurance,Machine,Beginner,Chest,7.55,0.233
494,Cable Lunge Variation 494,Endurance,Cable,Beginner,Back,8.13,0.842
495,Dumbbell Plank Variation 495,Hypertrophy,Dumbbell,Advanced,Shoulders,7.55,0.416
496,Machine Lunge Variation 496,Strength,Machine,Beginner,Legs,7.67,0.670
497,Bodyweight Lat Pulldown Variation 497,Strength,Bodyweight,Intermediate,Shoulders,3.77,0.645
498,Bodyweight Overhead Press Variation 498,Core,Bodyweight,Advanced,Shoulders,10.32,0.743
499,Bands Calf Raise Variation 499,Hypertrophy,Bands,Beginner,Arms,10.10,0.149
500,Barbell Squat Variation 500,Hypertrophy,Barbell,Intermediate,Full Body,10.11,0.518
501,Cable Lat Pulldown Variation 501,Rehab,Cable,Intermediate,Core,10.10,0.670
502,Barbell Pull-up Variation 502,Endurance,Barbell,Intermediate,Shoulders,5.65,0.514
503,Dumbbell Calf Raise Variation 503,Core,Dumbbell,Advanced,Arms,6.30,0.729
504,Dumbbell Tricep Extension Variation 504,Strength,Dumbbell,Elite,Core,6.62,0.677
505,Barbell Pull-up Variation 505,Endurance,Barbell,Beginner,Chest,6.26,0.171
506,Machine Dumbbell Curl Variation 506,Strength,Machine,Advanced,Full Body,4.98,0.617
507,Dumbbell Cable Fly Variation 507,Endurance,Dumbbell,Elite,Chest,4.25,0.272
508,Cable Lat Pulldown Variation 508,Hypertrophy,Cable,Intermediate,Back,10.43,0.340
509,Cable Lunge Variation 509,Power,Cable,Advanced,Arms,3.22,0.379
510,Bands Squat Variation 510,Endurance,Bands,Intermediate,Back,3.47,0.240
511,Machine Squat Variation 511,Rehab,Machine,Intermediate,Shoulders,9.79,0.759
512,Bands Calf Raise Variation 512,Core,Bands,Intermediate,Core,11.14,0.488
513,Kettlebell Lat Pulldown Variation 513,Power,Kettlebell,Elite,Shoulders,6.33,0.821
514,Machine Overhead Press Variation 514,Core,Machine,Intermediate,Arms,4.63,0.234
515,Machine Lat Pulldown Variation 515,Core,Machine,Elite,Core,9.65,0.513
516,Bands Deadlift Variation 516,Power,Bands,Elite,Back,5.12,0.138
517,Cable Dumbbell Curl Variation 517,Endurance,Cable,Intermediate,Arms,8.49,0.887
518,Machine Leg Press Variation 518,Hypertrophy,Machine,Elite,Shoulders,3.36,0.844
519,Kettlebell Overhead Press Variation 519,Endurance,Kettlebell,Intermediate,Full Body,3.29,0.483
520,Machine Cable Fly Variation 520,Endurance,Machine,Advanced,Legs,11.26,0.130
521,Barbell Cable Fly Variation 521,Rehab,Barbell,Beginner,Full Body,3.25,0.253
522,Dumbbell Overhead Press Variation 522,Endurance,Dumbbell,Intermediate,Shoulders,8.60,0.747
523,Machine Lat Pulldown Variation 523,Power,Machine,Beginner,Arms,11.75,0.236
524,Bodyweight Lat Pulldown Variation 524,Endurance,Bodyweight,Intermediate,Full Body,10.52,0.238
525,Bodyweight Dumbbell Curl Variation 525,Hypertrophy,Bodyweight,Advanced,Legs,10.19,0.161
526,Cable Deadlift Variation 526,Strength,Cable,Advanced,Core,6.00,0.349
527,Bands Barbell Row Variation 527,Endurance,Bands,Intermediate,Chest,11.56,0.422
528,Dumbbell Dumbbell Curl Variation 528,Endurance,Dumbbell,Beginner,Legs,8.26,0.442
529,Bands Crunch Variation 529,Rehab,Bands,Advanced,Arms,10.54,0.195
530,Dumbbell Calf Raise Variation 530,Rehab,Dumbbell,Advanced,Arms,9.78,0.702
531,Machine Crunch Variation 531,Hypertrophy,Machine,Intermediate,Core,9.65,0.576
532,Bodyweight Plank Variation 532,Core,Bodyweight,Intermediate,Chest,5.25,0.458
533,Bodyweight Dumbbell Curl Variation 533,Endurance,Bodyweight,Beginner,Full Body,10.36,0.450
534,Machine Lat Pulldown Variation 534,Hypertrophy,Machine,Beginner,Shoulders,11.83,0.198
535,Kettlebell Crunch Variation 535,Strength,Kettlebell,Elite,Core,7.95,0.815
536,Bands Overhead Press Variation 536,Hypertrophy,Bands,Beginner,Legs,4.99,0.583
537,Bands Pull-up Variation 537,Endurance,Bands,Beginner,Full Body,9.78,0.594
538,Machine Cable Fly Variation 538,Power,Machine,Intermediate,Arms,9.13,0.453
539,Cable Deadlift Variation 539,Hypertrophy,Cable,Elite,Core,5.96,0.830
540,Kettlebell Barbell Row Variation 540,Strength,Kettlebell,Beginner,Chest,11.24,0.493
541,Barbell Deadlift Variation 541,Core,Barbell,Elite,Shoulders,3.47,0.783
542,Bands Barbell Row Variation 542,Core,Bands,Intermediate,Core,8.77,0.200
543,Kettlebell Dumbbell Curl Variation 543,Endurance,Kettlebell,Elite,Core,8.53,0.487
544,Dumbbell Lat Pulldown Variation 544,Hypertrophy,Dumbbell,Advanced,Legs,4.82,0.215
545,Barbell Bench Press Variation 545,Rehab,Barbell,Elite,Back,4.71,0.600
546,Barbell Bench Press Variation 546,Endurance,Barbell,Elite,Arms,5.31,0.736
547,Machine Dumbbell Curl Variation 547,Power,Machine,Beginner,Core,7.22,0.624
548,Bands Lunge Variation 548,Hypertrophy,Bands,Intermediate,Shoulders,8.11,0.479
549,Cable Lunge Variation 549,Hypertrophy,Cable,Elite,Arms,9.37,0.680
550,Dumbbell Calf Raise Variation 550,Strength,Dumbbell,Intermediate,Arms,9.23,0.164
551,Machine Crunch Variation 551,Power,Machine,Intermediate,Core,7.85,0.165
552,Bands Lunge Variation 552,Power,Bands,Advanced,Full Body,4.07,0.517
553,Machine Crunch Variation 553,Rehab,Machine,Intermediate,Back,6.02,0.693
554,Dumbbell Leg Press Variation 554,Core,Dumbbell,Advanced,Back,4.33,0.177
555,Bands Leg Press Variation 555,Rehab,Bands,Elite,Arms,4.56,0.204
556,Cable Calf Raise Variation 556,Core,Cable,Elite,Core,11.47,0.536
557,Machine Deadlift Variation 557,Endurance,Machine,Beginner,Shoulders,7.10,0.163
558,Barbell Calf Raise Variation 558,Power,Barbell,Advanced,Arms,9.02,0.750
559,Dumbbell Crunch Variation 559,Endurance,Dumbbell,Elite,Full Body,9.40,0.142
560,Bodyweight Bench Press Variation 560,Core,Bodyweight,Advanced,Legs,10.86,0.469
561,Barbell Tricep Extension Variation 561,Endurance,Barbell,Advanced,Back,6.32,0.615
562,Dumbbell Cable Fly Variation 562,Strength,Dumbbell,Intermediate,Shoulders,9.68,0.241
563,Bodyweight Bench Press Variation 563,Core,Bodyweight,Advanced,Core,8.42,0.119
564,Kettlebell Tricep Extension Variation 564,Hypertrophy,Kettlebell,Advanced,Chest,6.20,0.658
565,Kettlebell Lat Pulldown Variation 565,Strength,Kettlebell,Beginner,Legs,6.59,0.822
566,Cable Calf Raise Variation 566,Core,Cable,Advanced,Legs,7.58,0.741
567,Bands Leg Press Variation 567,Endurance,Bands,Beginner,Chest,4.23,0.605
568,Machine Pull-up Variation 568,Rehab,Machine,Elite,Back,4.55,0.463
569,Kettlebell Bench Press Variation 569,Hypertrophy,Kettlebell,Advanced,Core,5.03,0.237
570,Machine Bench Press Variation 570,Power,Machine,Advanced,Arms,3.61,0.234
571,Bodyweight Crunch Variation 571,Rehab,Bodyweight,Intermediate,Shoulders,8.55,0.523
572,Barbell Cable Fly Variation 572,Strength,Barbell,Intermediate,Chest,11.93,0.787
573,Machine Pull-up Variation 573,Core,Machine,Beginner,Arms,11.42,0.862
574,Bands Deadlift Variation 574,Endurance,Bands,Advanced,Full Body,7.35,0.759
575,Machine Plank Variation 575,Core,Machine,Advanced,Arms,9.98,0.817
576,Bands Overhead Press Variation 576,Core,Bands,Intermediate,Back,11.20,0.590
577,Cable Cable Fly Variation 577,Endurance,Cable,Advanced,Shoulders,6.55,0.271
578,Bands Deadlift Variation 578,Endurance,Bands,Advanced,Legs,5.01,0.427
579,Bands Lat Pulldown Variation 579,Rehab,Bands,Intermediate,Back,8.71,0.555
580,Bodyweight Cable Fly Variation 580,Rehab,Bodyweight,Beginner,Arms,5.01,0.310
581,Bands Overhead Press Variation 581,Core,Bands,Advanced,Arms,8.42,0.637
582,Bodyweight Calf Raise Variation 582,Strength,Bodyweight,Beginner,Chest,5.25,0.128
583,Dumbbell Leg Press Variation 583,Endurance,Dumbbell,Beginner,Core,8.35,0.421
584,Dumbbell Deadlift Variation 584,Strength,Dumbbell,Advanced,Shoulders,7.64,0.703
585,Bands Cable Fly Variation 585,Power,Bands,Advanced,Chest,7.29,0.419
586,Bodyweight Lat Pulldown Variation 586,Strength,Bodyweight,Elite,Shoulders,5.90,0.810
587,Bodyweight Barbell Row Variation 587,Strength,Bodyweight,Beginner,Arms,8.85,0.390
588,Dumbbell Cable Fly Variation 588,Core,Dumbbell,Intermediate,Chest,5.42,0.216
589,Dumbbell Plank Variation 589,Hypertrophy,Dumbbell,Intermediate,Legs,3.90,0.557
590,Barbell Tricep Extension Variation 590,Power,Barbell,Advanced,Chest,8.17,0.708
591,Barbell Tricep Extension Variation 591,Strength,Barbell,Elite,Core,6.20,0.870
592,Machine Dumbbell Curl Variation 592,Hypertrophy,Machine,Advanced,Core,7.92,0.636
593,Dumbbell Overhead Press Variation 593,Core,Dumbbell,Elite,Legs,3.08,0.833
594,Kettlebell Plank Variation 594,Endurance,Kettlebell,Elite,Core,11.13,0.696
595,Machine Lunge Variation 595,Core,Machine,Beginner,Shoulders,5.52,0.435
596,Kettlebell Tricep Extension Variation 596,Endurance,Kettlebell,Intermediate,Legs,3.43,0.114
597,Bodyweight Cable Fly Variation 597,Endurance,Bodyweight,Beginner,Legs,8.23,0.442
598,Kettlebell Deadlift Variation 598,Rehab,Kettlebell,Elite,Chest,6.26,0.799
599,Bodyweight Bench Press Variation 599,Power,Bodyweight,Elite,Full Body,7.65,0.382
600,Barbell Barbell Row Variation 600,Endurance,Barbell,Elite,Legs,9.92,0.117
601,Machine Leg Press Variation 601,Core,Machine,Elite,Shoulders,9.99,0.444
602,Cable Overhead Press Variation 602,Power,Cable,Intermediate,Core,11.28,0.380
603,Machine Dumbbell Curl Variation 603,Power,Machine,Intermediate,Arms,6.37,0.322
604,Cable Pull-up Variation 604,Strength,Cable,Advanced,Core,9.59,0.170
605,Cable Deadlift Variation 605,Power,Cable,Intermediate,Legs,3.79,0.284
606,Cable Lunge Variation 606,Core,Cable,Intermediate,Core,8.74,0.552
607,Kettlebell Crunch Variation 607,Strength,Kettlebell,Intermediate,Full Body,10.38,0.785
608,Bands Barbell Row Variation 608,Strength,Bands,Intermediate,Full Body,4.62,0.532
609,Cable Plank Variation 609,Endurance,Cable,Beginner,Legs,7.28,0.112
610,Dumbbell Plank Variation 610,Power,Dumbbell,Beginner,Full Body,3.21,0.524
611,Dumbbell Squat Variation 611,Endurance,Dumbbell,Advanced,Chest,4.56,0.279
612,Bodyweight Overhead Press Variation 612,Core,Bodyweight,Intermediate,Arms,5.92,0.446
613,Barbell Tricep Extension Variation 613,Rehab,Barbell,Advanced,Legs,5.43,0.178
614,Bodyweight Plank Variation 614,Power,Bodyweight,Intermediate,Chest,6.27,0.752
615,Bodyweight Pull-up Variation 615,Rehab,Bodyweight,Intermediate,Full Body,10.65,0.191
616,Machine Dumbbell Curl Variation 616,Core,Machine,Advanced,Arms,10.42,0.673
617,Bodyweight Leg Press Variation 617,Power,Bodyweight,Advanced,Chest,6.46,0.335
618,Bodyweight Bench Press Variation 618,Power,Bodyweight,Advanced,Full Body,3.08,0.777
619,Kettlebell Barbell Row Variation 619,Endurance,Kettlebell,Intermediate,Legs,9.11,0.337
620,Bodyweight Pull-up Variation 620,Hypertrophy,Bodyweight,Advanced,Legs,11.33,0.235
621,Cable Squat Variation 621,Hypertrophy,Cable,Advanced,Back,10.68,0.366
622,Bands Overhead Press Variation 622,Rehab,Bands,Beginner,Arms,9.17,0.322
623,Bands Calf Raise Variation 623,Hypertrophy,Bands,Elite,Back,10.86,0.551
624,Kettlebell Barbell Row Variation 624,Rehab,Kettlebell,Intermediate,Back,9.60,0.806
625,Machine Plank Variation 625,Hypertrophy,Machine,Elite,Chest,6.12,0.870
626,Machine Cable Fly Variation 626,Hypertrophy,Machine,Advanced,Core,5.71,0.828
627,Dumbbell Plank Variation 627,Rehab,Dumbbell,Intermediate,Back,10.65,0.165
628,Barbell Plank Variation 628,Core,Barbell,Advanced,Arms,11.29,0.703
629,Machine Lunge Variation 629,Rehab,Machine,Intermediate,Legs,4.47,0.792
630,Bodyweight Lunge Variation 630,Core,Bodyweight,Intermediate,Chest,11.92,0.387
631,Cable Cable Fly Variation 631,Rehab,Cable,Beginner,Core,10.02,0.157
632,Dumbbell Lat Pulldown Variation 632,Hypertrophy,Dumbbell,Beginner,Full Body,6.75,0.390
633,Bodyweight Tricep Extension Variation 633,Rehab,Bodyweight,Elite,Back,4.60,0.890
634,Bodyweight Barbell Row Variation 634,Hypertrophy,Bodyweight,Elite,Shoulders,5.11,0.666
635,Machine Crunch Variation 635,Hypertrophy,Machine,Intermediate,Core,8.97,0.795
636,Bands Overhead Press Variation 636,Endurance,Bands,Advanced,Legs,11.64,0.389
637,Dumbbell Bench Press Variation 637,Core,Dumbbell,Advanced,Legs,6.00,0.635
638,Kettlebell Dumbbell Curl Variation 638,Endurance,Kettlebell,Advanced,Chest,11.19,0.304
639,Bodyweight Bench Press Variation 639,Rehab,Bodyweight,Intermediate,Legs,9.21,0.494
640,Machine Overhead Press Variation 640,Hypertrophy,Machine,Advanced,Legs,3.33,0.249
641,Machine Squat Variation 641,Strength,Machine,Elite,Core,9.39,0.334
642,Machine Lunge Variation 642,Power,Machine,Intermediate,Arms,8.12,0.517
643,Bodyweight Tricep Extension Variation 643,Rehab,Bodyweight,Advanced,Arms,6.72,0.721
644,Machine Calf Raise Variation 644,Hypertrophy,Machine,Intermediate,Back,10.18,0.691
645,Dumbbell Pull-up Variation 645,Power,Dumbbell,Intermediate,Full Body,4.42,0.258
646,Cable Barbell Row Variation 646,Rehab,Cable,Elite,Back,7.87,0.311
647,Dumbbell Tricep Extension Variation 647,Power,Dumbbell,Advanced,Legs,3.72,0.662
648,Kettlebell Plank Variation 648,Endurance,Kettlebell,Intermediate,Arms,7.66,0.106
649,Bands Deadlift Variation 649,Rehab,Bands,Advanced,Shoulders,7.09,0.362
650,Bodyweight Overhead Press Variation 650,Rehab,Bodyweight,Elite,Chest,3.07,0.531
651,Dumbbell Dumbbell Curl Variation 651,Endurance,Dumbbell,Beginner,Shoulders,5.94,0.594
652,Barbell Dumbbell Curl Variation 652,Strength,Barbell,Advanced,Full Body,9.94,0.851
653,Cable Squat Variation 653,Rehab,Cable,Intermediate,Core,6.19,0.594
654,Bodyweight Cable Fly Variation 654,Rehab,Bodyweight,Intermediate,Arms,5.17,0.352
655,Bands Calf Raise Variation 655,Strength,Bands,Beginner,Full Body,3.71,0.744
656,Kettlebell Deadlift Variation 656,Strength,Kettlebell,Intermediate,Shoulders,9.94,0.870
657,Machine Lat Pulldown Variation 657,Core,Machine,Elite,Legs,9.16,0.636
658,Cable Tricep Extension Variation 658,Rehab,Cable,Intermediate,Full Body,10.24,0.550
659,Dumbbell Bench Press Variation 659,Core,Dumbbell,Intermediate,Core,7.02,0.653
660,Cable Squat Variation 660,Strength,Cable,Beginner,Back,4.45,0.715
661,Barbell Lat Pulldown Variation 661,Core,Barbell,Elite,Arms,9.66,0.679
662,Bodyweight Barbell Row Variation 662,Power,Bodyweight,Advanced,Core,6.68,0.649
663,Dumbbell Tricep Extension Variation 663,Power,Dumbbell,Elite,Core,4.90,0.793
664,Barbell Deadlift Variation 664,Power,Barbell,Beginner,Chest,5.34,0.637
665,Kettlebell Dumbbell Curl Variation 665,Power,Kettlebell,Beginner,Legs,3.07,0.721
666,Dumbbell Overhead Press Variation 666,Core,Dumbbell,Advanced,Back,3.43,0.121
667,Dumbbell Barbell Row Variation 667,Rehab,Dumbbell,Advanced,Back,11.31,0.224
668,Cable Pull-up Variation 668,Strength,Cable,Intermediate,Back,11.86,0.429
669,Kettlebell Pull-up Variation 669,Power,Kettlebell,Elite,Shoulders,10.79,0.318
670,Bands Bench Press Variation 670,Endurance,Bands,Elite,Arms,6.77,0.111
671,Cable Overhead Press Variation 671,Core,Cable,Elite,Full Body,6.66,0.728
672,Kettlebell Bench Press Variation 672,Hypertrophy,Kettlebell,Elite,Chest,5.78,0.306
673,Bodyweight Tricep Extension Variation 673,Rehab,Bodyweight,Beginner,Core,4.84,0.397
674,Machine Tricep Extension Variation 674,Rehab,Machine,Intermediate,Arms,5.93,0.448
675,Barbell Leg Press Variation 675,Power,Barbell,Intermediate,Full Body,3.69,0.360
676,Machine Crunch Variation 676,Core,Machine,Advanced,Arms,3.21,0.618
677,Barbell Squat Variation 677,Core,Barbell,Beginner,Core,10.62,0.778
678,Dumbbell Deadlift Variation 678,Power,Dumbbell,Advanced,Full Body,9.04,0.177
679,Bands Deadlift Variation 679,Endurance,Bands,Advanced,Full Body,5.56,0.162
680,Barbell Lat Pulldown Variation 680,Hypertrophy,Barbell,Elite,Full Body,9.57,0.510
681,Bands Deadlift Variation 681,Power,Bands,Advanced,Chest,4.09,0.749
682,Bodyweight Calf Raise Variation 682,Endurance,Bodyweight,Beginner,Legs,11.77,0.823
683,Machine Squat Variation 683,Power,Machine,Intermediate,Legs,4.05,0.838
684,Machine Calf Raise Variation 684,Core,Machine,Intermediate,Core,6.46,0.320
685,Bands Overhead Press Variation 685,Core,Bands,Intermediate,Core,6.81,0.273
686,Bands Squat Variation 686,Strength,Bands,Advanced,Back,9.33,0.391
687,Bands Calf Raise Variation 687,Core,Bands,Elite,Shoulders,8.16,0.867
688,Barbell Crunch Variation 688,Core,Barbell,Advanced,Shoulders,4.04,0.351
689,Bodyweight Lat Pulldown Variation 689,Core,Bodyweight,Intermediate,Shoulders,7.38,0.845
690,Cable Squat Variation 690,Rehab,Cable,Intermediate,Full Body,11.90,0.795
691,Kettlebell Deadlift Variation 691,Core,Kettlebell,Beginner,Chest,11.50,0.741
692,Kettlebell Crunch Variation 692,Hypertrophy,Kettlebell,Elite,Legs,5.59,0.872
693,Dumbbell Crunch Variation 693,Strength,Dumbbell,Elite,Arms,6.67,0.640
694,Machine Lat Pulldown Variation 694,Hypertrophy,Machine,Elite,Full Body,3.59,0.732
695,Bodyweight Tricep Extension Variation 695,Power,Bodyweight,Elite,Legs,11.18,0.570
696,Cable Pull-up Variation 696,Core,Cable,Intermediate,Full Body,9.86,0.153
697,Machine Barbell Row Variation 697,Power,Machine,Advanced,Arms,7.44,0.242
698,Bands Deadlift Variation 698,Endurance,Bands,Elite,Full Body,8.14,0.754
699,Kettlebell Squat Variation 699,Strength,Kettlebell,Beginner,Shoulders,4.91,0.308
700,Barbell Crunch Variation 700,Rehab,Barbell,Intermediate,Chest,10.43,0.172
701,Bands Deadlift Variation 701,Strength,Bands,Advanced,Shoulders,11.46,0.615
702,Bodyweight Barbell Row Variation 702,Power,Bodyweight,Elite,Core,4.19,0.254
703,Cable Tricep Extension Variation 703,Rehab,Cable,Intermediate,Legs,11.02,0.769
704,Bodyweight Cable Fly Variation 704,Hypertrophy,Bodyweight,Elite,Shoulders,10.60,0.610
705,Kettlebell Overhead Press Variation 705,Power,Kettlebell,Beginner,Core,10.63,0.410
706,Bands Lat Pulldown Variation 706,Rehab,Bands,Intermediate,Legs,11.30,0.656
707,Kettlebell Leg Press Variation 707,Hypertrophy,Kettlebell,Advanced,Shoulders,9.12,0.208
708,Barbell Squat Variation 708,Power,Barbell,Advanced,Arms,10.93,0.559
709,Barbell Crunch Variation 709,Strength,Barbell,Intermediate,Shoulders,8.76,0.787
710,Machine Deadlift Variation 710,Endurance,Machine,Beginner,Shoulders,8.90,0.512
711,Barbell Plank Variation 711,Strength,Barbell,Advanced,Core,4.46,0.773
712,Machine Leg Press Variation 712,Rehab,Machine,Elite,Legs,3.11,0.674
713,Bodyweight Bench Press Variation 713,Core,Bodyweight,Elite,Core,3.31,0.807
714,Dumbbell Overhead Press Variation 714,Core,Dumbbell,Intermediate,Full Body,9.32,0.478
715,Cable Bench Press Variation 715,Rehab,Cable,Intermediate,Back,3.71,0.339
716,Barbell Bench Press Variation 716,Strength,Barbell,Beginner,Core,3.95,0.743
717,Bands Dumbbell Curl Variation 717,Power,Bands,Advanced,Arms,5.67,0.615
718,Kettlebell Cable Fly Variation 718,Strength,Kettlebell,Elite,Core,5.33,0.805
719,Barbell Plank Variation 719,Endurance,Barbell,Elite,Back,7.27,0.182
720,Cable Lat Pulldown Variation 720,Hypertrophy,Cable,Advanced,Core,6.00,0.310
721,Bands Deadlift Variation 721,Endurance,Bands,Advanced,Core,6.32,0.142
722,Bands Lat Pulldown Variation 722,Hypertrophy,Bands,Advanced,Core,8.04,0.767
723,Kettlebell Cable Fly Variation 723,Endurance,Kettlebell,Elite,Core,4.46,0.835
724,Cable Bench Press Variation 724,Rehab,Cable,Elite,Chest,10.48,0.704
725,Bodyweight Leg Press Variation 725,Power,Bodyweight,Advanced,Back,4.65,0.119
726,Dumbbell Pull-up Variation 726,Power,Dumbbell,Intermediate,Back,11.26,0.579
727,Bodyweight Deadlift Variation 727,Power,Bodyweight,Elite,Full Body,9.83,0.609
728,Barbell Barbell Row Variation 728,Power,Barbell,Intermediate,Shoulders,3.65,0.833
729,Bodyweight Lunge Variation 729,Rehab,Bodyweight,Advanced,Core,10.81,0.288
730,Bands Plank Variation 730,Rehab,Bands,Intermediate,Shoulders,10.12,0.343
731,Machine Deadlift Variation 731,Endurance,Machine,Elite,Chest,3.29,0.390
732,Machine Lat Pulldown Variation 732,Core,Machine,Elite,Back,6.01,0.716
733,Kettlebell Tricep Extension Variation 733,Endurance,Kettlebell,Intermediate,Arms,9.90,0.137
734,Bands Tricep Extension Variation 734,Hypertrophy,Bands,Beginner,Legs,3.33,0.262
735,Barbell Overhead Press Variation 735,Power,Barbell,Elite,Legs,7.77,0.312
736,Kettlebell Tricep Extension Variation 736,Endurance,Kettlebell,Advanced,Legs,10.15,0.598
737,Kettlebell Tricep Extension Variation 737,Core,Kettlebell,Advanced,Legs,3.60,0.437
738,Dumbbell Dumbbell Curl Variation 738,Power,Dumbbell,Elite,Shoulders,7.77,0.367
739,Kettlebell Deadlift Variation 739,Endurance,Kettlebell,Advanced,Shoulders,9.35,0.852
740,Cable Calf Raise Variation 740,Hypertrophy,Cable,Intermediate,Arms,4.13,0.301
741,Machine Lat Pulldown Variation 741,Core,Machine,Intermediate,Full Body,5.15,0.572
742,Cable Bench Press Variation 742,Core,Cable,Beginner,Chest,11.51,0.524
743,Barbell Barbell Row Variation 743,Strength,Barbell,Advanced,Arms,11.94,0.425
744,Barbell Squat Variation 744,Rehab,Barbell,Advanced,Shoulders,10.28,0.123
745,Cable Barbell Row Variation 745,Core,Cable,Beginner,Legs,9.44,0.532
746,Bodyweight Barbell Row Variation 746,Rehab,Bodyweight,Intermediate,Shoulders,3.68,0.537
747,Kettlebell Deadlift Variation 747,Endurance,Kettlebell,Beginner,Full Body,7.27,0.820
748,Barbell Cable Fly Variation 748,Core,Barbell,Beginner,Core,11.50,0.608
749,Bodyweight Deadlift Variation 749,Core,Bodyweight,Advanced,Shoulders,6.71,0.690
750,Dumbbell Barbell Row Variation 750,Strength,Dumbbell,Beginner,Chest,7.29,0.836
751,Barbell Lat Pulldown Variation 751,Rehab,Barbell,Elite,Full Body,8.62,0.447
752,Cable Lat Pulldown Variation 752,Core,Cable,Beginner,Core,6.22,0.142
753,Barbell Cable Fly Variation 753,Rehab,Barbell,Elite,Arms,6.01,0.633
754,Machine Lat Pulldown Variation 754,Power,Machine,Intermediate,Chest,5.11,0.265
755,Cable Deadlift Variation 755,Hypertrophy,Cable,Elite,Back,11.46,0.479
756,Bodyweight Squat Variation 756,Hypertrophy,Bodyweight,Advanced,Legs,6.78,0.273
757,Bands Squat Variation 757,Core,Bands,Beginner,Chest,7.37,0.667
758,Bodyweight Dumbbell Curl Variation 758,Rehab,Bodyweight,Beginner,Back,11.13,0.171
759,Dumbbell Barbell Row Variation 759,Strength,Dumbbell,Intermediate,Back,3.80,0.655
760,Kettlebell Cable Fly Variation 760,Rehab,Kettlebell,Beginner,Core,5.91,0.478
761,Kettlebell Tricep Extension Variation 761,Core,Kettlebell,Intermediate,Arms,11.23,0.598
762,Kettlebell Dumbbell Curl Variation 762,Power,Kettlebell,Elite,Arms,7.59,0.713
763,Cable Barbell Row Variation 763,Core,Cable,Intermediate,Legs,9.99,0.505
764,Bands Barbell Row Variation 764,Strength,Bands,Advanced,Shoulders,3.18,0.435
765,Cable Cable Fly Variation 765,Core,Cable,Beginner,Legs,6.93,0.847
766,Machine Cable Fly Variation 766,Strength,Machine,Advanced,Chest,5.57,0.721
767,Bands Lat Pulldown Variation 767,Power,Bands,Elite,Arms,11.37,0.687
768,Cable Lunge Variation 768,Rehab,Cable,Advanced,Arms,6.71,0.466
769,Barbell Plank Variation 769,Hypertrophy,Barbell,Intermediate,Chest,9.03,0.850
770,Bands Squat Variation 770,Endurance,Bands,Intermediate,Shoulders,8.15,0.312
771,Bodyweight Dumbbell Curl Variation 771,Strength,Bodyweight,Intermediate,Full Body,8.73,0.220
772,Cable Overhead Press Variation 772,Rehab,Cable,Elite,Legs,7.07,0.753
773,Dumbbell Crunch Variation 773,Power,Dumbbell,Advanced,Legs,7.42,0.806
774,Cable Bench Press Variation 774,Hypertrophy,Cable,Advanced,Core,7.98,0.248
775,Machine Pull-up Variation 775,Rehab,Machine,Elite,Legs,9.45,0.158
776,Barbell Overhead Press Variation 776,Strength,Barbell,Beginner,Legs,8.51,0.449
777,Bodyweight Lat Pulldown Variation 777,Power,Bodyweight,Advanced,Core,10.59,0.153
778,Cable Leg Press Variation 778,Endurance,Cable,Beginner,Chest,6.34,0.788
779,Dumbbell Barbell Row Variation 779,Endurance,Dumbbell,Advanced,Arms,5.83,0.496
780,Bodyweight Crunch Variation 780,Hypertrophy,Bodyweight,Intermediate,Legs,9.19,0.532
781,Machine Bench Press Variation 781,Hypertrophy,Machine,Intermediate,Core,7.55,0.432
782,Kettlebell Squat Variation 782,Hypertrophy,Kettlebell,Elite,Legs,9.51,0.360
783,Cable Cable Fly Variation 783,Hypertrophy,Cable,Advanced,Legs,10.36,0.762
784,Barbell Tricep Extension Variation 784,Core,Barbell,Intermediate,Full Body,9.10,0.238
785,Bands Tricep Extension Variation 785,Power,Bands,Advanced,Core,5.23,0.282
786,Dumbbell Crunch Variation 786,Rehab,Dumbbell,Intermediate,Back,3.82,0.777
787,Machine Calf Raise Variation 787,Power,Machine,Advanced,Full Body,9.26,0.898
788,Machine Crunch Variation 788,Rehab,Machine,Elite,Legs,3.33,0.455
789,Kettlebell Leg Press Variation 789,Core,Kettlebell,Advanced,Legs,9.95,0.275
790,Kettlebell Bench Press Variation 790,Strength,Kettlebell,Intermediate,Full Body,8.39,0.258
791,Dumbbell Deadlift Variation 791,Strength,Dumbbell,Intermediate,Back,4.05,0.680
792,Bands Overhead Press Variation 792,Power,Bands,Intermediate,Arms,3.14,0.143
793,Cable Deadlift Variation 793,Hypertrophy,Cable,Elite,Core,3.57,0.376
794,Barbell Leg Press Variation 794,Hypertrophy,Barbell,Beginner,Back,4.81,0.645
795,Barbell Crunch Variation 795,Hypertrophy,Barbell,Beginner,Arms,6.06,0.305
796,Kettlebell Bench Press Variation 796,Endurance,Kettlebell,Advanced,Arms,11.40,0.549
797,Machine Lat Pulldown Variation 797,Strength,Machine,Beginner,Core,8.04,0.317
798,Dumbbell Barbell Row Variation 798,Core,Dumbbell,Beginner,Shoulders,7.25,0.105
799,Barbell Pull-up Variation 799,Power,Barbell,Advanced,Back,4.09,0.555
800,Bodyweight Deadlift Variation 800,Hypertrophy,Bodyweight,Elite,Chest,7.38,0.543
801,Cable Plank Variation 801,Hypertrophy,Cable,Advanced,Legs,5.43,0.336
802,Barbell Calf Raise Variation 802,Rehab,Barbell,Intermediate,Core,9.61,0.401
803,Dumbbell Dumbbell Curl Variation 803,Rehab,Dumbbell,Beginner,Full Body,8.40,0.692
804,Barbell Tricep Extension Variation 804,Power,Barbell,Beginner,Chest,4.49,0.574
805,Bodyweight Leg Press Variation 805,Core,Bodyweight,Elite,Arms,6.39,0.610
806,Machine Bench Press Variation 806,Core,Machine,Elite,Core,10.72,0.728
807,Cable Overhead Press Variation 807,Power,Cable,Intermediate,Arms,7.44,0.689
808,Barbell Barbell Row Variation 808,Endurance,Barbell,Beginner,Arms,11.39,0.435
809,Bodyweight Crunch Variation 809,Core,Bodyweight,Intermediate,Full Body,6.11,0.281
810,Bands Squat Variation 810,Rehab,Bands,Elite,Legs,7.84,0.262
811,Cable Squat Variation 811,Endurance,Cable,Intermediate,Legs,3.15,0.638
812,Barbell Overhead Press Variation 812,Strength,Barbell,Beginner,Back,9.70,0.622
813,Cable Bench Press Variation 813,Endurance,Cable,Advanced,Chest,4.73,0.829
814,Machine Plank Variation 814,Rehab,Machine,Beginner,Full Body,9.18,0.613
815,Barbell Dumbbell Curl Variation 815,Endurance,Barbell,Elite,Legs,8.78,0.840
816,Bands Pull-up Variation 816,Hypertrophy,Bands,Intermediate,Core,7.57,0.583
817,Cable Deadlift Variation 817,Power,Cable,Advanced,Core,8.50,0.325
818,Bodyweight Pull-up Variation 818,Endurance,Bodyweight,Elite,Arms,3.39,0.241
819,Kettlebell Overhead Press Variation 819,Power,Kettlebell,Intermediate,Chest,3.93,0.893
820,Barbell Tricep Extension Variation 820,Core,Barbell,Elite,Chest,3.68,0.371
821,Bodyweight Crunch Variation 821,Power,Bodyweight,Intermediate,Arms,3.13,0.186
822,Dumbbell Dumbbell Curl Variation 822,Power,Dumbbell,Beginner,Full Body,7.99,0.237
823,Kettlebell Overhead Press Variation 823,Endurance,Kettlebell,Advanced,Shoulders,6.01,0.716
824,Barbell Pull-up Variation 824,Power,Barbell,Elite,Arms,11.79,0.379
825,Barbell Lunge Variation 825,Hypertrophy,Barbell,Beginner,Shoulders,6.29,0.435
826,Bodyweight Pull-up Variation 826,Rehab,Bodyweight,Elite,Chest,9.79,0.128
827,Dumbbell Crunch Variation 827,Strength,Dumbbell,Elite,Full Body,9.88,0.547
828,Cable Lunge Variation 828,Endurance,Cable,Advanced,Core,10.13,0.797
829,Machine Crunch Variation 829,Core,Machine,Advanced,Legs,4.36,0.628
830,Barbell Bench Press Variation 830,Endurance,Barbell,Advanced,Shoulders,11.36,0.393
831,Dumbbell Pull-up Variation 831,Hypertrophy,Dumbbell,Advanced,Full Body,5.34,0.448
832,Cable Crunch Variation 832,Endurance,Cable,Beginner,Core,11.93,0.831
833,Bodyweight Cable Fly Variation 833,Endurance,Bodyweight,Advanced,Core,5.09,0.538
834,Barbell Lat Pulldown Variation 834,Core,Barbell,Advanced,Shoulders,4.12,0.376
835,Barbell Leg Press Variation 835,Hypertrophy,Barbell,Advanced,Full Body,9.88,0.289
836,Bodyweight Barbell Row Variation 836,Endurance,Bodyweight,Beginner,Back,5.04,0.889
837,Barbell Bench Press Variation 837,Strength,Barbell,Advanced,Arms,7.43,0.485
838,Barbell Crunch Variation 838,Rehab,Barbell,Intermediate,Legs,3.16,0.299
839,Cable Calf Raise Variation 839,Rehab,Cable,Intermediate,Shoulders,11.06,0.638
840,Dumbbell Barbell Row Variation 840,Strength,Dumbbell,Beginner,Legs,7.44,0.171
841,Bodyweight Overhead Press Variation 841,Hypertrophy,Bodyweight,Beginner,Core,8.92,0.632
842,Kettlebell Lunge Variation 842,Endurance,Kettlebell,Advanced,Chest,8.13,0.557
843,Dumbbell Tricep Extension Variation 843,Hypertrophy,Dumbbell,Advanced,Full Body,6.05,0.199
844,Kettlebell Lat Pulldown Variation 844,Hypertrophy,Kettlebell,Advanced,Back,7.24,0.384
845,Cable Dumbbell Curl Variation 845,Power,Cable,Advanced,Core,9.00,0.892
846,Machine Plank Variation 846,Rehab,Machine,Intermediate,Arms,11.49,0.275
847,Dumbbell Calf Raise Variation 847,Rehab,Dumbbell,Beginner,Full Body,3.98,0.882
848,Barbell Lat Pulldown Variation 848,Hypertrophy,Barbell,Advanced,Chest,7.51,0.734
849,Cable Deadlift Variation 849,Hypertrophy,Cable,Advanced,Full Body,5.22,0.868
850,Dumbbell Dumbbell Curl Variation 850,Hypertrophy,Dumbbell,Elite,Full Body,11.20,0.672
851,Dumbbell Deadlift Variation 851,Strength,Dumbbell,Intermediate,Full Body,11.76,0.567
852,Barbell Cable Fly Variation 852,Rehab,Barbell,Elite,Shoulders,4.67,0.317
853,Dumbbell Plank Variation 853,Core,Dumbbell,Beginner,Arms,4.23,0.728
854,Bodyweight Lat Pulldown Variation 854,Endurance,Bodyweight,Advanced,Shoulders,5.61,0.112
855,Machine Lat Pulldown Variation 855,Core,Machine,Elite,Arms,7.20,0.495
856,Barbell Crunch Variation 856,Rehab,Barbell,Advanced,Chest,10.01,0.118
857,Cable Cable Fly Variation 857,Power,Cable,Intermediate,Chest,4.19,0.567
858,Bands Dumbbell Curl Variation 858,Endurance,Bands,Beginner,Core,3.48,0.124
859,Barbell Deadlift Variation 859,Hypertrophy,Barbell,Advanced,Legs,7.23,0.640
860,Cable Calf Raise Variation 860,Core,Cable,Elite,Back,11.41,0.114
861,Bands Bench Press Variation 861,Strength,Bands,Elite,Back,7.30,0.108
862,Bodyweight Crunch Variation 862,Strength,Bodyweight,Advanced,Arms,10.22,0.196
863,Kettlebell Plank Variation 863,Strength,Kettlebell,Intermediate,Arms,10.79,0.547
864,Bodyweight Leg Press Variation 864,Strength,Bodyweight,Intermediate,Core,7.16,0.894
865,Cable Lat Pulldown Variation 865,Hypertrophy,Cable,Intermediate,Shoulders,7.13,0.164
866,Machine Cable Fly Variation 866,Endurance,Machine,Intermediate,Full Body,11.41,0.533
867,Barbell Lat Pulldown Variation 867,Endurance,Barbell,Beginner,Chest,11.45,0.669
868,Cable Leg Press Variation 868,Strength,Cable,Intermediate,Back,3.71,0.290
869,Machine Overhead Press Variation 869,Power,Machine,Elite,Full Body,7.19,0.713
870,Bands Lunge Variation 870,Endurance,Bands,Elite,Shoulders,4.83,0.240
871,Cable Plank Variation 871,Hypertrophy,Cable,Advanced,Arms,4.38,0.455
872,Bodyweight Calf Raise Variation 872,Core,Bodyweight,Advanced,Full Body,6.05,0.128
873,Dumbbell Overhead Press Variation 873,Rehab,Dumbbell,Intermediate,Core,10.79,0.161
874,Kettlebell Pull-up Variation 874,Power,Kettlebell,Elite,Full Body,9.44,0.847
875,Bands Crunch Variation 875,Power,Bands,Beginner,Chest,11.85,0.827
876,Barbell Barbell Row Variation 876,Core,Barbell,Advanced,Shoulders,10.72,0.663
877,Cable Tricep Extension Variation 877,Endurance,Cable,Beginner,Chest,7.89,0.639
878,Dumbbell Leg Press Variation 878,Rehab,Dumbbell,Elite,Chest,5.50,0.331
879,Machine Lunge Variation 879,Hypertrophy,Machine,Elite,Legs,3.96,0.306
880,Bodyweight Tricep Extension Variation 880,Core,Bodyweight,Beginner,Full Body,4.80,0.244
881,Cable Cable Fly Variation 881,Strength,Cable,Beginner,Shoulders,6.29,0.728
882,Dumbbell Calf Raise Variation 882,Power,Dumbbell,Intermediate,Full Body,3.47,0.618
883,Bands Lat Pulldown Variation 883,Hypertrophy,Bands,Elite,Arms,7.53,0.773
884,Kettlebell Bench Press Variation 884,Strength,Kettlebell,Intermediate,Core,9.00,0.723
885,Kettlebell Lat Pulldown Variation 885,Rehab,Kettlebell,Advanced,Arms,5.55,0.790
886,Machine Tricep Extension Variation 886,Hypertrophy,Machine,Intermediate,Back,10.34,0.490
887,Machine Deadlift Variation 887,Hypertrophy,Machine,Elite,Full Body,5.60,0.296
888,Kettlebell Cable Fly Variation 888,Hypertrophy,Kettlebell,Beginner,Arms,10.38,0.800
889,Bands Crunch Variation 889,Strength,Bands,Advanced,Arms,5.08,0.723
890,Dumbbell Deadlift Variation 890,Rehab,Dumbbell,Elite,Core,4.65,0.702
891,Kettlebell Tricep Extension Variation 891,Power,Kettlebell,Elite,Full Body,10.23,0.428
892,Kettlebell Tricep Extension Variation 892,Strength,Kettlebell,Advanced,Chest,6.35,0.644
893,Machine Tricep Extension Variation 893,Core,Machine,Advanced,Chest,3.30,0.510
894,Barbell Barbell Row Variation 894,Power,Barbell,Elite,Chest,5.96,0.207
895,Cable Cable Fly Variation 895,Strength,Cable,Beginner,Shoulders,8.10,0.335
896,Dumbbell Barbell Row Variation 896,Power,Dumbbell,Elite,Legs,5.84,0.833
897,Dumbbell Crunch Variation 897,Strength,Dumbbell,Advanced,Back,5.46,0.200
898,Kettlebell Crunch Variation 898,Endurance,Kettlebell,Beginner,Shoulders,3.69,0.103
899,Cable Overhead Press Variation 899,Endurance,Cable,Intermediate,Back,10.26,0.397
900,Dumbbell Deadlift Variation 900,Endurance,Dumbbell,Beginner,Shoulders,8.71,0.716
901,Machine Crunch Variation 901,Rehab,Machine,Elite,Legs,3.02,0.494
902,Dumbbell Tricep Extension Variation 902,Core,Dumbbell,Advanced,Legs,9.24,0.722
903,Bands Bench Press Variation 903,Endurance,Bands,Beginner,Full Body,3.15,0.606
904,Dumbbell Crunch Variation 904,Core,Dumbbell,Elite,Core,10.72,0.320
905,Machine Lat Pulldown Variation 905,Endurance,Machine,Advanced,Full Body,7.97,0.588
906,Cable Deadlift Variation 906,Hypertrophy,Cable,Intermediate,Shoulders,5.68,0.398
907,Bodyweight Overhead Press Variation 907,Rehab,Bodyweight,Advanced,Chest,5.87,0.754
908,Machine Barbell Row Variation 908,Power,Machine,Advanced,Legs,10.39,0.767
909,Machine Deadlift Variation 909,Endurance,Machine,Advanced,Chest,3.63,0.740
910,Barbell Crunch Variation 910,Endurance,Barbell,Elite,Chest,3.65,0.450
911,Bodyweight Squat Variation 911,Strength,Bodyweight,Elite,Chest,11.80,0.747
912,Kettlebell Deadlift Variation 912,Endurance,Kettlebell,Advanced,Chest,8.02,0.113
913,Bands Leg Press Variation 913,Core,Bands,Elite,Arms,6.82,0.323
914,Bands Calf Raise Variation 914,Strength,Bands,Elite,Arms,3.31,0.594
915,Kettlebell Leg Press Variation 915,Rehab,Kettlebell,Elite,Full Body,10.83,0.443
916,Dumbbell Leg Press Variation 916,Endurance,Dumbbell,Advanced,Shoulders,6.45,0.261
917,Dumbbell Pull-up Variation 917,Core,Dumbbell,Beginner,Shoulders,3.53,0.837
918,Bodyweight Tricep Extension Variation 918,Strength,Bodyweight,Intermediate,Back,11.30,0.548
919,Barbell Cable Fly Variation 919,Hypertrophy,Barbell,Beginner,Arms,5.88,0.359
920,Cable Crunch Variation 920,Core,Cable,Elite,Chest,9.68,0.327
921,Bands Dumbbell Curl Variation 921,Core,Bands,Elite,Core,10.93,0.117
922,Machine Lat Pulldown Variation 922,Core,Machine,Intermediate,Full Body,3.68,0.345
923,Barbell Deadlift Variation 923,Core,Barbell,Advanced,Shoulders,3.63,0.504
924,Machine Dumbbell Curl Variation 924,Power,Machine,Intermediate,Back,11.93,0.632
925,Bands Cable Fly Variation 925,Hypertrophy,Bands,Elite,Back,3.21,0.754
926,Bodyweight Plank Variation 926,Strength,Bodyweight,Elite,Legs,9.73,0.445
927,Kettlebell Dumbbell Curl Variation 927,Core,Kettlebell,Beginner,Core,7.02,0.383
928,Dumbbell Cable Fly Variation 928,Power,Dumbbell,Beginner,Shoulders,10.20,0.247
929,Bodyweight Cable Fly Variation 929,Endurance,Bodyweight,Beginner,Chest,3.49,0.668
930,Barbell Cable Fly Variation 930,Hypertrophy,Barbell,Intermediate,Shoulders,10.35,0.535
931,Dumbbell Tricep Extension Variation 931,Strength,Dumbbell,Beginner,Shoulders,4.16,0.671
932,Bands Pull-up Variation 932,Core,Bands,Elite,Chest,10.43,0.475
933,Kettlebell Overhead Press Variation 933,Power,Kettlebell,Beginner,Legs,11.59,0.357
934,Dumbbell Calf Raise Variation 934,Power,Dumbbell,Intermediate,Chest,7.71,0.582
935,Dumbbell Calf Raise Variation 935,Hypertrophy,Dumbbell,Advanced,Shoulders,8.47,0.263
936,Dumbbell Pull-up Variation 936,Endurance,Dumbbell,Elite,Full Body,11.51,0.408
937,Bands Lat Pulldown Variation 937,Hypertrophy,Bands,Intermediate,Chest,10.26,0.568
938,Bands Tricep Extension Variation 938,Hypertrophy,Bands,Elite,Full Body,3.54,0.111
939,Barbell Pull-up Variation 939,Endurance,Barbell,Beginner,Arms,6.89,0.537
940,Dumbbell Deadlift Variation 940,Core,Dumbbell,Advanced,Chest,8.34,0.418
941,Machine Lunge Variation 941,Hypertrophy,Machine,Elite,Shoulders,11.72,0.623
942,Dumbbell Lat Pulldown Variation 942,Strength,Dumbbell,Elite,Full Body,6.55,0.886
943,Bodyweight Deadlift Variation 943,Power,Bodyweight,Beginner,Arms,9.05,0.690
944,Cable Overhead Press Variation 944,Hypertrophy,Cable,Advanced,Legs,7.87,0.423
945,Cable Cable Fly Variation 945,Endurance,Cable,Beginner,Back,8.51,0.747
946,Kettlebell Leg Press Variation 946,Endurance,Kettlebell,Elite,Legs,6.94,0.801
947,Barbell Cable Fly Variation 947,Hypertrophy,Barbell,Advanced,Legs,6.33,0.369
948,Machine Leg Press Variation 948,Power,Machine,Intermediate,Arms,6.11,0.358
949,Bands Plank Variation 949,Rehab,Bands,Intermediate,Chest,9.00,0.275
950,Barbell Barbell Row Variation 950,Strength,Barbell,Elite,Core,11.82,0.505
951,Dumbbell Bench Press Variation 951,Core,Dumbbell,Advanced,Back,8.06,0.114
952,Kettlebell Lat Pulldown Variation 952,Power,Kettlebell,Advanced,Full Body,9.13,0.787
953,Cable Cable Fly Variation 953,Hypertrophy,Cable,Advanced,Back,10.81,0.484
954,Cable Lunge Variation 954,Hypertrophy,Cable,Elite,Core,3.16,0.730
955,Kettlebell Tricep Extension Variation 955,Strength,Kettlebell,Advanced,Arms,11.99,0.180
956,Cable Pull-up Variation 956,Core,Cable,Beginner,Full Body,3.54,0.682
957,Bands Bench Press Variation 957,Core,Bands,Beginner,Chest,3.85,0.371
958,Bodyweight Lunge Variation 958,Core,Bodyweight,Advanced,Shoulders,7.86,0.224
959,Bodyweight Deadlift Variation 959,Endurance,Bodyweight,Beginner,Back,4.79,0.746
960,Bands Lat Pulldown Variation 960,Strength,Bands,Advanced,Legs,6.97,0.793
961,Bodyweight Squat Variation 961,Hypertrophy,Bodyweight,Advanced,Chest,8.72,0.723
962,Bodyweight Dumbbell Curl Variation 962,Endurance,Bodyweight,Advanced,Full Body,6.65,0.783
963,Bands Deadlift Variation 963,Strength,Bands,Elite,Shoulders,11.54,0.283
964,Bodyweight Dumbbell Curl Variation 964,Endurance,Bodyweight,Elite,Chest,6.14,0.426
965,Kettlebell Barbell Row Variation 965,Strength,Kettlebell,Intermediate,Legs,6.82,0.192
966,Bands Calf Raise Variation 966,Strength,Bands,Beginner,Core,10.18,0.372
967,Bodyweight Tricep Extension Variation 967,Rehab,Bodyweight,Intermediate,Shoulders,9.10,0.286
968,Bodyweight Cable Fly Variation 968,Endurance,Bodyweight,Beginner,Chest,4.91,0.780
969,Bands Cable Fly Variation 969,Strength,Bands,Advanced,Core,5.18,0.527
970,Kettlebell Pull-up Variation 970,Strength,Kettlebell,Elite,Arms,7.83,0.880
971,Cable Lunge Variation 971,Strength,Cable,Beginner,Full Body,10.56,0.341
972,Bands Crunch Variation 972,Endurance,Bands,Beginner,Back,5.38,0.565
973,Machine Calf Raise Variation 973,Strength,Machine,Beginner,Chest,7.27,0.652
974,Bands Lat Pulldown Variation 974,Strength,Bands,Advanced,Full Body,10.87,0.862
975,Barbell Crunch Variation 975,Strength,Barbell,Elite,Full Body,11.90,0.639
976,Dumbbell Overhead Press Variation 976,Core,Dumbbell,Intermediate,Chest,4.96,0.356
977,Cable Calf Raise Variation 977,Strength,Cable,Intermediate,Core,8.66,0.652
978,Machine Calf Raise Variation 978,Core,Machine,Advanced,Back,3.78,0.698
979,Dumbbell Lat Pulldown Variation 979,Core,Dumbbell,Elite,Arms,10.34,0.373
980,Bodyweight Calf Raise Variation 980,Power,Bodyweight,Beginner,Full Body,11.18,0.508
981,Cable Plank Variation 981,Strength,Cable,Advanced,Core,11.83,0.136
982,Kettlebell Lunge Variation 982,Hypertrophy,Kettlebell,Elite,Shoulders,8.81,0.537
983,Bodyweight Cable Fly Variation 983,Core,Bodyweight,Beginner,Arms,4.57,0.536
984,Cable Bench Press Variation 984,Strength,Cable,Intermediate,Back,10.36,0.308
985,Bodyweight Crunch Variation 985,Rehab,Bodyweight,Elite,Chest,4.27,0.407
986,Machine Lat Pulldown Variation 986,Hypertrophy,Machine,Intermediate,Back,11.49,0.178
987,Cable Deadlift Variation 987,Strength,Cable,Elite,Legs,9.49,0.104
988,Kettlebell Lunge Variation 988,Core,Kettlebell,Beginner,Back,10.84,0.195
989,Dumbbell Deadlift Variation 989,Core,Dumbbell,Intermediate,Back,9.47,0.808
990,Machine Cable Fly Variation 990,Hypertrophy,Machine,Beginner,Shoulders,6.09,0.388
991,Cable Squat Variation 991,Strength,Cable,Intermediate,Arms,7.79,0.601
992,Barbell Squat Variation 992,Hypertrophy,Barbell,Advanced,Arms,7.00,0.397
993,Bands Bench Press Variation 993,Rehab,Bands,Elite,Chest,10.82,0.132
994,Cable Pull-up Variation 994,Core,Cable,Elite,Full Body,7.14,0.629
995,Cable Dumbbell Curl Variation 995,Rehab,Cable,Intermediate,Shoulders,11.12,0.154
996,Dumbbell Pull-up Variation 996,Hypertrophy,Dumbbell,Elite,Shoulders,7.65,0.126
997,Barbell Barbell Row Variation 997,Power,Barbell,Advanced,Chest,7.49,0.676
998,Bands Overhead Press Variation 998,Hypertrophy,Bands,Intermediate,Chest,6.81,0.775
999,Barbell Dumbbell Curl Variation 999,Strength,Barbell,Beginner,Chest,7.95,0.401
1000,Bands Dumbbell Curl Variation 1000,Hypertrophy,Bands,Intermediate,Back,6.62,0.517
1001,Bodyweight Tricep Extension Variation 1001,Core,Bodyweight,Elite,Back,9.37,0.700
1002,Cable Tricep Extension Variation 1002,Core,Cable,Beginner,Back,10.68,0.523
1003,Bodyweight Deadlift Variation 1003,Hypertrophy,Bodyweight,Elite,Chest,11.04,0.757
1004,Machine Overhead Press Variation 1004,Endurance,Machine,Elite,Full Body,8.81,0.658
1005,Cable Overhead Press Variation 1005,Hypertrophy,Cable,Beginner,Legs,8.50,0.781
1006,Kettlebell Plank Variation 1006,Power,Kettlebell,Elite,Chest,11.49,0.718
1007,Bands Bench Press Variation 1007,Core,Bands,Beginner,Chest,11.92,0.310
1008,Cable Bench Press Variation 1008,Power,Cable,Beginner,Chest,6.41,0.270
1009,Cable Barbell Row Variation 1009,Rehab,Cable,Intermediate,Legs,8.86,0.666
1010,Bodyweight Plank Variation 1010,Hypertrophy,Bodyweight,Advanced,Arms,3.14,0.223
1011,Dumbbell Deadlift Variation 1011,Hypertrophy,Dumbbell,Intermediate,Legs,6.08,0.889
1012,Machine Lunge Variation 1012,Core,Machine,Elite,Back,4.98,0.579
1013,Cable Pull-up Variation 1013,Rehab,Cable,Advanced,Back,10.43,0.443
1014,Kettlebell Deadlift Variation 1014,Strength,Kettlebell,Elite,Shoulders,5.68,0.192
1015,Cable Deadlift Variation 1015,Core,Cable,Beginner,Core,7.50,0.345
1016,Bands Leg Press Variation 1016,Endurance,Bands,Elite,Arms,7.59,0.329
1017,Dumbbell Tricep Extension Variation 1017,Endurance,Dumbbell,Beginner,Legs,4.29,0.201
1018,Machine Plank Variation 1018,Core,Machine,Elite,Chest,7.21,0.824
1019,Kettlebell Bench Press Variation 1019,Power,Kettlebell,Intermediate,Shoulders,7.86,0.491
1020,Bodyweight Pull-up Variation 1020,Rehab,Bodyweight,Advanced,Back,10.62,0.668
1021,Bodyweight Tricep Extension Variation 1021,Strength,Bodyweight,Beginner,Core,5.99,0.568
1022,Cable Lat Pulldown Variation 1022,Rehab,Cable,Elite,Arms,11.21,0.683
1023,Cable Bench Press Variation 1023,Power,Cable,Elite,Back,8.54,0.646
1024,Bands Lat Pulldown Variation 1024,Strength,Bands,Elite,Back,9.72,0.730
1025,Kettlebell Dumbbell Curl Variation 1025,Strength,Kettlebell,Advanced,Chest,10.01,0.423
1026,Cable Tricep Extension Variation 1026,Hypertrophy,Cable,Elite,Legs,8.38,0.617
1027,Kettlebell Lunge Variation 1027,Strength,Kettlebell,Intermediate,Arms,9.60,0.461
1028,Bodyweight Tricep Extension Variation 1028,Hypertrophy,Bodyweight,Advanced,Core,7.42,0.590
1029,Kettlebell Lat Pulldown Variation 1029,Hypertrophy,Kettlebell,Intermediate,Full Body,3.12,0.212
1030,Cable Calf Raise Variation 1030,Rehab,Cable,Advanced,Legs,7.79,0.815
1031,Kettlebell Plank Variation 1031,Endurance,Kettlebell,Elite,Shoulders,11.33,0.821
1032,Barbell Crunch Variation 1032,Hypertrophy,Barbell,Beginner,Back,10.13,0.719
1033,Bodyweight Deadlift Variation 1033,Power,Bodyweight,Elite,Full Body,7.21,0.540
1034,Dumbbell Lat Pulldown Variation 1034,Rehab,Dumbbell,Elite,Shoulders,11.65,0.808
1035,Barbell Dumbbell Curl Variation 1035,Endurance,Barbell,Advanced,Arms,8.56,0.724
1036,Bodyweight Lunge Variation 1036,Rehab,Bodyweight,Advanced,Legs,6.15,0.852
1037,Bands Squat Variation 1037,Endurance,Bands,Beginner,Chest,5.54,0.882
1038,Bodyweight Cable Fly Variation 1038,Core,Bodyweight,Intermediate,Core,6.47,0.732
1039,Bands Bench Press Variation 1039,Core,Bands,Elite,Arms,3.56,0.191
1040,Kettlebell Squat Variation 1040,Core,Kettlebell,Beginner,Full Body,10.42,0.301
1041,Bands Crunch Variation 1041,Endurance,Bands,Beginner,Arms,5.76,0.501
1042,Kettlebell Barbell Row Variation 1042,Strength,Kettlebell,Elite,Chest,11.31,0.278
1043,Bodyweight Crunch Variation 1043,Power,Bodyweight,Beginner,Legs,4.12,0.307
1044,Bodyweight Lunge Variation 1044,Strength,Bodyweight,Intermediate,Chest,11.92,0.634
1045,Machine Lunge Variation 1045,Endurance,Machine,Advanced,Legs,9.11,0.285
1046,Barbell Squat Variation 1046,Power,Barbell,Intermediate,Chest,10.38,0.380
1047,Bodyweight Calf Raise Variation 1047,Core,Bodyweight,Elite,Shoulders,3.63,0.348
1048,Barbell Deadlift Variation 1048,Rehab,Barbell,Advanced,Core,7.30,0.231
1049,Machine Pull-up Variation 1049,Rehab,Machine,Elite,Core,7.29,0.628
1050,Barbell Cable Fly Variation 1050,Rehab,Barbell,Intermediate,Back,9.48,0.671
1051,Bodyweight Bench Press Variation 1051,Power,Bodyweight,Beginner,Arms,3.07,0.518
1052,Bodyweight Squat Variation 1052,Rehab,Bodyweight,Intermediate,Full Body,9.88,0.414
1053,Cable Crunch Variation 1053,Rehab,Cable,Elite,Back,9.64,0.736
1054,Dumbbell Plank Variation 1054,Hypertrophy,Dumbbell,Beginner,Core,3.14,0.822
1055,Barbell Lat Pulldown Variation 1055,Power,Barbell,Beginner,Shoulders,11.77,0.775
1056,Machine Barbell Row Variation 1056,Core,Machine,Advanced,Legs,9.60,0.103
1057,Barbell Calf Raise Variation 1057,Endurance,Barbell,Advanced,Legs,3.98,0.899
1058,Kettlebell Bench Press Variation 1058,Rehab,Kettlebell,Beginner,Core,11.46,0.423
1059,Cable Calf Raise Variation 1059,Hypertrophy,Cable,Beginner,Core,10.11,0.308
1060,Dumbbell Pull-up Variation 1060,Hypertrophy,Dumbbell,Advanced,Legs,8.79,0.669
1061,Dumbbell Cable Fly Variation 1061,Rehab,Dumbbell,Beginner,Full Body,6.99,0.495
1062,Dumbbell Cable Fly Variation 1062,Core,Dumbbell,Advanced,Full Body,7.55,0.675
1063,Kettlebell Lat Pulldown Variation 1063,Power,Kettlebell,Elite,Back,7.13,0.704
1064,Machine Overhead Press Variation 1064,Core,Machine,Elite,Full Body,3.17,0.261
1065,Dumbbell Plank Variation 1065,Rehab,Dumbbell,Intermediate,Shoulders,8.53,0.465
1066,Barbell Lat Pulldown Variation 1066,Hypertrophy,Barbell,Beginner,Back,9.43,0.568
1067,Kettlebell Barbell Row Variation 1067,Hypertrophy,Kettlebell,Advanced,Arms,6.06,0.655
1068,Dumbbell Dumbbell Curl Variation 1068,Rehab,Dumbbell,Elite,Chest,6.38,0.160
1069,Bands Squat Variation 1069,Hypertrophy,Bands,Elite,Full Body,10.34,0.594
1070,Bands Deadlift Variation 1070,Hypertrophy,Bands,Advanced,Full Body,6.13,0.524
1071,Cable Cable Fly Variation 1071,Core,Cable,Intermediate,Back,6.70,0.651
1072,Kettlebell Squat Variation 1072,Core,Kettlebell,Intermediate,Legs,9.65,0.355
1073,Cable Barbell Row Variation 1073,Hypertrophy,Cable,Advanced,Legs,9.74,0.719
1074,Machine Lunge Variation 1074,Rehab,Machine,Intermediate,Back,3.52,0.802
1075,Dumbbell Lunge Variation 1075,Power,Dumbbell,Advanced,Core,10.15,0.674
1076,Cable Pull-up Variation 1076,Endurance,Cable,Elite,Chest,10.40,0.832
1077,Cable Cable Fly Variation 1077,Strength,Cable,Advanced,Chest,7.83,0.574
1078,Cable Dumbbell Curl Variation 1078,Power,Cable,Beginner,Legs,5.79,0.534
1079,Barbell Deadlift Variation 1079,Rehab,Barbell,Intermediate,Core,9.62,0.700
1080,Machine Leg Press Variation 1080,Hypertrophy,Machine,Intermediate,Arms,8.33,0.574
1081,Barbell Leg Press Variation 1081,Rehab,Barbell,Beginner,Shoulders,9.35,0.685
1082,Machine Barbell Row Variation 1082,Rehab,Machine,Elite,Shoulders,9.12,0.243
1083,Cable Crunch Variation 1083,Endurance,Cable,Advanced,Legs,8.68,0.506
1084,Bands Bench Press Variation 1084,Rehab,Bands,Beginner,Arms,10.42,0.729
1085,Barbell Cable Fly Variation 1085,Power,Barbell,Beginner,Shoulders,10.29,0.654
1086,Bands Barbell Row Variation 1086,Core,Bands,Advanced,Core,4.75,0.418
1087,Kettlebell Cable Fly Variation 1087,Endurance,Kettlebell,Intermediate,Chest,8.68,0.163
1088,Bodyweight Cable Fly Variation 1088,Rehab,Bodyweight,Elite,Core,3.42,0.753
1089,Kettlebell Tricep Extension Variation 1089,Strength,Kettlebell,Advanced,Full Body,3.04,0.424
1090,Bodyweight Calf Raise Variation 1090,Hypertrophy,Bodyweight,Advanced,Shoulders,11.70,0.817
1091,Machine Cable Fly Variation 1091,Endurance,Machine,Beginner,Full Body,10.12,0.368
1092,Barbell Lat Pulldown Variation 1092,Endurance,Barbell,Advanced,Core,8.07,0.144
1093,Machine Leg Press Variation 1093,Endurance,Machine,Beginner,Chest,10.76,0.579
1094,Machine Barbell Row Variation 1094,Power,Machine,Intermediate,Back,5.23,0.276
1095,Machine Leg Press Variation 1095,Strength,Machine,Intermediate,Shoulders,9.44,0.821
1096,Kettlebell Lunge Variation 1096,Power,Kettlebell,Advanced,Full Body,6.25,0.768
1097,Bodyweight Cable Fly Variation 1097,Rehab,Bodyweight,Elite,Core,7.13,0.604
1098,Barbell Bench Press Variation 1098,Rehab,Barbell,Beginner,Core,11.99,0.751
1099,Bands Crunch Variation 1099,Endurance,Bands,Beginner,Arms,3.08,0.305
1100,Bodyweight Overhead Press Variation 1100,Rehab,Bodyweight,Advanced,Back,4.96,0.499
1101,Dumbbell Deadlift Variation 1101,Power,Dumbbell,Beginner,Back,11.27,0.102
1102,Cable Overhead Press Variation 1102,Power,Cable,Intermediate,Core,4.46,0.552
1103,Machine Lunge Variation 1103,Core,Machine,Advanced,Shoulders,11.92,0.436
1104,Kettlebell Plank Variation 1104,Hypertrophy,Kettlebell,Intermediate,Full Body,6.92,0.235
1105,Bands Pull-up Variation 1105,Hypertrophy,Bands,Advanced,Back,5.26,0.195
1106,Kettlebell Cable Fly Variation 1106,Endurance,Kettlebell,Advanced,Back,10.67,0.794
1107,Dumbbell Bench Press Variation 1107,Hypertrophy,Dumbbell,Beginner,Arms,9.10,0.685
1108,Bands Deadlift Variation 1108,Core,Bands,Beginner,Back,8.47,0.424
1109,Barbell Dumbbell Curl Variation 1109,Rehab,Barbell,Beginner,Shoulders,11.64,0.395
1110,Dumbbell Calf Raise Variation 1110,Power,Dumbbell,Elite,Arms,5.87,0.229
1111,Machine Lat Pulldown Variation 1111,Endurance,Machine,Intermediate,Chest,3.00,0.457
1112,Dumbbell Pull-up Variation 1112,Hypertrophy,Dumbbell,Advanced,Chest,3.32,0.651
1113,Cable Dumbbell Curl Variation 1113,Hypertrophy,Cable,Advanced,Full Body,4.03,0.634
1114,Bands Cable Fly Variation 1114,Rehab,Bands,Beginner,Chest,11.67,0.638
1115,Machine Plank Variation 1115,Strength,Machine,Intermediate,Legs,4.34,0.666
1116,Kettlebell Plank Variation 1116,Strength,Kettlebell,Elite,Chest,10.73,0.562
1117,Machine Cable Fly Variation 1117,Strength,Machine,Beginner,Core,8.55,0.792
1118,Cable Plank Variation 1118,Endurance,Cable,Intermediate,Full Body,4.17,0.806
1119,Dumbbell Deadlift Variation 1119,Strength,Dumbbell,Advanced,Core,10.74,0.104
1120,Kettlebell Squat Variation 1120,Strength,Kettlebell,Intermediate,Chest,4.35,0.447
1121,Bands Dumbbell Curl Variation 1121,Strength,Bands,Advanced,Shoulders,8.81,0.484
1122,Kettlebell Overhead Press Variation 1122,Hypertrophy,Kettlebell,Elite,Legs,4.39,0.774
1123,Bodyweight Lat Pulldown Variation 1123,Hypertrophy,Bodyweight,Beginner,Full Body,10.14,0.266
1124,Cable Crunch Variation 1124,Endurance,Cable,Advanced,Back,9.73,0.200
1125,Dumbbell Crunch Variation 1125,Hypertrophy,Dumbbell,Advanced,Arms,5.93,0.849
1126,Barbell Crunch Variation 1126,Endurance,Barbell,Intermediate,Arms,4.06,0.335
1127,Bands Dumbbell Curl Variation 1127,Strength,Bands,Advanced,Back,9.02,0.349
1128,Dumbbell Calf Raise Variation 1128,Strength,Dumbbell,Beginner,Chest,3.38,0.459
1129,Bodyweight Deadlift Variation 1129,Core,Bodyweight,Intermediate,Back,3.10,0.396
1130,Dumbbell Cable Fly Variation 1130,Strength,Dumbbell,Elite,Back,5.27,0.135
1131,Dumbbell Lat Pulldown Variation 1131,Hypertrophy,Dumbbell,Intermediate,Arms,4.93,0.778
1132,Kettlebell Lat Pulldown Variation 1132,Power,Kettlebell,Beginner,Arms,5.91,0.324
1133,Barbell Pull-up Variation 1133,Strength,Barbell,Elite,Chest,5.26,0.144
1134,Machine Squat Variation 1134,Hypertrophy,Machine,Advanced,Core,8.39,0.705
1135,Bands Leg Press Variation 1135,Rehab,Bands,Elite,Arms,5.08,0.741
1136,Barbell Deadlift Variation 1136,Hypertrophy,Barbell,Intermediate,Full Body,4.08,0.558
1137,Dumbbell Tricep Extension Variation 1137,Core,Dumbbell,Beginner,Full Body,5.72,0.445
1138,Bands Leg Press Variation 1138,Power,Bands,Intermediate,Back,9.29,0.316
1139,Kettlebell Cable Fly Variation 1139,Hypertrophy,Kettlebell,Beginner,Arms,8.12,0.579
1140,Bands Tricep Extension Variation 1140,Strength,Bands,Beginner,Shoulders,6.97,0.714
1141,Bodyweight Plank Variation 1141,Core,Bodyweight,Elite,Core,5.62,0.317
1142,Bands Overhead Press Variation 1142,Core,Bands,Intermediate,Core,7.98,0.893
1143,Machine Calf Raise Variation 1143,Rehab,Machine,Elite,Shoulders,4.09,0.688
1144,Barbell Crunch Variation 1144,Strength,Barbell,Beginner,Full Body,8.92,0.482
1145,Bands Pull-up Variation 1145,Power,Bands,Beginner,Shoulders,3.33,0.709
1146,Dumbbell Pull-up Variation 1146,Core,Dumbbell,Elite,Back,11.47,0.787
1147,Machine Deadlift Variation 1147,Strength,Machine,Intermediate,Full Body,9.37,0.843
1148,Kettlebell Crunch Variation 1148,Core,Kettlebell,Advanced,Core,10.41,0.118
1149,Barbell Deadlift Variation 1149,Endurance,Barbell,Elite,Back,7.70,0.634
1150,Dumbbell Squat Variation 1150,Endurance,Dumbbell,Beginner,Core,11.04,0.222
1151,Kettlebell Plank Variation 1151,Endurance,Kettlebell,Advanced,Back,8.01,0.824
1152,Machine Barbell Row Variation 1152,Rehab,Machine,Elite,Back,6.77,0.805
1153,Machine Tricep Extension Variation 1153,Strength,Machine,Beginner,Legs,7.47,0.134
1154,Cable Lat Pulldown Variation 1154,Strength,Cable,Elite,Full Body,6.98,0.507
1155,Dumbbell Tricep Extension Variation 1155,Rehab,Dumbbell,Advanced,Chest,11.22,0.276
1156,Kettlebell Squat Variation 1156,Rehab,Kettlebell,Elite,Shoulders,3.64,0.192
1157,Machine Leg Press Variation 1157,Hypertrophy,Machine,Beginner,Back,4.21,0.149
1158,Dumbbell Bench Press Variation 1158,Strength,Dumbbell,Advanced,Chest,7.18,0.337
1159,Bands Plank Variation 1159,Core,Bands,Advanced,Arms,4.83,0.380
1160,Machine Pull-up Variation 1160,Hypertrophy,Machine,Intermediate,Back,4.66,0.373
1161,Machine Deadlift Variation 1161,Core,Machine,Intermediate,Chest,10.44,0.632
1162,Bands Tricep Extension Variation 1162,Rehab,Bands,Advanced,Arms,11.96,0.245
1163,Barbell Overhead Press Variation 1163,Core,Barbell,Beginner,Shoulders,6.69,0.837
1164,Dumbbell Barbell Row Variation 1164,Rehab,Dumbbell,Beginner,Chest,4.65,0.432
1165,Barbell Pull-up Variation 1165,Power,Barbell,Elite,Chest,3.24,0.735
1166,Bodyweight Bench Press Variation 1166,Hypertrophy,Bodyweight,Advanced,Arms,3.57,0.849
1167,Dumbbell Deadlift Variation 1167,Endurance,Dumbbell,Elite,Back,5.63,0.322
1168,Bands Squat Variation 1168,Hypertrophy,Bands,Beginner,Back,4.29,0.833
1169,Bands Lunge Variation 1169,Hypertrophy,Bands,Beginner,Chest,10.99,0.554
1170,Bands Barbell Row Variation 1170,Power,Bands,Advanced,Full Body,9.40,0.790
1171,Machine Lunge Variation 1171,Endurance,Machine,Elite,Legs,3.77,0.449
1172,Cable Lat Pulldown Variation 1172,Endurance,Cable,Elite,Full Body,11.33,0.697
1173,Bands Bench Press Variation 1173,Rehab,Bands,Intermediate,Chest,6.07,0.113
1174,Barbell Cable Fly Variation 1174,Rehab,Barbell,Beginner,Shoulders,11.24,0.498
1175,Bands Squat Variation 1175,Power,Bands,Beginner,Core,4.17,0.516
1176,Bodyweight Overhead Press Variation 1176,Hypertrophy,Bodyweight,Beginner,Core,10.93,0.576
1177,Bands Cable Fly Variation 1177,Rehab,Bands,Elite,Arms,7.38,0.850
1178,Kettlebell Cable Fly Variation 1178,Hypertrophy,Kettlebell,Elite,Legs,5.88,0.814
1179,Barbell Dumbbell Curl Variation 1179,Endurance,Barbell,Beginner,Full Body,10.09,0.433
1180,Cable Barbell Row Variation 1180,Hypertrophy,Cable,Intermediate,Chest,8.19,0.859
1181,Barbell Deadlift Variation 1181,Strength,Barbell,Intermediate,Arms,4.90,0.551
1182,Dumbbell Bench Press Variation 1182,Endurance,Dumbbell,Intermediate,Legs,5.38,0.124
1183,Bands Dumbbell Curl Variation 1183,Rehab,Bands,Intermediate,Chest,5.26,0.796
1184,Dumbbell Tricep Extension Variation 1184,Endurance,Dumbbell,Elite,Legs,9.78,0.569
1185,Barbell Calf Raise Variation 1185,Strength,Barbell,Intermediate,Chest,6.08,0.507
1186,Kettlebell Lunge Variation 1186,Hypertrophy,Kettlebell,Advanced,Chest,8.74,0.754
1187,Machine Cable Fly Variation 1187,Strength,Machine,Intermediate,Arms,3.88,0.375
1188,Barbell Leg Press Variation 1188,Core,Barbell,Advanced,Chest,10.25,0.889
1189,Bands Crunch Variation 1189,Core,Bands,Intermediate,Core,3.59,0.475
1190,Bands Lat Pulldown Variation 1190,Strength,Bands,Elite,Shoulders,6.05,0.844
1191,Kettlebell Leg Press Variation 1191,Endurance,Kettlebell,Beginner,Shoulders,6.02,0.625
1192,Dumbbell Deadlift Variation 1192,Strength,Dumbbell,Advanced,Full Body,8.86,0.331
1193,Barbell Lat Pulldown Variation 1193,Strength,Barbell,Beginner,Legs,3.36,0.132
1194,Dumbbell Lunge Variation 1194,Strength,Dumbbell,Advanced,Shoulders,3.67,0.195
1195,Cable Pull-up Variation 1195,Power,Cable,Elite,Arms,4.31,0.661
1196,Barbell Overhead Press Variation 1196,Rehab,Barbell,Intermediate,Back,8.93,0.440
1197,Dumbbell Cable Fly Variation 1197,Hypertrophy,Dumbbell,Beginner,Full Body,7.95,0.113
1198,Bodyweight Leg Press Variation 1198,Power,Bodyweight,Beginner,Arms,5.47,0.221
1199,Barbell Lat Pulldown Variation 1199,Strength,Barbell,Elite,Core,5.77,0.641
1200,Bodyweight Tricep Extension Variation 1200,Power,Bodyweight,Advanced,Arms,8.52,0.333
1201,Machine Tricep Extension Variation 1201,Hypertrophy,Machine,Advanced,Chest,4.76,0.841
1202,Machine Overhead Press Variation 1202,Strength,Machine,Advanced,Shoulders,8.10,0.842
1203,Dumbbell Deadlift Variation 1203,Hypertrophy,Dumbbell,Beginner,Back,3.02,0.654
1204,Machine Squat Variation 1204,Rehab,Machine,Intermediate,Chest,10.41,0.401
1205,Kettlebell Cable Fly Variation 1205,Hypertrophy,Kettlebell,Advanced,Chest,10.12,0.825
1206,Barbell Plank Variation 1206,Endurance,Barbell,Intermediate,Core,4.61,0.742
1207,Dumbbell Cable Fly Variation 1207,Core,Dumbbell,Beginner,Legs,8.49,0.210
1208,Bands Tricep Extension Variation 1208,Strength,Bands,Intermediate,Shoulders,8.96,0.640
1209,Dumbbell Crunch Variation 1209,Endurance,Dumbbell,Elite,Chest,9.92,0.530
1210,Kettlebell Crunch Variation 1210,Hypertrophy,Kettlebell,Beginner,Chest,9.34,0.600
1211,Cable Barbell Row Variation 1211,Core,Cable,Intermediate,Full Body,6.93,0.204
1212,Bodyweight Squat Variation 1212,Power,Bodyweight,Elite,Arms,5.57,0.329
1213,Bands Barbell Row Variation 1213,Strength,Bands,Beginner,Full Body,7.24,0.555
1214,Kettlebell Barbell Row Variation 1214,Core,Kettlebell,Advanced,Back,10.89,0.825
1215,Bands Leg Press Variation 1215,Hypertrophy,Bands,Elite,Chest,10.93,0.576
1216,Machine Bench Press Variation 1216,Endurance,Machine,Beginner,Legs,4.93,0.180
1217,Cable Squat Variation 1217,Power,Cable,Elite,Back,10.79,0.427
1218,Dumbbell Overhead Press Variation 1218,Strength,Dumbbell,Beginner,Arms,9.42,0.571
1219,Barbell Deadlift Variation 1219,Core,Barbell,Elite,Core,3.79,0.380
1220,Kettlebell Leg Press Variation 1220,Hypertrophy,Kettlebell,Beginner,Core,10.63,0.792
1221,Barbell Plank Variation 1221,Power,Barbell,Beginner,Chest,9.46,0.405
1222,Bands Dumbbell Curl Variation 1222,Hypertrophy,Bands,Advanced,Back,4.75,0.619
1223,Dumbbell Calf Raise Variation 1223,Core,Dumbbell,Advanced,Chest,6.13,0.308
1224,Bands Tricep Extension Variation 1224,Hypertrophy,Bands,Intermediate,Core,11.41,0.521
1225,Bodyweight Pull-up Variation 1225,Core,Bodyweight,Elite,Core,9.04,0.514
1226,Cable Tricep Extension Variation 1226,Core,Cable,Beginner,Back,7.88,0.214
1227,Dumbbell Lunge Variation 1227,Endurance,Dumbbell,Intermediate,Arms,10.50,0.551
1228,Barbell Barbell Row Variation 1228,Core,Barbell,Intermediate,Chest,6.30,0.551
1229,Barbell Dumbbell Curl Variation 1229,Hypertrophy,Barbell,Beginner,Shoulders,7.42,0.338
1230,Cable Plank Variation 1230,Power,Cable,Elite,Arms,5.12,0.419
1231,Cable Calf Raise Variation 1231,Core,Cable,Beginner,Chest,11.13,0.849
1232,Dumbbell Plank Variation 1232,Strength,Dumbbell,Intermediate,Chest,7.20,0.182
1233,Bands Overhead Press Variation 1233,Rehab,Bands,Beginner,Full Body,6.81,0.525
1234,Kettlebell Squat Variation 1234,Core,Kettlebell,Intermediate,Core,4.68,0.658
1235,Bands Plank Variation 1235,Strength,Bands,Beginner,Core,5.91,0.419
1236,Bands Lat Pulldown Variation 1236,Strength,Bands,Beginner,Back,11.01,0.680
1237,Kettlebell Bench Press Variation 1237,Hypertrophy,Kettlebell,Beginner,Back,12.00,0.564
1238,Kettlebell Cable Fly Variation 1238,Endurance,Kettlebell,Elite,Arms,4.96,0.581
1239,Bodyweight Plank Variation 1239,Endurance,Bodyweight,Beginner,Arms,8.79,0.174
1240,Bodyweight Plank Variation 1240,Power,Bodyweight,Intermediate,Legs,8.04,0.700
1241,Kettlebell Crunch Variation 1241,Hypertrophy,Kettlebell,Intermediate,Legs,10.73,0.242
1242,Machine Calf Raise Variation 1242,Endurance,Machine,Beginner,Back,11.34,0.767
1243,Kettlebell Cable Fly Variation 1243,Hypertrophy,Kettlebell,Advanced,Chest,4.78,0.131
1244,Cable Bench Press Variation 1244,Rehab,Cable,Advanced,Chest,7.26,0.808
1245,Cable Tricep Extension Variation 1245,Hypertrophy,Cable,Beginner,Core,11.80,0.736
1246,Bodyweight Barbell Row Variation 1246,Hypertrophy,Bodyweight,Intermediate,Chest,9.62,0.157
1247,Dumbbell Plank Variation 1247,Core,Dumbbell,Advanced,Arms,4.55,0.847
1248,Machine Cable Fly Variation 1248,Strength,Machine,Advanced,Legs,8.25,0.274
1249,Kettlebell Calf Raise Variation 1249,Rehab,Kettlebell,Intermediate,Full Body,5.62,0.680
1250,Bodyweight Dumbbell Curl Variation 1250,Core,Bodyweight,Elite,Shoulders,3.23,0.552
1251,Kettlebell Plank Variation 1251,Core,Kettlebell,Beginner,Legs,10.82,0.663
1252,Cable Squat Variation 1252,Hypertrophy,Cable,Advanced,Legs,8.16,0.575
1253,Cable Tricep Extension Variation 1253,Core,Cable,Elite,Legs,3.14,0.287
1254,Machine Deadlift Variation 1254,Endurance,Machine,Elite,Core,7.90,0.514
1255,Barbell Plank Variation 1255,Strength,Barbell,Elite,Shoulders,6.31,0.252
1256,Cable Calf Raise Variation 1256,Core,Cable,Beginner,Back,10.22,0.635
1257,Cable Overhead Press Variation 1257,Endurance,Cable,Elite,Chest,5.79,0.159
1258,Machine Cable Fly Variation 1258,Rehab,Machine,Intermediate,Shoulders,11.64,0.699
1259,Bands Calf Raise Variation 1259,Rehab,Bands,Intermediate,Back,9.40,0.505
1260,Bands Cable Fly Variation 1260,Endurance,Bands,Advanced,Legs,9.30,0.192
1261,Dumbbell Cable Fly Variation 1261,Core,Dumbbell,Elite,Shoulders,10.26,0.241
1262,Bodyweight Pull-up Variation 1262,Power,Bodyweight,Elite,Chest,3.09,0.424
1263,Bands Lat Pulldown Variation 1263,Core,Bands,Beginner,Shoulders,11.05,0.884
1264,Barbell Plank Variation 1264,Hypertrophy,Barbell,Beginner,Legs,7.12,0.202
1265,Dumbbell Lat Pulldown Variation 1265,Power,Dumbbell,Elite,Shoulders,6.53,0.894
1266,Dumbbell Barbell Row Variation 1266,Power,Dumbbell,Elite,Core,11.91,0.723
1267,Bands Deadlift Variation 1267,Core,Bands,Intermediate,Legs,10.99,0.866
1268,Bodyweight Barbell Row Variation 1268,Strength,Bodyweight,Beginner,Legs,10.43,0.166
1269,Cable Lunge Variation 1269,Strength,Cable,Beginner,Legs,8.83,0.142
1270,Dumbbell Cable Fly Variation 1270,Endurance,Dumbbell,Advanced,Legs,6.00,0.786
1271,Barbell Lunge Variation 1271,Endurance,Barbell,Intermediate,Chest,11.98,0.154
1272,Dumbbell Bench Press Variation 1272,Strength,Dumbbell,Intermediate,Core,8.10,0.201
1273,Bodyweight Leg Press Variation 1273,Power,Bodyweight,Beginner,Core,3.09,0.893
1274,Dumbbell Cable Fly Variation 1274,Endurance,Dumbbell,Intermediate,Full Body,4.01,0.315
1275,Barbell Leg Press Variation 1275,Rehab,Barbell,Elite,Chest,10.57,0.714
1276,Bands Barbell Row Variation 1276,Strength,Bands,Elite,Legs,4.61,0.195
1277,Bands Bench Press Variation 1277,Endurance,Bands,Intermediate,Legs,6.53,0.525
1278,Cable Cable Fly Variation 1278,Core,Cable,Intermediate,Back,3.93,0.446
1279,Cable Tricep Extension Variation 1279,Core,Cable,Intermediate,Shoulders,5.27,0.537
1280,Machine Squat Variation 1280,Hypertrophy,Machine,Advanced,Full Body,4.79,0.430
1281,Cable Pull-up Variation 1281,Rehab,Cable,Intermediate,Arms,3.03,0.233
1282,Cable Overhead Press Variation 1282,Strength,Cable,Elite,Shoulders,11.12,0.641
1283,Cable Deadlift Variation 1283,Rehab,Cable,Elite,Shoulders,10.75,0.687
1284,Dumbbell Lunge Variation 1284,Strength,Dumbbell,Elite,Legs,11.10,0.602
1285,Cable Dumbbell Curl Variation 1285,Rehab,Cable,Beginner,Legs,3.16,0.296
1286,Bands Leg Press Variation 1286,Rehab,Bands,Beginner,Back,7.30,0.794
1287,Barbell Dumbbell Curl Variation 1287,Power,Barbell,Elite,Shoulders,3.69,0.370
1288,Bands Bench Press Variation 1288,Rehab,Bands,Advanced,Back,3.21,0.503
1289,Bands Calf Raise Variation 1289,Power,Bands,Elite,Back,3.80,0.668
1290,Dumbbell Overhead Press Variation 1290,Endurance,Dumbbell,Intermediate,Arms,3.96,0.882
1291,Dumbbell Barbell Row Variation 1291,Rehab,Dumbbell,Intermediate,Arms,3.97,0.857
1292,Cable Calf Raise Variation 1292,Rehab,Cable,Advanced,Legs,7.82,0.829
1293,Machine Pull-up Variation 1293,Rehab,Machine,Advanced,Shoulders,5.05,0.565
1294,Barbell Tricep Extension Variation 1294,Rehab,Barbell,Intermediate,Full Body,4.93,0.777
1295,Cable Calf Raise Variation 1295,Rehab,Cable,Beginner,Legs,5.98,0.295
1296,Machine Lunge Variation 1296,Power,Machine,Elite,Arms,11.10,0.837
1297,Bodyweight Tricep Extension Variation 1297,Hypertrophy,Bodyweight,Advanced,Full Body,9.89,0.810
1298,Bands Squat Variation 1298,Strength,Bands,Elite,Arms,7.57,0.299
1299,Kettlebell Lunge Variation 1299,Rehab,Kettlebell,Beginner,Shoulders,5.98,0.730
1300,Barbell Leg Press Variation 1300,Endurance,Barbell,Elite,Core,9.02,0.374
1301,Machine Lat Pulldown Variation 1301,Power,Machine,Elite,Legs,6.75,0.251
1302,Barbell Leg Press Variation 1302,Core,Barbell,Intermediate,Arms,3.96,0.213
1303,Kettlebell Lunge Variation 1303,Power,Kettlebell,Beginner,Full Body,6.03,0.107
1304,Machine Calf Raise Variation 1304,Endurance,Machine,Elite,Core,4.17,0.655
1305,Barbell Dumbbell Curl Variation 1305,Power,Barbell,Elite,Core,4.17,0.376
1306,Bodyweight Calf Raise Variation 1306,Hypertrophy,Bodyweight,Advanced,Legs,7.87,0.338
1307,Cable Lat Pulldown Variation 1307,Endurance,Cable,Intermediate,Chest,11.94,0.467
1308,Machine Tricep Extension Variation 1308,Core,Machine,Beginner,Arms,8.67,0.780
1309,Bodyweight Bench Press Variation 1309,Core,Bodyweight,Intermediate,Full Body,9.54,0.860
1310,Machine Squat Variation 1310,Strength,Machine,Intermediate,Full Body,8.29,0.534
1311,Bands Leg Press Variation 1311,Power,Bands,Beginner,Back,9.16,0.654
1312,Kettlebell Tricep Extension Variation 1312,Power,Kettlebell,Advanced,Shoulders,4.20,0.833
1313,Cable Deadlift Variation 1313,Hypertrophy,Cable,Advanced,Chest,10.00,0.152
1314,Dumbbell Crunch Variation 1314,Rehab,Dumbbell,Advanced,Shoulders,4.78,0.224
1315,Bodyweight Overhead Press Variation 1315,Core,Bodyweight,Beginner,Full Body,8.23,0.800
1316,Bands Dumbbell Curl Variation 1316,Endurance,Bands,Advanced,Core,4.30,0.321
1317,Machine Squat Variation 1317,Rehab,Machine,Elite,Chest,5.91,0.853
1318,Barbell Dumbbell Curl Variation 1318,Strength,Barbell,Intermediate,Legs,5.86,0.395
1319,Kettlebell Lat Pulldown Variation 1319,Rehab,Kettlebell,Intermediate,Arms,10.85,0.710
1320,Cable Deadlift Variation 1320,Rehab,Cable,Advanced,Core,5.95,0.206
1321,Kettlebell Bench Press Variation 1321,Strength,Kettlebell,Beginner,Chest,9.32,0.559
1322,Barbell Tricep Extension Variation 1322,Endurance,Barbell,Intermediate,Back,10.20,0.268
1323,Cable Plank Variation 1323,Hypertrophy,Cable,Intermediate,Shoulders,3.88,0.446
1324,Dumbbell Lunge Variation 1324,Power,Dumbbell,Advanced,Back,7.24,0.828
1325,Bands Leg Press Variation 1325,Hypertrophy,Bands,Advanced,Core,10.52,0.466
1326,Machine Crunch Variation 1326,Core,Machine,Elite,Full Body,4.45,0.689
1327,Barbell Plank Variation 1327,Strength,Barbell,Elite,Arms,3.86,0.270
1328,Machine Tricep Extension Variation 1328,Power,Machine,Advanced,Shoulders,7.19,0.716
1329,Machine Overhead Press Variation 1329,Endurance,Machine,Advanced,Core,9.68,0.242
1330,Machine Cable Fly Variation 1330,Strength,Machine,Beginner,Shoulders,8.02,0.734
1331,Barbell Cable Fly Variation 1331,Core,Barbell,Beginner,Chest,7.85,0.542
1332,Barbell Bench Press Variation 1332,Rehab,Barbell,Advanced,Arms,5.87,0.568
1333,Bands Lat Pulldown Variation 1333,Hypertrophy,Bands,Beginner,Chest,7.01,0.618
1334,Kettlebell Bench Press Variation 1334,Power,Kettlebell,Beginner,Chest,10.11,0.274
1335,Kettlebell Barbell Row Variation 1335,Power,Kettlebell,Intermediate,Core,8.42,0.692
1336,Bands Barbell Row Variation 1336,Strength,Bands,Elite,Back,6.38,0.386
1337,Cable Barbell Row Variation 1337,Strength,Cable,Intermediate,Core,6.04,0.281
1338,Dumbbell Deadlift Variation 1338,Strength,Dumbbell,Advanced,Back,7.90,0.523
1339,Bodyweight Crunch Variation 1339,Endurance,Bodyweight,Beginner,Full Body,6.69,0.518
1340,Barbell Deadlift Variation 1340,Endurance,Barbell,Advanced,Full Body,7.07,0.469
1341,Bands Cable Fly Variation 1341,Endurance,Bands,Intermediate,Shoulders,5.14,0.726
1342,Barbell Plank Variation 1342,Endurance,Barbell,Elite,Shoulders,6.17,0.268
1343,Bodyweight Tricep Extension Variation 1343,Hypertrophy,Bodyweight,Intermediate,Arms,8.93,0.540
1344,Barbell Bench Press Variation 1344,Endurance,Barbell,Beginner,Full Body,5.69,0.712
1345,Bands Overhead Press Variation 1345,Hypertrophy,Bands,Intermediate,Chest,9.16,0.770
1346,Bodyweight Pull-up Variation 1346,Rehab,Bodyweight,Intermediate,Core,8.72,0.690
1347,Machine Lunge Variation 1347,Core,Machine,Intermediate,Full Body,8.69,0.200
1348,Dumbbell Overhead Press Variation 1348,Strength,Dumbbell,Beginner,Legs,5.98,0.299
1349,Machine Leg Press Variation 1349,Hypertrophy,Machine,Beginner,Back,11.76,0.419
1350,Barbell Cable Fly Variation 1350,Endurance,Barbell,Advanced,Core,5.81,0.428
1351,Barbell Overhead Press Variation 1351,Endurance,Barbell,Intermediate,Chest,5.28,0.526
1352,Kettlebell Leg Press Variation 1352,Core,Kettlebell,Intermediate,Legs,5.40,0.556
1353,Bodyweight Deadlift Variation 1353,Power,Bodyweight,Advanced,Core,10.62,0.138
1354,Kettlebell Leg Press Variation 1354,Power,Kettlebell,Advanced,Arms,6.67,0.554
1355,Dumbbell Overhead Press Variation 1355,Power,Dumbbell,Intermediate,Back,11.15,0.275
1356,Machine Cable Fly Variation 1356,Hypertrophy,Machine,Beginner,Arms,7.67,0.424
1357,Dumbbell Leg Press Variation 1357,Power,Dumbbell,Advanced,Arms,7.99,0.218
1358,Bodyweight Crunch Variation 1358,Core,Bodyweight,Intermediate,Legs,6.69,0.789
1359,Bodyweight Bench Press Variation 1359,Hypertrophy,Bodyweight,Advanced,Back,8.95,0.624
1360,Bands Bench Press Variation 1360,Core,Bands,Elite,Back,10.16,0.482
1361,Cable Bench Press Variation 1361,Power,Cable,Advanced,Chest,4.64,0.495
1362,Barbell Lunge Variation 1362,Core,Barbell,Elite,Full Body,9.50,0.326
1363,Machine Deadlift Variation 1363,Strength,Machine,Advanced,Legs,11.65,0.105
1364,Bodyweight Leg Press Variation 1364,Endurance,Bodyweight,Elite,Arms,11.88,0.407
1365,Bodyweight Bench Press Variation 1365,Endurance,Bodyweight,Advanced,Full Body,8.95,0.507
1366,Machine Crunch Variation 1366,Power,Machine,Beginner,Core,9.23,0.786
1367,Barbell Lunge Variation 1367,Strength,Barbell,Intermediate,Chest,8.69,0.812
1368,Cable Tricep Extension Variation 1368,Rehab,Cable,Advanced,Arms,4.80,0.737
1369,Bodyweight Crunch Variation 1369,Power,Bodyweight,Intermediate,Arms,11.76,0.403
1370,Barbell Dumbbell Curl Variation 1370,Power,Barbell,Elite,Arms,7.26,0.425
1371,Barbell Plank Variation 1371,Hypertrophy,Barbell,Intermediate,Shoulders,10.43,0.134
1372,Kettlebell Pull-up Variation 1372,Endurance,Kettlebell,Elite,Chest,8.01,0.780
1373,Barbell Cable Fly Variation 1373,Hypertrophy,Barbell,Elite,Back,8.63,0.479
1374,Bands Tricep Extension Variation 1374,Hypertrophy,Bands,Elite,Full Body,8.18,0.431
1375,Cable Bench Press Variation 1375,Strength,Cable,Intermediate,Legs,8.68,0.606
1376,Bands Cable Fly Variation 1376,Rehab,Bands,Advanced,Full Body,8.56,0.414
1377,Bodyweight Dumbbell Curl Variation 1377,Endurance,Bodyweight,Beginner,Chest,6.29,0.294
1378,Dumbbell Lat Pulldown Variation 1378,Strength,Dumbbell,Intermediate,Shoulders,6.18,0.762
1379,Machine Overhead Press Variation 1379,Hypertrophy,Machine,Beginner,Chest,10.62,0.193
1380,Bodyweight Crunch Variation 1380,Core,Bodyweight,Beginner,Chest,4.82,0.819
1381,Kettlebell Lat Pulldown Variation 1381,Power,Kettlebell,Intermediate,Full Body,8.50,0.180
1382,Machine Plank Variation 1382,Power,Machine,Intermediate,Full Body,6.77,0.312
1383,Kettlebell Tricep Extension Variation 1383,Strength,Kettlebell,Beginner,Arms,11.94,0.765
1384,Kettlebell Calf Raise Variation 1384,Core,Kettlebell,Beginner,Full Body,4.47,0.348
1385,Barbell Deadlift Variation 1385,Hypertrophy,Barbell,Elite,Legs,4.50,0.248
1386,Cable Deadlift Variation 1386,Power,Cable,Advanced,Legs,8.67,0.405
1387,Machine Lunge Variation 1387,Endurance,Machine,Advanced,Legs,7.85,0.192
1388,Kettlebell Crunch Variation 1388,Endurance,Kettlebell,Beginner,Full Body,4.78,0.708
1389,Bands Squat Variation 1389,Power,Bands,Elite,Shoulders,10.57,0.403
1390,Kettlebell Plank Variation 1390,Endurance,Kettlebell,Advanced,Back,7.42,0.563
1391,Kettlebell Calf Raise Variation 1391,Hypertrophy,Kettlebell,Beginner,Arms,8.35,0.153
1392,Bands Overhead Press Variation 1392,Strength,Bands,Advanced,Arms,5.72,0.863
1393,Cable Deadlift Variation 1393,Strength,Cable,Elite,Full Body,8.29,0.881
1394,Bodyweight Lunge Variation 1394,Strength,Bodyweight,Beginner,Legs,6.04,0.146
1395,Cable Bench Press Variation 1395,Core,Cable,Intermediate,Arms,8.66,0.363
1396,Barbell Lat Pulldown Variation 1396,Rehab,Barbell,Beginner,Legs,8.98,0.276
1397,Machine Bench Press Variation 1397,Core,Machine,Intermediate,Arms,5.09,0.290
1398,Kettlebell Calf Raise Variation 1398,Rehab,Kettlebell,Intermediate,Legs,8.43,0.119
1399,Kettlebell Plank Variation 1399,Endurance,Kettlebell,Advanced,Core,6.86,0.812
1400,Machine Overhead Press Variation 1400,Core,Machine,Intermediate,Core,6.52,0.144
1401,Machine Cable Fly Variation 1401,Hypertrophy,Machine,Advanced,Back,7.01,0.253
1402,Machine Deadlift Variation 1402,Core,Machine,Intermediate,Core,9.33,0.615
1403,Bodyweight Squat Variation 1403,Core,Bodyweight,Elite,Shoulders,5.29,0.374
1404,Barbell Barbell Row Variation 1404,Hypertrophy,Barbell,Beginner,Core,8.59,0.484
1405,Kettlebell Barbell Row Variation 1405,Hypertrophy,Kettlebell,Advanced,Back,10.50,0.430
1406,Machine Barbell Row Variation 1406,Hypertrophy,Machine,Beginner,Legs,11.61,0.798
1407,Bands Lat Pulldown Variation 1407,Endurance,Bands,Intermediate,Core,5.97,0.630
1408,Bands Squat Variation 1408,Endurance,Bands,Intermediate,Legs,4.48,0.294
1409,Dumbbell Lunge Variation 1409,Rehab,Dumbbell,Beginner,Full Body,10.23,0.331
1410,Barbell Leg Press Variation 1410,Endurance,Barbell,Elite,Core,6.97,0.139
1411,Kettlebell Plank Variation 1411,Power,Kettlebell,Intermediate,Back,9.30,0.582
1412,Barbell Plank Variation 1412,Rehab,Barbell,Beginner,Shoulders,7.46,0.814
1413,Dumbbell Dumbbell Curl Variation 1413,Rehab,Dumbbell,Elite,Legs,10.70,0.725
1414,Machine Barbell Row Variation 1414,Power,Machine,Advanced,Full Body,11.21,0.380
1415,Bands Barbell Row Variation 1415,Hypertrophy,Bands,Intermediate,Legs,7.13,0.323
1416,Cable Crunch Variation 1416,Rehab,Cable,Advanced,Shoulders,10.35,0.737
1417,Bodyweight Calf Raise Variation 1417,Core,Bodyweight,Beginner,Core,8.69,0.334
1418,Cable Calf Raise Variation 1418,Hypertrophy,Cable,Intermediate,Arms,6.92,0.383
1419,Cable Overhead Press Variation 1419,Endurance,Cable,Beginner,Shoulders,3.37,0.203
1420,Bands Lunge Variation 1420,Power,Bands,Intermediate,Full Body,7.80,0.298
1421,Dumbbell Squat Variation 1421,Core,Dumbbell,Beginner,Full Body,10.14,0.899
1422,Kettlebell Squat Variation 1422,Power,Kettlebell,Intermediate,Full Body,4.26,0.529
1423,Dumbbell Barbell Row Variation 1423,Rehab,Dumbbell,Beginner,Arms,5.97,0.390
1424,Machine Squat Variation 1424,Endurance,Machine,Elite,Chest,4.50,0.629
1425,Machine Lat Pulldown Variation 1425,Power,Machine,Beginner,Core,8.34,0.306
1426,Dumbbell Crunch Variation 1426,Strength,Dumbbell,Beginner,Core,8.77,0.709
1427,Machine Leg Press Variation 1427,Strength,Machine,Elite,Back,7.85,0.698
1428,Bodyweight Lat Pulldown Variation 1428,Hypertrophy,Bodyweight,Beginner,Shoulders,11.23,0.217
1429,Dumbbell Deadlift Variation 1429,Hypertrophy,Dumbbell,Elite,Core,6.72,0.283
1430,Barbell Barbell Row Variation 1430,Rehab,Barbell,Elite,Chest,5.31,0.109
1431,Cable Tricep Extension Variation 1431,Endurance,Cable,Advanced,Arms,6.50,0.185
1432,Machine Lat Pulldown Variation 1432,Strength,Machine,Intermediate,Full Body,11.92,0.139
1433,Machine Dumbbell Curl Variation 1433,Endurance,Machine,Beginner,Back,5.00,0.300
1434,Cable Cable Fly Variation 1434,Hypertrophy,Cable,Elite,Core,6.09,0.782
1435,Barbell Calf Raise Variation 1435,Endurance,Barbell,Elite,Chest,4.76,0.399
1436,Cable Squat Variation 1436,Strength,Cable,Intermediate,Legs,8.78,0.800
1437,Barbell Cable Fly Variation 1437,Hypertrophy,Barbell,Elite,Back,11.43,0.652
1438,Dumbbell Lunge Variation 1438,Strength,Dumbbell,Advanced,Legs,9.56,0.119
1439,Bands Plank Variation 1439,Hypertrophy,Bands,Advanced,Core,8.87,0.839
1440,Machine Barbell Row Variation 1440,Strength,Machine,Elite,Chest,7.43,0.268
1441,Barbell Overhead Press Variation 1441,Power,Barbell,Advanced,Back,6.24,0.490
1442,Kettlebell Calf Raise Variation 1442,Power,Kettlebell,Intermediate,Legs,9.27,0.142
1443,Machine Lat Pulldown Variation 1443,Hypertrophy,Machine,Elite,Chest,11.58,0.847
1444,Barbell Barbell Row Variation 1444,Power,Barbell,Elite,Shoulders,3.17,0.271
1445,Kettlebell Lunge Variation 1445,Strength,Kettlebell,Beginner,Core,7.61,0.140
1446,Cable Deadlift Variation 1446,Core,Cable,Beginner,Back,6.62,0.188
1447,Barbell Tricep Extension Variation 1447,Hypertrophy,Barbell,Elite,Back,9.33,0.550
1448,Bands Calf Raise Variation 1448,Core,Bands,Elite,Core,7.55,0.513
1449,Machine Crunch Variation 1449,Core,Machine,Intermediate,Shoulders,7.31,0.628
1450,Kettlebell Overhead Press Variation 1450,Strength,Kettlebell,Advanced,Arms,4.96,0.646
1451,Dumbbell Bench Press Variation 1451,Rehab,Dumbbell,Advanced,Core,6.34,0.807
1452,Machine Calf Raise Variation 1452,Rehab,Machine,Beginner,Chest,9.10,0.842
1453,Bands Plank Variation 1453,Strength,Bands,Elite,Chest,10.38,0.121
1454,Barbell Barbell Row Variation 1454,Power,Barbell,Elite,Chest,11.97,0.568
1455,Kettlebell Plank Variation 1455,Core,Kettlebell,Elite,Full Body,7.06,0.554
1456,Barbell Lat Pulldown Variation 1456,Hypertrophy,Barbell,Advanced,Full Body,5.17,0.511
1457,Dumbbell Cable Fly Variation 1457,Rehab,Dumbbell,Elite,Core,9.63,0.227
1458,Dumbbell Bench Press Variation 1458,Hypertrophy,Dumbbell,Elite,Back,4.70,0.601
1459,Machine Deadlift Variation 1459,Rehab,Machine,Beginner,Arms,4.89,0.394
1460,Dumbbell Lunge Variation 1460,Rehab,Dumbbell,Advanced,Full Body,4.49,0.163
1461,Kettlebell Plank Variation 1461,Endurance,Kettlebell,Beginner,Core,11.29,0.609
1462,Bands Crunch Variation 1462,Strength,Bands,Intermediate,Full Body,5.21,0.334
1463,Cable Lat Pulldown Variation 1463,Strength,Cable,Beginner,Arms,8.39,0.870
1464,Bodyweight Plank Variation 1464,Strength,Bodyweight,Advanced,Legs,9.88,0.310
1465,Kettlebell Bench Press Variation 1465,Strength,Kettlebell,Elite,Legs,5.90,0.220
1466,Cable Dumbbell Curl Variation 1466,Strength,Cable,Elite,Arms,7.71,0.272
1467,Barbell Cable Fly Variation 1467,Rehab,Barbell,Beginner,Legs,5.04,0.289
1468,Bands Overhead Press Variation 1468,Endurance,Bands,Intermediate,Shoulders,6.82,0.270
1469,Bodyweight Pull-up Variation 1469,Core,Bodyweight,Advanced,Legs,3.81,0.348
1470,Kettlebell Pull-up Variation 1470,Strength,Kettlebell,Beginner,Core,6.88,0.561
1471,Barbell Dumbbell Curl Variation 1471,Strength,Barbell,Intermediate,Back,8.69,0.317
1472,Dumbbell Lat Pulldown Variation 1472,Strength,Dumbbell,Elite,Arms,11.83,0.761
1473,Cable Calf Raise Variation 1473,Endurance,Cable,Advanced,Arms,8.50,0.373
1474,Barbell Lunge Variation 1474,Rehab,Barbell,Advanced,Shoulders,5.53,0.197
1475,Bodyweight Lunge Variation 1475,Rehab,Bodyweight,Advanced,Core,11.37,0.221
1476,Machine Calf Raise Variation 1476,Power,Machine,Beginner,Chest,8.80,0.566
1477,Barbell Crunch Variation 1477,Strength,Barbell,Intermediate,Back,11.32,0.805
1478,Bands Squat Variation 1478,Endurance,Bands,Advanced,Legs,4.93,0.821
1479,Cable Deadlift Variation 1479,Core,Cable,Intermediate,Arms,9.89,0.151
1480,Dumbbell Dumbbell Curl Variation 1480,Rehab,Dumbbell,Elite,Full Body,6.94,0.282
1481,Machine Barbell Row Variation 1481,Endurance,Machine,Beginner,Back,4.00,0.685
1482,Machine Barbell Row Variation 1482,Power,Machine,Advanced,Full Body,7.61,0.303
1483,Kettlebell Deadlift Variation 1483,Hypertrophy,Kettlebell,Intermediate,Legs,8.09,0.137
1484,Bodyweight Lunge Variation 1484,Strength,Bodyweight,Elite,Chest,8.91,0.883
1485,Bands Lunge Variation 1485,Core,Bands,Elite,Shoulders,4.48,0.121
1486,Bodyweight Lat Pulldown Variation 1486,Endurance,Bodyweight,Elite,Arms,6.95,0.306
1487,Kettlebell Bench Press Variation 1487,Endurance,Kettlebell,Advanced,Shoulders,6.85,0.125
1488,Bands Crunch Variation 1488,Hypertrophy,Bands,Beginner,Shoulders,9.04,0.573
1489,Dumbbell Plank Variation 1489,Rehab,Dumbbell,Elite,Shoulders,11.16,0.207
1490,Cable Pull-up Variation 1490,Rehab,Cable,Advanced,Back,3.68,0.606
1491,Bodyweight Dumbbell Curl Variation 1491,Hypertrophy,Bodyweight,Advanced,Full Body,4.50,0.722
1492,Kettlebell Crunch Variation 1492,Hypertrophy,Kettlebell,Elite,Chest,6.63,0.877
1493,Machine Deadlift Variation 1493,Core,Machine,Elite,Full Body,3.24,0.110
1494,Kettlebell Squat Variation 1494,Rehab,Kettlebell,Advanced,Chest,3.22,0.867
1495,Bands Crunch Variation 1495,Core,Bands,Advanced,Shoulders,5.96,0.105
1496,Kettlebell Lat Pulldown Variation 1496,Hypertrophy,Kettlebell,Advanced,Core,4.18,0.538
1497,Dumbbell Overhead Press Variation 1497,Strength,Dumbbell,Beginner,Back,3.31,0.508
1498,Barbell Crunch Variation 1498,Core,Barbell,Beginner,Chest,3.44,0.519
1499,Cable Calf Raise Variation 1499,Hypertrophy,Cable,Intermediate,Chest,6.65,0.611
1500,Bodyweight Barbell Row Variation 1500,Rehab,Bodyweight,Elite,Arms,3.77,0.277
1501,Cable Plank Variation 1501,Rehab,Cable,Intermediate,Legs,8.18,0.292
1502,Kettlebell Barbell Row Variation 1502,Core,Kettlebell,Beginner,Full Body,3.55,0.786
1503,Kettlebell Deadlift Variation 1503,Endurance,Kettlebell,Elite,Legs,10.14,0.844
1504,Dumbbell Barbell Row Variation 1504,Endurance,Dumbbell,Intermediate,Legs,9.63,0.158
1505,Machine Lat Pulldown Variation 1505,Rehab,Machine,Elite,Legs,7.32,0.809
1506,Kettlebell Overhead Press Variation 1506,Endurance,Kettlebell,Elite,Arms,6.45,0.136
1507,Dumbbell Tricep Extension Variation 1507,Power,Dumbbell,Beginner,Shoulders,4.78,0.305
1508,Machine Calf Raise Variation 1508,Rehab,Machine,Advanced,Legs,3.34,0.515
1509,Machine Cable Fly Variation 1509,Core,Machine,Advanced,Chest,9.21,0.331
1510,Bodyweight Lat Pulldown Variation 1510,Endurance,Bodyweight,Beginner,Legs,5.10,0.626
1511,Dumbbell Tricep Extension Variation 1511,Rehab,Dumbbell,Advanced,Shoulders,3.40,0.833
1512,Bodyweight Barbell Row Variation 1512,Power,Bodyweight,Beginner,Legs,7.12,0.283
1513,Barbell Deadlift Variation 1513,Rehab,Barbell,Intermediate,Chest,4.60,0.116
1514,Machine Lat Pulldown Variation 1514,Endurance,Machine,Intermediate,Chest,5.85,0.523
1515,Machine Dumbbell Curl Variation 1515,Strength,Machine,Advanced,Full Body,10.67,0.278
1516,Dumbbell Pull-up Variation 1516,Strength,Dumbbell,Beginner,Core,4.15,0.398
1517,Bands Dumbbell Curl Variation 1517,Power,Bands,Beginner,Back,7.85,0.253
1518,Cable Pull-up Variation 1518,Rehab,Cable,Advanced,Core,11.08,0.495
1519,Bands Leg Press Variation 1519,Hypertrophy,Bands,Elite,Chest,6.81,0.307
1520,Dumbbell Crunch Variation 1520,Power,Dumbbell,Beginner,Full Body,10.61,0.304
1521,Machine Crunch Variation 1521,Hypertrophy,Machine,Intermediate,Full Body,7.10,0.662
1522,Bodyweight Bench Press Variation 1522,Hypertrophy,Bodyweight,Beginner,Legs,10.36,0.259
1523,Bodyweight Plank Variation 1523,Rehab,Bodyweight,Advanced,Back,10.01,0.667
1524,Kettlebell Calf Raise Variation 1524,Strength,Kettlebell,Intermediate,Back,11.22,0.558
1525,Machine Deadlift Variation 1525,Endurance,Machine,Beginner,Core,4.73,0.701
1526,Barbell Lat Pulldown Variation 1526,Rehab,Barbell,Intermediate,Full Body,8.29,0.284
1527,Dumbbell Pull-up Variation 1527,Endurance,Dumbbell,Advanced,Shoulders,6.82,0.186
1528,Dumbbell Leg Press Variation 1528,Endurance,Dumbbell,Elite,Full Body,10.24,0.703
1529,Dumbbell Calf Raise Variation 1529,Endurance,Dumbbell,Intermediate,Core,6.31,0.853
1530,Barbell Cable Fly Variation 1530,Core,Barbell,Beginner,Arms,11.71,0.423
1531,Machine Overhead Press Variation 1531,Rehab,Machine,Advanced,Arms,8.27,0.573
1532,Machine Crunch Variation 1532,Hypertrophy,Machine,Elite,Legs,3.42,0.727
1533,Kettlebell Deadlift Variation 1533,Core,Kettlebell,Advanced,Shoulders,4.89,0.881
1534,Dumbbell Lunge Variation 1534,Endurance,Dumbbell,Elite,Arms,5.43,0.210
1535,Bands Barbell Row Variation 1535,Power,Bands,Beginner,Legs,10.34,0.651
1536,Cable Dumbbell Curl Variation 1536,Rehab,Cable,Beginner,Full Body,8.16,0.152
1537,Dumbbell Dumbbell Curl Variation 1537,Rehab,Dumbbell,Elite,Arms,6.70,0.591
1538,Barbell Deadlift Variation 1538,Strength,Barbell,Advanced,Legs,10.49,0.885
1539,Bands Lunge Variation 1539,Power,Bands,Beginner,Shoulders,11.05,0.292
1540,Barbell Leg Press Variation 1540,Strength,Barbell,Intermediate,Full Body,9.15,0.398
1541,Bodyweight Overhead Press Variation 1541,Rehab,Bodyweight,Intermediate,Legs,3.24,0.283
1542,Kettlebell Dumbbell Curl Variation 1542,Strength,Kettlebell,Intermediate,Shoulders,6.28,0.378
1543,Dumbbell Dumbbell Curl Variation 1543,Power,Dumbbell,Beginner,Core,5.38,0.260
1544,Bands Tricep Extension Variation 1544,Power,Bands,Advanced,Chest,3.48,0.117
1545,Barbell Leg Press Variation 1545,Endurance,Barbell,Elite,Legs,4.61,0.258
1546,Bands Calf Raise Variation 1546,Rehab,Bands,Beginner,Full Body,5.26,0.506
1547,Bands Overhead Press Variation 1547,Strength,Bands,Advanced,Back,4.20,0.370
1548,Machine Cable Fly Variation 1548,Power,Machine,Beginner,Core,7.91,0.742
1549,Barbell Dumbbell Curl Variation 1549,Power,Barbell,Elite,Full Body,3.41,0.870
1550,Barbell Barbell Row Variation 1550,Rehab,Barbell,Advanced,Legs,9.85,0.854
1551,Dumbbell Dumbbell Curl Variation 1551,Endurance,Dumbbell,Intermediate,Shoulders,10.35,0.433
1552,Bodyweight Calf Raise Variation 1552,Power,Bodyweight,Elite,Arms,8.25,0.120
1553,Kettlebell Pull-up Variation 1553,Hypertrophy,Kettlebell,Elite,Full Body,3.97,0.748
1554,Machine Crunch Variation 1554,Rehab,Machine,Intermediate,Shoulders,3.00,0.857
1555,Bodyweight Plank Variation 1555,Power,Bodyweight,Advanced,Full Body,5.75,0.225
1556,Bands Lat Pulldown Variation 1556,Power,Bands,Beginner,Arms,11.86,0.680
1557,Cable Lat Pulldown Variation 1557,Hypertrophy,Cable,Advanced,Back,11.14,0.362
1558,Machine Squat Variation 1558,Strength,Machine,Intermediate,Back,3.93,0.487
1559,Bodyweight Plank Variation 1559,Strength,Bodyweight,Intermediate,Full Body,8.88,0.172
1560,Bands Leg Press Variation 1560,Endurance,Bands,Elite,Arms,5.18,0.577
1561,Bands Dumbbell Curl Variation 1561,Endurance,Bands,Elite,Shoulders,11.66,0.669
1562,Kettlebell Barbell Row Variation 1562,Hypertrophy,Kettlebell,Beginner,Legs,10.18,0.897
1563,Barbell Pull-up Variation 1563,Hypertrophy,Barbell,Advanced,Arms,11.63,0.358
1564,Bodyweight Calf Raise Variation 1564,Rehab,Bodyweight,Beginner,Back,11.11,0.435
1565,Bodyweight Crunch Variation 1565,Power,Bodyweight,Intermediate,Core,10.36,0.866
1566,Bands Plank Variation 1566,Core,Bands,Beginner,Arms,5.55,0.217
1567,Barbell Dumbbell Curl Variation 1567,Core,Barbell,Advanced,Arms,9.03,0.370
1568,Kettlebell Cable Fly Variation 1568,Power,Kettlebell,Advanced,Chest,6.49,0.320
1569,Dumbbell Deadlift Variation 1569,Hypertrophy,Dumbbell,Beginner,Chest,7.99,0.254
1570,Cable Cable Fly Variation 1570,Endurance,Cable,Elite,Back,3.44,0.846
1571,Bodyweight Crunch Variation 1571,Power,Bodyweight,Beginner,Core,8.48,0.839
1572,Barbell Leg Press Variation 1572,Hypertrophy,Barbell,Elite,Full Body,6.43,0.576
1573,Barbell Plank Variation 1573,Strength,Barbell,Beginner,Chest,6.43,0.871
1574,Bodyweight Deadlift Variation 1574,Core,Bodyweight,Elite,Full Body,3.70,0.348
1575,Bodyweight Deadlift Variation 1575,Strength,Bodyweight,Elite,Arms,11.57,0.151
1576,Cable Overhead Press Variation 1576,Endurance,Cable,Elite,Legs,5.24,0.366
1577,Bodyweight Squat Variation 1577,Rehab,Bodyweight,Advanced,Legs,9.44,0.335
1578,Bands Calf Raise Variation 1578,Power,Bands,Intermediate,Chest,9.46,0.432
1579,Barbell Barbell Row Variation 1579,Rehab,Barbell,Intermediate,Shoulders,5.58,0.744
1580,Barbell Dumbbell Curl Variation 1580,Rehab,Barbell,Elite,Core,4.42,0.327
1581,Kettlebell Barbell Row Variation 1581,Rehab,Kettlebell,Elite,Full Body,9.43,0.335
1582,Cable Calf Raise Variation 1582,Hypertrophy,Cable,Beginner,Chest,11.39,0.835
1583,Bands Pull-up Variation 1583,Strength,Bands,Advanced,Legs,3.85,0.228
1584,Dumbbell Crunch Variation 1584,Core,Dumbbell,Elite,Shoulders,3.18,0.253
1585,Bodyweight Barbell Row Variation 1585,Power,Bodyweight,Beginner,Arms,3.35,0.757
1586,Cable Leg Press Variation 1586,Strength,Cable,Elite,Arms,11.23,0.303
1587,Cable Deadlift Variation 1587,Core,Cable,Beginner,Arms,8.46,0.759
1588,Kettlebell Deadlift Variation 1588,Core,Kettlebell,Elite,Legs,9.17,0.692
1589,Bands Lunge Variation 1589,Strength,Bands,Beginner,Shoulders,6.45,0.698
1590,Bodyweight Tricep Extension Variation 1590,Rehab,Bodyweight,Advanced,Arms,10.34,0.310
1591,Machine Lunge Variation 1591,Strength,Machine,Intermediate,Arms,9.37,0.726
1592,Machine Cable Fly Variation 1592,Hypertrophy,Machine,Elite,Back,6.03,0.830
1593,Bodyweight Barbell Row Variation 1593,Endurance,Bodyweight,Elite,Core,3.45,0.456
1594,Bands Pull-up Variation 1594,Rehab,Bands,Elite,Legs,6.73,0.553
1595,Machine Plank Variation 1595,Strength,Machine,Elite,Shoulders,4.69,0.253
1596,Bands Crunch Variation 1596,Endurance,Bands,Elite,Legs,3.14,0.884
1597,Bodyweight Lat Pulldown Variation 1597,Core,Bodyweight,Beginner,Core,11.97,0.435
1598,Bands Overhead Press Variation 1598,Power,Bands,Beginner,Core,10.67,0.465
1599,Bands Overhead Press Variation 1599,Rehab,Bands,Advanced,Legs,7.84,0.117
1600,Cable Cable Fly Variation 1600,Core,Cable,Advanced,Full Body,7.67,0.276
1601,Bodyweight Calf Raise Variation 1601,Rehab,Bodyweight,Advanced,Core,6.90,0.427
1602,Cable Cable Fly Variation 1602,Rehab,Cable,Beginner,Back,6.45,0.831
1603,Bodyweight Tricep Extension Variation 1603,Power,Bodyweight,Intermediate,Chest,3.17,0.351
1604,Machine Leg Press Variation 1604,Strength,Machine,Elite,Back,10.61,0.509
1605,Barbell Squat Variation 1605,Power,Barbell,Advanced,Chest,7.64,0.779
1606,Dumbbell Cable Fly Variation 1606,Core,Dumbbell,Beginner,Full Body,8.06,0.101
1607,Kettlebell Plank Variation 1607,Power,Kettlebell,Advanced,Full Body,4.92,0.502
1608,Barbell Pull-up Variation 1608,Core,Barbell,Elite,Chest,8.79,0.579
1609,Bodyweight Leg Press Variation 1609,Strength,Bodyweight,Elite,Back,10.93,0.313
1610,Kettlebell Barbell Row Variation 1610,Endurance,Kettlebell,Beginner,Core,11.15,0.208
1611,Cable Cable Fly Variation 1611,Rehab,Cable,Beginner,Legs,7.76,0.242
1612,Machine Plank Variation 1612,Hypertrophy,Machine,Beginner,Full Body,4.12,0.823
1613,Dumbbell Crunch Variation 1613,Rehab,Dumbbell,Elite,Shoulders,4.01,0.400
1614,Cable Bench Press Variation 1614,Strength,Cable,Advanced,Shoulders,3.16,0.785
1615,Cable Leg Press Variation 1615,Core,Cable,Advanced,Chest,3.67,0.526
1616,Dumbbell Dumbbell Curl Variation 1616,Strength,Dumbbell,Beginner,Arms,5.83,0.427
1617,Bands Leg Press Variation 1617,Strength,Bands,Beginner,Full Body,5.47,0.224
1618,Kettlebell Overhead Press Variation 1618,Power,Kettlebell,Advanced,Back,6.63,0.613
1619,Bodyweight Tricep Extension Variation 1619,Power,Bodyweight,Advanced,Core,7.09,0.484
1620,Kettlebell Barbell Row Variation 1620,Endurance,Kettlebell,Elite,Chest,6.66,0.648
1621,Kettlebell Crunch Variation 1621,Power,Kettlebell,Beginner,Shoulders,10.50,0.699
1622,Barbell Calf Raise Variation 1622,Strength,Barbell,Beginner,Full Body,7.64,0.225
1623,Dumbbell Tricep Extension Variation 1623,Hypertrophy,Dumbbell,Intermediate,Back,5.22,0.458
1624,Bodyweight Barbell Row Variation 1624,Power,Bodyweight,Beginner,Arms,4.98,0.347
1625,Machine Crunch Variation 1625,Core,Machine,Beginner,Full Body,10.85,0.670
1626,Machine Pull-up Variation 1626,Rehab,Machine,Intermediate,Arms,3.47,0.155
1627,Kettlebell Dumbbell Curl Variation 1627,Strength,Kettlebell,Beginner,Legs,6.17,0.854
1628,Dumbbell Lunge Variation 1628,Hypertrophy,Dumbbell,Intermediate,Shoulders,7.19,0.633
1629,Bodyweight Crunch Variation 1629,Endurance,Bodyweight,Intermediate,Back,8.94,0.788
1630,Bands Lat Pulldown Variation 1630,Rehab,Bands,Elite,Arms,7.09,0.723
1631,Cable Crunch Variation 1631,Endurance,Cable,Beginner,Shoulders,3.18,0.361
1632,Bodyweight Bench Press Variation 1632,Hypertrophy,Bodyweight,Elite,Chest,4.14,0.522
1633,Barbell Crunch Variation 1633,Strength,Barbell,Intermediate,Core,9.04,0.441
1634,Bodyweight Lat Pulldown Variation 1634,Core,Bodyweight,Advanced,Arms,10.98,0.176
1635,Dumbbell Lunge Variation 1635,Core,Dumbbell,Beginner,Chest,10.52,0.809
1636,Cable Barbell Row Variation 1636,Core,Cable,Beginner,Chest,7.58,0.447
1637,Kettlebell Lat Pulldown Variation 1637,Strength,Kettlebell,Beginner,Legs,10.90,0.396
1638,Cable Cable Fly Variation 1638,Hypertrophy,Cable,Beginner,Back,7.01,0.798
1639,Bands Bench Press Variation 1639,Endurance,Bands,Advanced,Chest,11.45,0.256
1640,Cable Pull-up Variation 1640,Rehab,Cable,Beginner,Legs,4.68,0.409
1641,Cable Overhead Press Variation 1641,Strength,Cable,Intermediate,Core,10.00,0.371
1642,Kettlebell Overhead Press Variation 1642,Power,Kettlebell,Intermediate,Chest,8.61,0.722
1643,Bodyweight Lat Pulldown Variation 1643,Power,Bodyweight,Intermediate,Back,3.80,0.637
1644,Cable Crunch Variation 1644,Hypertrophy,Cable,Intermediate,Arms,8.78,0.435
1645,Bodyweight Tricep Extension Variation 1645,Endurance,Bodyweight,Advanced,Back,7.87,0.332
1646,Kettlebell Dumbbell Curl Variation 1646,Hypertrophy,Kettlebell,Beginner,Core,6.32,0.204
1647,Bodyweight Tricep Extension Variation 1647,Endurance,Bodyweight,Elite,Core,9.69,0.758
1648,Dumbbell Leg Press Variation 1648,Endurance,Dumbbell,Elite,Legs,9.31,0.547
1649,Dumbbell Tricep Extension Variation 1649,Core,Dumbbell,Advanced,Legs,9.08,0.175
1650,Bodyweight Deadlift Variation 1650,Hypertrophy,Bodyweight,Intermediate,Full Body,10.62,0.696
1651,Kettlebell Leg Press Variation 1651,Endurance,Kettlebell,Advanced,Shoulders,10.13,0.789
1652,Machine Calf Raise Variation 1652,Strength,Machine,Advanced,Back,10.26,0.732
1653,Cable Crunch Variation 1653,Rehab,Cable,Advanced,Full Body,8.00,0.180
1654,Kettlebell Plank Variation 1654,Power,Kettlebell,Beginner,Arms,4.06,0.393
1655,Dumbbell Lat Pulldown Variation 1655,Hypertrophy,Dumbbell,Elite,Back,10.83,0.480
1656,Bands Plank Variation 1656,Rehab,Bands,Intermediate,Arms,9.82,0.522
1657,Bodyweight Lat Pulldown Variation 1657,Hypertrophy,Bodyweight,Beginner,Legs,10.94,0.794
1658,Machine Lunge Variation 1658,Core,Machine,Elite,Chest,10.69,0.205
1659,Kettlebell Barbell Row Variation 1659,Core,Kettlebell,Intermediate,Shoulders,7.86,0.734
1660,Dumbbell Overhead Press Variation 1660,Strength,Dumbbell,Advanced,Legs,4.06,0.428
1661,Machine Cable Fly Variation 1661,Hypertrophy,Machine,Elite,Legs,9.37,0.758
1662,Cable Pull-up Variation 1662,Strength,Cable,Beginner,Shoulders,6.00,0.275
1663,Dumbbell Bench Press Variation 1663,Power,Dumbbell,Elite,Core,6.17,0.103
1664,Bands Squat Variation 1664,Core,Bands,Elite,Chest,7.04,0.710
1665,Dumbbell Squat Variation 1665,Strength,Dumbbell,Intermediate,Back,8.28,0.592
1666,Machine Lunge Variation 1666,Core,Machine,Intermediate,Shoulders,11.92,0.727
1667,Bodyweight Lunge Variation 1667,Hypertrophy,Bodyweight,Beginner,Shoulders,4.86,0.670
1668,Dumbbell Calf Raise Variation 1668,Strength,Dumbbell,Elite,Shoulders,4.13,0.320
1669,Kettlebell Leg Press Variation 1669,Hypertrophy,Kettlebell,Elite,Shoulders,6.00,0.890
1670,Bands Squat Variation 1670,Endurance,Bands,Elite,Back,11.89,0.236
1671,Dumbbell Squat Variation 1671,Strength,Dumbbell,Beginner,Legs,11.35,0.619
1672,Bands Dumbbell Curl Variation 1672,Rehab,Bands,Advanced,Chest,4.64,0.102
1673,Bodyweight Lunge Variation 1673,Rehab,Bodyweight,Beginner,Full Body,3.06,0.728
1674,Barbell Calf Raise Variation 1674,Strength,Barbell,Advanced,Legs,11.04,0.373
1675,Bands Cable Fly Variation 1675,Core,Bands,Beginner,Shoulders,7.98,0.746
1676,Machine Bench Press Variation 1676,Rehab,Machine,Advanced,Core,9.42,0.165
1677,Machine Squat Variation 1677,Core,Machine,Advanced,Back,6.83,0.120
1678,Cable Squat Variation 1678,Core,Cable,Beginner,Core,5.29,0.654
1679,Cable Deadlift Variation 1679,Core,Cable,Beginner,Back,6.80,0.598
1680,Machine Deadlift Variation 1680,Strength,Machine,Elite,Core,3.88,0.272
1681,Machine Barbell Row Variation 1681,Core,Machine,Elite,Back,6.05,0.654
1682,Kettlebell Lat Pulldown Variation 1682,Core,Kettlebell,Advanced,Shoulders,9.56,0.395
1683,Bands Tricep Extension Variation 1683,Endurance,Bands,Elite,Core,9.89,0.322
1684,Machine Calf Raise Variation 1684,Power,Machine,Elite,Shoulders,4.28,0.434
1685,Kettlebell Bench Press Variation 1685,Hypertrophy,Kettlebell,Elite,Legs,4.62,0.703
1686,Barbell Deadlift Variation 1686,Rehab,Barbell,Advanced,Back,5.00,0.334
1687,Cable Barbell Row Variation 1687,Power,Cable,Elite,Arms,3.75,0.276
1688,Kettlebell Lunge Variation 1688,Hypertrophy,Kettlebell,Elite,Chest,7.20,0.436
1689,Bodyweight Dumbbell Curl Variation 1689,Endurance,Bodyweight,Beginner,Back,10.09,0.831
1690,Cable Lunge Variation 1690,Hypertrophy,Cable,Intermediate,Back,8.98,0.816
1691,Bands Dumbbell Curl Variation 1691,Hypertrophy,Bands,Intermediate,Legs,4.63,0.802
1692,Bands Lunge Variation 1692,Hypertrophy,Bands,Beginner,Shoulders,9.32,0.255
1693,Kettlebell Bench Press Variation 1693,Endurance,Kettlebell,Intermediate,Shoulders,9.07,0.143
1694,Machine Tricep Extension Variation 1694,Power,Machine,Advanced,Full Body,4.60,0.346
1695,Bands Barbell Row Variation 1695,Core,Bands,Advanced,Back,3.49,0.751
1696,Kettlebell Bench Press Variation 1696,Strength,Kettlebell,Beginner,Arms,8.72,0.549
1697,Machine Lunge Variation 1697,Strength,Machine,Advanced,Legs,7.27,0.591
1698,Dumbbell Cable Fly Variation 1698,Hypertrophy,Dumbbell,Elite,Back,10.53,0.136
1699,Kettlebell Lat Pulldown Variation 1699,Core,Kettlebell,Elite,Legs,4.45,0.896
1700,Barbell Squat Variation 1700,Power,Barbell,Intermediate,Legs,4.88,0.889
1701,Bands Bench Press Variation 1701,Rehab,Bands,Elite,Shoulders,3.47,0.860
1702,Bodyweight Lunge Variation 1702,Endurance,Bodyweight,Beginner,Core,4.17,0.658
1703,Barbell Plank Variation 1703,Strength,Barbell,Advanced,Shoulders,9.11,0.130
1704,Dumbbell Dumbbell Curl Variation 1704,Core,Dumbbell,Intermediate,Back,4.78,0.891
1705,Machine Overhead Press Variation 1705,Hypertrophy,Machine,Advanced,Core,6.58,0.280
1706,Bands Plank Variation 1706,Power,Bands,Intermediate,Full Body,10.28,0.196
1707,Cable Pull-up Variation 1707,Power,Cable,Elite,Back,3.05,0.290
1708,Dumbbell Bench Press Variation 1708,Rehab,Dumbbell,Beginner,Core,7.67,0.245
1709,Cable Squat Variation 1709,Endurance,Cable,Beginner,Chest,6.66,0.312
1710,Bands Plank Variation 1710,Power,Bands,Advanced,Back,8.49,0.312
1711,Cable Pull-up Variation 1711,Strength,Cable,Advanced,Arms,9.32,0.827
1712,Bodyweight Crunch Variation 1712,Rehab,Bodyweight,Beginner,Full Body,4.63,0.245
1713,Kettlebell Plank Variation 1713,Core,Kettlebell,Advanced,Chest,7.41,0.146
1714,Cable Dumbbell Curl Variation 1714,Power,Cable,Elite,Arms,6.81,0.456
1715,Kettlebell Calf Raise Variation 1715,Strength,Kettlebell,Intermediate,Core,4.49,0.575
1716,Kettlebell Deadlift Variation 1716,Rehab,Kettlebell,Elite,Arms,6.71,0.584
1717,Bodyweight Squat Variation 1717,Hypertrophy,Bodyweight,Intermediate,Back,10.17,0.661
1718,Bands Lunge Variation 1718,Hypertrophy,Bands,Beginner,Arms,6.71,0.422
1719,Bodyweight Overhead Press Variation 1719,Power,Bodyweight,Intermediate,Legs,5.87,0.173
1720,Kettlebell Leg Press Variation 1720,Strength,Kettlebell,Elite,Legs,10.10,0.156
1721,Cable Bench Press Variation 1721,Core,Cable,Advanced,Shoulders,6.90,0.740
1722,Kettlebell Tricep Extension Variation 1722,Power,Kettlebell,Beginner,Chest,5.28,0.540
1723,Machine Calf Raise Variation 1723,Core,Machine,Intermediate,Chest,10.90,0.855
1724,Bodyweight Lat Pulldown Variation 1724,Hypertrophy,Bodyweight,Intermediate,Legs,6.14,0.437
1725,Cable Plank Variation 1725,Endurance,Cable,Advanced,Chest,4.35,0.819
1726,Cable Overhead Press Variation 1726,Hypertrophy,Cable,Intermediate,Chest,5.73,0.783
1727,Bodyweight Calf Raise Variation 1727,Power,Bodyweight,Beginner,Arms,11.82,0.442
1728,Cable Crunch Variation 1728,Hypertrophy,Cable,Beginner,Chest,10.79,0.131
1729,Cable Lat Pulldown Variation 1729,Endurance,Cable,Advanced,Back,4.52,0.568
1730,Bands Crunch Variation 1730,Endurance,Bands,Intermediate,Legs,10.17,0.626
1731,Kettlebell Overhead Press Variation 1731,Endurance,Kettlebell,Advanced,Chest,11.85,0.832
1732,Kettlebell Crunch Variation 1732,Strength,Kettlebell,Beginner,Core,4.06,0.411
1733,Cable Calf Raise Variation 1733,Rehab,Cable,Advanced,Arms,4.39,0.651
1734,Dumbbell Tricep Extension Variation 1734,Power,Dumbbell,Intermediate,Shoulders,9.19,0.811
1735,Machine Leg Press Variation 1735,Hypertrophy,Machine,Elite,Chest,5.36,0.487
1736,Machine Bench Press Variation 1736,Hypertrophy,Machine,Beginner,Core,5.52,0.519
1737,Bands Barbell Row Variation 1737,Core,Bands,Elite,Core,8.31,0.253
1738,Dumbbell Barbell Row Variation 1738,Strength,Dumbbell,Intermediate,Legs,7.83,0.758
1739,Dumbbell Lat Pulldown Variation 1739,Endurance,Dumbbell,Elite,Legs,7.58,0.656
1740,Kettlebell Plank Variation 1740,Strength,Kettlebell,Elite,Shoulders,8.90,0.710
1741,Kettlebell Crunch Variation 1741,Strength,Kettlebell,Advanced,Legs,6.75,0.111
1742,Cable Plank Variation 1742,Rehab,Cable,Intermediate,Full Body,3.95,0.728
1743,Cable Calf Raise Variation 1743,Hypertrophy,Cable,Elite,Core,11.34,0.212
1744,Dumbbell Squat Variation 1744,Strength,Dumbbell,Advanced,Back,8.86,0.487
1745,Machine Tricep Extension Variation 1745,Endurance,Machine,Beginner,Back,9.56,0.667
1746,Bands Leg Press Variation 1746,Rehab,Bands,Elite,Arms,3.36,0.678
1747,Bands Dumbbell Curl Variation 1747,Endurance,Bands,Beginner,Back,8.51,0.297
1748,Bodyweight Plank Variation 1748,Endurance,Bodyweight,Intermediate,Arms,11.55,0.735
1749,Barbell Pull-up Variation 1749,Endurance,Barbell,Intermediate,Core,8.59,0.111
1750,Bands Lunge Variation 1750,Core,Bands,Advanced,Arms,7.73,0.794
1751,Kettlebell Cable Fly Variation 1751,Hypertrophy,Kettlebell,Intermediate,Chest,3.76,0.254
1752,Machine Pull-up Variation 1752,Endurance,Machine,Beginner,Back,4.40,0.292
1753,Cable Squat Variation 1753,Strength,Cable,Advanced,Chest,9.32,0.192
1754,Cable Lunge Variation 1754,Hypertrophy,Cable,Advanced,Shoulders,10.53,0.386
1755,Kettlebell Barbell Row Variation 1755,Core,Kettlebell,Intermediate,Core,9.45,0.104
1756,Kettlebell Lunge Variation 1756,Power,Kettlebell,Intermediate,Shoulders,11.00,0.797
1757,Machine Pull-up Variation 1757,Rehab,Machine,Elite,Core,8.01,0.621
1758,Machine Lunge Variation 1758,Rehab,Machine,Intermediate,Shoulders,9.58,0.335
1759,Barbell Bench Press Variation 1759,Core,Barbell,Intermediate,Shoulders,4.21,0.721
1760,Bands Leg Press Variation 1760,Power,Bands,Advanced,Arms,7.56,0.406
1761,Cable Leg Press Variation 1761,Rehab,Cable,Elite,Legs,3.58,0.118
1762,Bodyweight Overhead Press Variation 1762,Strength,Bodyweight,Advanced,Arms,3.35,0.402
1763,Bodyweight Lunge Variation 1763,Strength,Bodyweight,Advanced,Chest,7.93,0.491
1764,Machine Lat Pulldown Variation 1764,Core,Machine,Advanced,Arms,11.05,0.424
1765,Dumbbell Leg Press Variation 1765,Endurance,Dumbbell,Intermediate,Chest,4.49,0.437
1766,Kettlebell Dumbbell Curl Variation 1766,Hypertrophy,Kettlebell,Elite,Full Body,5.49,0.511
1767,Cable Crunch Variation 1767,Endurance,Cable,Advanced,Arms,6.72,0.335
1768,Barbell Pull-up Variation 1768,Strength,Barbell,Elite,Chest,10.68,0.839
1769,Machine Plank Variation 1769,Power,Machine,Elite,Chest,9.31,0.184
1770,Cable Deadlift Variation 1770,Core,Cable,Advanced,Shoulders,6.64,0.465
1771,Kettlebell Deadlift Variation 1771,Strength,Kettlebell,Beginner,Back,9.98,0.334
1772,Dumbbell Lat Pulldown Variation 1772,Hypertrophy,Dumbbell,Beginner,Chest,10.63,0.457
1773,Bodyweight Lat Pulldown Variation 1773,Hypertrophy,Bodyweight,Advanced,Chest,8.21,0.708
1774,Kettlebell Dumbbell Curl Variation 1774,Rehab,Kettlebell,Advanced,Arms,8.94,0.299
1775,Kettlebell Dumbbell Curl Variation 1775,Rehab,Kettlebell,Advanced,Full Body,6.61,0.101
1776,Barbell Dumbbell Curl Variation 1776,Rehab,Barbell,Beginner,Legs,5.60,0.772
1777,Kettlebell Cable Fly Variation 1777,Rehab,Kettlebell,Beginner,Core,5.49,0.888
1778,Bodyweight Barbell Row Variation 1778,Rehab,Bodyweight,Beginner,Shoulders,11.82,0.424
1779,Barbell Leg Press Variation 1779,Hypertrophy,Barbell,Beginner,Core,4.36,0.216
1780,Cable Overhead Press Variation 1780,Core,Cable,Elite,Shoulders,6.75,0.395
1781,Barbell Tricep Extension Variation 1781,Power,Barbell,Beginner,Shoulders,7.56,0.423
1782,Machine Leg Press Variation 1782,Core,Machine,Advanced,Chest,4.45,0.392
1783,Cable Pull-up Variation 1783,Strength,Cable,Beginner,Back,10.39,0.705
1784,Bands Dumbbell Curl Variation 1784,Core,Bands,Advanced,Shoulders,11.95,0.815
1785,Kettlebell Dumbbell Curl Variation 1785,Rehab,Kettlebell,Advanced,Full Body,8.83,0.544
1786,Bands Tricep Extension Variation 1786,Hypertrophy,Bands,Advanced,Back,5.71,0.794
1787,Bodyweight Calf Raise Variation 1787,Hypertrophy,Bodyweight,Beginner,Back,4.50,0.633
1788,Barbell Overhead Press Variation 1788,Rehab,Barbell,Beginner,Legs,10.94,0.649
1789,Barbell Leg Press Variation 1789,Power,Barbell,Advanced,Shoulders,4.00,0.292
1790,Machine Barbell Row Variation 1790,Endurance,Machine,Elite,Back,6.92,0.195
1791,Kettlebell Crunch Variation 1791,Endurance,Kettlebell,Intermediate,Full Body,4.27,0.557
1792,Bands Overhead Press Variation 1792,Hypertrophy,Bands,Advanced,Arms,10.88,0.729
1793,Barbell Squat Variation 1793,Endurance,Barbell,Advanced,Chest,9.10,0.487
1794,Bodyweight Bench Press Variation 1794,Rehab,Bodyweight,Beginner,Legs,7.85,0.308
1795,Barbell Deadlift Variation 1795,Hypertrophy,Barbell,Beginner,Core,6.37,0.333
1796,Machine Leg Press Variation 1796,Rehab,Machine,Intermediate,Arms,6.57,0.368
1797,Dumbbell Leg Press Variation 1797,Core,Dumbbell,Elite,Chest,5.47,0.211
1798,Dumbbell Pull-up Variation 1798,Endurance,Dumbbell,Intermediate,Arms,8.57,0.776
1799,Bodyweight Barbell Row Variation 1799,Endurance,Bodyweight,Intermediate,Chest,4.03,0.444
1800,Bands Cable Fly Variation 1800,Strength,Bands,Intermediate,Core,8.50,0.473
1801,Cable Lat Pulldown Variation 1801,Rehab,Cable,Advanced,Arms,9.85,0.345
1802,Barbell Bench Press Variation 1802,Rehab,Barbell,Advanced,Core,4.24,0.838
1803,Bands Tricep Extension Variation 1803,Rehab,Bands,Intermediate,Arms,8.05,0.269
1804,Barbell Lunge Variation 1804,Core,Barbell,Advanced,Chest,3.98,0.106
1805,Kettlebell Deadlift Variation 1805,Endurance,Kettlebell,Elite,Legs,9.25,0.809
1806,Bodyweight Cable Fly Variation 1806,Hypertrophy,Bodyweight,Intermediate,Legs,4.24,0.891
1807,Kettlebell Bench Press Variation 1807,Rehab,Kettlebell,Beginner,Arms,5.60,0.201
1808,Dumbbell Leg Press Variation 1808,Power,Dumbbell,Advanced,Arms,9.38,0.773
1809,Bodyweight Deadlift Variation 1809,Rehab,Bodyweight,Beginner,Back,3.95,0.342
1810,Bodyweight Lunge Variation 1810,Strength,Bodyweight,Beginner,Full Body,10.07,0.741
1811,Barbell Plank Variation 1811,Strength,Barbell,Advanced,Chest,11.09,0.217
1812,Kettlebell Calf Raise Variation 1812,Hypertrophy,Kettlebell,Beginner,Shoulders,6.20,0.593
1813,Dumbbell Cable Fly Variation 1813,Endurance,Dumbbell,Elite,Back,11.58,0.477
1814,Bodyweight Dumbbell Curl Variation 1814,Strength,Bodyweight,Beginner,Full Body,5.09,0.594
1815,Dumbbell Tricep Extension Variation 1815,Rehab,Dumbbell,Advanced,Arms,4.66,0.395
1816,Bands Cable Fly Variation 1816,Power,Bands,Elite,Arms,9.38,0.878
1817,Barbell Tricep Extension Variation 1817,Power,Barbell,Elite,Shoulders,6.42,0.287
1818,Bands Pull-up Variation 1818,Strength,Bands,Intermediate,Back,7.84,0.280
1819,Barbell Cable Fly Variation 1819,Strength,Barbell,Beginner,Arms,7.30,0.375
1820,Bodyweight Tricep Extension Variation 1820,Core,Bodyweight,Intermediate,Shoulders,4.42,0.462
1821,Machine Barbell Row Variation 1821,Rehab,Machine,Elite,Arms,4.55,0.544
1822,Bands Barbell Row Variation 1822,Rehab,Bands,Intermediate,Chest,4.65,0.866
1823,Kettlebell Bench Press Variation 1823,Power,Kettlebell,Beginner,Back,4.38,0.753
1824,Barbell Deadlift Variation 1824,Strength,Barbell,Beginner,Shoulders,4.85,0.733
1825,Cable Plank Variation 1825,Rehab,Cable,Elite,Legs,7.06,0.106
1826,Barbell Lunge Variation 1826,Strength,Barbell,Intermediate,Core,8.98,0.592
1827,Machine Lunge Variation 1827,Core,Machine,Elite,Arms,8.57,0.219
1828,Bodyweight Squat Variation 1828,Hypertrophy,Bodyweight,Beginner,Core,8.53,0.361
1829,Bodyweight Bench Press Variation 1829,Core,Bodyweight,Intermediate,Arms,10.04,0.103
1830,Bodyweight Crunch Variation 1830,Strength,Bodyweight,Intermediate,Full Body,8.20,0.392
1831,Bands Dumbbell Curl Variation 1831,Endurance,Bands,Beginner,Full Body,6.25,0.790
1832,Barbell Lunge Variation 1832,Strength,Barbell,Advanced,Legs,6.68,0.646
1833,Dumbbell Cable Fly Variation 1833,Hypertrophy,Dumbbell,Intermediate,Full Body,5.43,0.823
1834,Bands Plank Variation 1834,Core,Bands,Beginner,Full Body,3.69,0.403
1835,Bands Cable Fly Variation 1835,Power,Bands,Elite,Back,8.78,0.805
1836,Bodyweight Cable Fly Variation 1836,Core,Bodyweight,Beginner,Core,8.68,0.165
1837,Dumbbell Pull-up Variation 1837,Hypertrophy,Dumbbell,Elite,Arms,10.22,0.667
1838,Dumbbell Dumbbell Curl Variation 1838,Hypertrophy,Dumbbell,Advanced,Full Body,7.93,0.496
1839,Cable Calf Raise Variation 1839,Power,Cable,Advanced,Chest,9.06,0.285
1840,Dumbbell Leg Press Variation 1840,Hypertrophy,Dumbbell,Elite,Arms,11.88,0.255
1841,Barbell Plank Variation 1841,Hypertrophy,Barbell,Advanced,Chest,4.51,0.364
1842,Barbell Calf Raise Variation 1842,Core,Barbell,Advanced,Core,5.04,0.890
1843,Bands Lunge Variation 1843,Power,Bands,Advanced,Full Body,6.20,0.364
1844,Barbell Pull-up Variation 1844,Power,Barbell,Beginner,Chest,9.45,0.601
1845,Bands Lunge Variation 1845,Strength,Bands,Beginner,Legs,3.93,0.114
1846,Cable Squat Variation 1846,Core,Cable,Intermediate,Core,9.92,0.118
1847,Cable Cable Fly Variation 1847,Rehab,Cable,Intermediate,Arms,4.27,0.866
1848,Cable Leg Press Variation 1848,Power,Cable,Elite,Arms,3.51,0.321
1849,Bodyweight Tricep Extension Variation 1849,Endurance,Bodyweight,Beginner,Arms,4.38,0.331
1850,Cable Cable Fly Variation 1850,Rehab,Cable,Elite,Full Body,8.54,0.417
1851,Machine Barbell Row Variation 1851,Endurance,Machine,Advanced,Shoulders,7.02,0.317
1852,Bands Crunch Variation 1852,Hypertrophy,Bands,Elite,Chest,10.06,0.146
1853,Barbell Dumbbell Curl Variation 1853,Hypertrophy,Barbell,Advanced,Core,11.18,0.776
1854,Machine Deadlift Variation 1854,Strength,Machine,Beginner,Legs,3.14,0.447
1855,Dumbbell Overhead Press Variation 1855,Rehab,Dumbbell,Beginner,Legs,8.48,0.156
1856,Bodyweight Lunge Variation 1856,Endurance,Bodyweight,Intermediate,Arms,8.97,0.152
1857,Bodyweight Deadlift Variation 1857,Endurance,Bodyweight,Intermediate,Core,10.38,0.291
1858,Kettlebell Crunch Variation 1858,Core,Kettlebell,Elite,Arms,11.27,0.325
1859,Cable Pull-up Variation 1859,Endurance,Cable,Advanced,Chest,5.26,0.556
1860,Bands Pull-up Variation 1860,Hypertrophy,Bands,Intermediate,Shoulders,11.48,0.495
1861,Kettlebell Deadlift Variation 1861,Power,Kettlebell,Elite,Core,8.13,0.424
1862,Cable Overhead Press Variation 1862,Strength,Cable,Advanced,Legs,4.00,0.213
1863,Barbell Deadlift Variation 1863,Rehab,Barbell,Elite,Legs,9.07,0.825
1864,Dumbbell Crunch Variation 1864,Strength,Dumbbell,Elite,Shoulders,9.40,0.652
1865,Bodyweight Squat Variation 1865,Power,Bodyweight,Elite,Shoulders,7.73,0.497
1866,Machine Crunch Variation 1866,Strength,Machine,Advanced,Back,10.38,0.273
1867,Kettlebell Deadlift Variation 1867,Endurance,Kettlebell,Beginner,Shoulders,7.02,0.546
1868,Bodyweight Calf Raise Variation 1868,Strength,Bodyweight,Intermediate,Chest,6.27,0.456
1869,Kettlebell Dumbbell Curl Variation 1869,Core,Kettlebell,Intermediate,Legs,6.79,0.742
1870,Machine Bench Press Variation 1870,Hypertrophy,Machine,Beginner,Legs,5.45,0.273
1871,Cable Barbell Row Variation 1871,Rehab,Cable,Beginner,Chest,7.93,0.611
1872,Cable Dumbbell Curl Variation 1872,Strength,Cable,Intermediate,Full Body,10.02,0.298
1873,Bands Squat Variation 1873,Power,Bands,Intermediate,Full Body,5.36,0.692
1874,Dumbbell Calf Raise Variation 1874,Power,Dumbbell,Advanced,Chest,4.46,0.219
1875,Barbell Squat Variation 1875,Power,Barbell,Intermediate,Chest,10.17,0.851
1876,Dumbbell Deadlift Variation 1876,Rehab,Dumbbell,Intermediate,Shoulders,5.22,0.657
1877,Dumbbell Lat Pulldown Variation 1877,Strength,Dumbbell,Beginner,Full Body,11.38,0.887
1878,Cable Bench Press Variation 1878,Endurance,Cable,Beginner,Shoulders,8.18,0.191
1879,Bodyweight Calf Raise Variation 1879,Rehab,Bodyweight,Beginner,Core,4.97,0.548
1880,Kettlebell Dumbbell Curl Variation 1880,Rehab,Kettlebell,Advanced,Back,11.74,0.488
1881,Machine Tricep Extension Variation 1881,Core,Machine,Elite,Back,11.41,0.537
1882,Dumbbell Lat Pulldown Variation 1882,Rehab,Dumbbell,Beginner,Chest,11.03,0.808
1883,Bodyweight Plank Variation 1883,Strength,Bodyweight,Intermediate,Full Body,9.94,0.305
1884,Bands Leg Press Variation 1884,Power,Bands,Beginner,Full Body,9.04,0.429
1885,Bodyweight Lunge Variation 1885,Core,Bodyweight,Elite,Back,3.37,0.543
1886,Bodyweight Overhead Press Variation 1886,Power,Bodyweight,Beginner,Arms,6.08,0.194
1887,Barbell Deadlift Variation 1887,Rehab,Barbell,Advanced,Back,8.83,0.807
1888,Bodyweight Cable Fly Variation 1888,Power,Bodyweight,Intermediate,Legs,3.38,0.288
1889,Cable Cable Fly Variation 1889,Rehab,Cable,Advanced,Legs,7.16,0.408
1890,Bodyweight Deadlift Variation 1890,Rehab,Bodyweight,Advanced,Back,9.51,0.124
1891,Barbell Plank Variation 1891,Endurance,Barbell,Intermediate,Full Body,7.26,0.697
1892,Bodyweight Pull-up Variation 1892,Endurance,Bodyweight,Intermediate,Legs,10.80,0.171
1893,Cable Pull-up Variation 1893,Strength,Cable,Advanced,Chest,9.38,0.771
1894,Dumbbell Lunge Variation 1894,Strength,Dumbbell,Intermediate,Full Body,11.56,0.360
1895,Bands Dumbbell Curl Variation 1895,Rehab,Bands,Intermediate,Shoulders,5.24,0.184
1896,Bands Lunge Variation 1896,Core,Bands,Beginner,Arms,10.23,0.788
1897,Bands Lat Pulldown Variation 1897,Core,Bands,Intermediate,Arms,5.31,0.527
1898,Cable Lunge Variation 1898,Endurance,Cable,Advanced,Core,7.58,0.577
1899,Machine Lat Pulldown Variation 1899,Rehab,Machine,Elite,Shoulders,11.21,0.110
1900,Kettlebell Cable Fly Variation 1900,Power,Kettlebell,Beginner,Shoulders,6.56,0.228
1901,Bands Tricep Extension Variation 1901,Strength,Bands,Advanced,Back,8.26,0.579
1902,Cable Lat Pulldown Variation 1902,Strength,Cable,Beginner,Legs,8.21,0.791
1903,Bodyweight Bench Press Variation 1903,Endurance,Bodyweight,Elite,Full Body,5.78,0.325
1904,Barbell Overhead Press Variation 1904,Endurance,Barbell,Intermediate,Legs,10.32,0.475
1905,Bodyweight Pull-up Variation 1905,Endurance,Bodyweight,Elite,Shoulders,3.98,0.587
1906,Kettlebell Calf Raise Variation 1906,Rehab,Kettlebell,Intermediate,Chest,3.29,0.198
1907,Cable Dumbbell Curl Variation 1907,Rehab,Cable,Beginner,Core,11.71,0.137
1908,Machine Plank Variation 1908,Core,Machine,Intermediate,Chest,4.67,0.466
1909,Kettlebell Calf Raise Variation 1909,Core,Kettlebell,Beginner,Legs,3.07,0.623
1910,Cable Pull-up Variation 1910,Hypertrophy,Cable,Intermediate,Core,7.94,0.201
1911,Barbell Deadlift Variation 1911,Core,Barbell,Beginner,Full Body,11.60,0.380
1912,Dumbbell Deadlift Variation 1912,Strength,Dumbbell,Advanced,Arms,8.78,0.372
1913,Cable Bench Press Variation 1913,Rehab,Cable,Beginner,Arms,4.58,0.103
1914,Kettlebell Squat Variation 1914,Core,Kettlebell,Intermediate,Core,6.65,0.701
1915,Kettlebell Crunch Variation 1915,Hypertrophy,Kettlebell,Intermediate,Full Body,10.42,0.522
1916,Dumbbell Lunge Variation 1916,Endurance,Dumbbell,Elite,Arms,6.44,0.165
1917,Bands Pull-up Variation 1917,Strength,Bands,Intermediate,Legs,3.21,0.537
1918,Bodyweight Leg Press Variation 1918,Endurance,Bodyweight,Elite,Arms,10.80,0.635
1919,Machine Tricep Extension Variation 1919,Core,Machine,Beginner,Core,5.83,0.107
1920,Bodyweight Overhead Press Variation 1920,Rehab,Bodyweight,Intermediate,Back,11.96,0.268
1921,Dumbbell Barbell Row Variation 1921,Rehab,Dumbbell,Beginner,Chest,4.22,0.116
1922,Kettlebell Lunge Variation 1922,Endurance,Kettlebell,Intermediate,Arms,3.64,0.750
1923,Cable Dumbbell Curl Variation 1923,Hypertrophy,Cable,Elite,Arms,5.18,0.724
1924,Barbell Deadlift Variation 1924,Hypertrophy,Barbell,Beginner,Full Body,7.79,0.499
1925,Bodyweight Pull-up Variation 1925,Hypertrophy,Bodyweight,Intermediate,Legs,7.09,0.656
1926,Machine Squat Variation 1926,Rehab,Machine,Elite,Back,3.73,0.273
1927,Dumbbell Deadlift Variation 1927,Power,Dumbbell,Intermediate,Legs,3.21,0.163
1928,Dumbbell Squat Variation 1928,Strength,Dumbbell,Beginner,Back,8.99,0.825
1929,Barbell Overhead Press Variation 1929,Rehab,Barbell,Elite,Shoulders,4.75,0.807
1930,Barbell Leg Press Variation 1930,Core,Barbell,Elite,Chest,5.55,0.804
1931,Dumbbell Lat Pulldown Variation 1931,Rehab,Dumbbell,Beginner,Chest,11.56,0.726
1932,Kettlebell Lat Pulldown Variation 1932,Power,Kettlebell,Intermediate,Chest,6.18,0.731
1933,Bodyweight Tricep Extension Variation 1933,Strength,Bodyweight,Intermediate,Back,4.17,0.434
1934,Barbell Squat Variation 1934,Core,Barbell,Advanced,Legs,7.81,0.151
1935,Machine Overhead Press Variation 1935,Strength,Machine,Elite,Full Body,3.89,0.531
1936,Kettlebell Lat Pulldown Variation 1936,Power,Kettlebell,Advanced,Core,8.25,0.324
1937,Machine Cable Fly Variation 1937,Rehab,Machine,Elite,Arms,8.00,0.296
1938,Barbell Lat Pulldown Variation 1938,Core,Barbell,Advanced,Arms,8.35,0.488
1939,Bodyweight Pull-up Variation 1939,Power,Bodyweight,Elite,Chest,8.32,0.234
1940,Dumbbell Plank Variation 1940,Hypertrophy,Dumbbell,Advanced,Legs,4.21,0.704
1941,Cable Cable Fly Variation 1941,Rehab,Cable,Intermediate,Legs,3.02,0.618
1942,Kettlebell Crunch Variation 1942,Strength,Kettlebell,Intermediate,Shoulders,4.08,0.744
1943,Cable Crunch Variation 1943,Hypertrophy,Cable,Beginner,Chest,6.33,0.799
1944,Cable Pull-up Variation 1944,Endurance,Cable,Intermediate,Shoulders,10.93,0.282
1945,Bands Dumbbell Curl Variation 1945,Strength,Bands,Advanced,Legs,4.91,0.853
1946,Kettlebell Deadlift Variation 1946,Core,Kettlebell,Intermediate,Legs,3.43,0.337
1947,Bands Deadlift Variation 1947,Power,Bands,Intermediate,Back,4.22,0.357
1948,Bands Plank Variation 1948,Power,Bands,Intermediate,Back,10.21,0.629
1949,Cable Lat Pulldown Variation 1949,Core,Cable,Intermediate,Full Body,9.97,0.315
1950,Barbell Overhead Press Variation 1950,Power,Barbell,Elite,Shoulders,8.30,0.271
1951,Barbell Barbell Row Variation 1951,Hypertrophy,Barbell,Advanced,Core,8.82,0.239
1952,Bands Cable Fly Variation 1952,Rehab,Bands,Advanced,Full Body,4.45,0.190
1953,Bodyweight Lat Pulldown Variation 1953,Power,Bodyweight,Advanced,Legs,7.45,0.705
1954,Cable Cable Fly Variation 1954,Rehab,Cable,Elite,Legs,3.57,0.430
1955,Kettlebell Squat Variation 1955,Power,Kettlebell,Advanced,Shoulders,6.07,0.582
1956,Bands Leg Press Variation 1956,Hypertrophy,Bands,Advanced,Full Body,6.17,0.887
1957,Bands Squat Variation 1957,Hypertrophy,Bands,Intermediate,Shoulders,4.84,0.744
1958,Dumbbell Tricep Extension Variation 1958,Endurance,Dumbbell,Elite,Core,3.14,0.655
1959,Cable Pull-up Variation 1959,Rehab,Cable,Beginner,Core,7.10,0.138
1960,Bodyweight Bench Press Variation 1960,Power,Bodyweight,Beginner,Legs,3.11,0.894
1961,Machine Lat Pulldown Variation 1961,Hypertrophy,Machine,Beginner,Back,6.56,0.670
1962,Kettlebell Squat Variation 1962,Strength,Kettlebell,Beginner,Legs,11.12,0.452
1963,Bands Lunge Variation 1963,Power,Bands,Advanced,Core,8.91,0.762
1964,Machine Lunge Variation 1964,Endurance,Machine,Intermediate,Shoulders,3.57,0.418
1965,Dumbbell Squat Variation 1965,Endurance,Dumbbell,Beginner,Back,5.03,0.740
1966,Dumbbell Pull-up Variation 1966,Power,Dumbbell,Elite,Full Body,7.64,0.269
1967,Bodyweight Calf Raise Variation 1967,Core,Bodyweight,Beginner,Back,3.63,0.416
1968,Bands Lunge Variation 1968,Endurance,Bands,Beginner,Legs,5.50,0.530
1969,Barbell Cable Fly Variation 1969,Rehab,Barbell,Advanced,Full Body,8.23,0.796
1970,Bands Dumbbell Curl Variation 1970,Core,Bands,Advanced,Legs,3.86,0.366
1971,Machine Barbell Row Variation 1971,Strength,Machine,Elite,Back,9.51,0.891
1972,Dumbbell Barbell Row Variation 1972,Strength,Dumbbell,Intermediate,Shoulders,3.54,0.167
1973,Barbell Lat Pulldown Variation 1973,Hypertrophy,Barbell,Elite,Back,3.02,0.170
1974,Machine Squat Variation 1974,Hypertrophy,Machine,Beginner,Arms,11.24,0.249
1975,Barbell Barbell Row Variation 1975,Strength,Barbell,Intermediate,Arms,7.25,0.180
1976,Dumbbell Calf Raise Variation 1976,Rehab,Dumbbell,Beginner,Arms,3.64,0.735
1977,Dumbbell Overhead Press Variation 1977,Power,Dumbbell,Elite,Full Body,7.33,0.297
1978,Dumbbell Crunch Variation 1978,Strength,Dumbbell,Beginner,Chest,6.95,0.695
1979,Kettlebell Tricep Extension Variation 1979,Strength,Kettlebell,Elite,Full Body,7.39,0.232
1980,Machine Dumbbell Curl Variation 1980,Core,Machine,Elite,Full Body,11.42,0.253
1981,Bodyweight Lat Pulldown Variation 1981,Core,Bodyweight,Beginner,Core,10.26,0.655
1982,Kettlebell Bench Press Variation 1982,Endurance,Kettlebell,Elite,Back,6.45,0.265
1983,Bands Lunge Variation 1983,Endurance,Bands,Beginner,Back,8.76,0.379
1984,Bands Plank Variation 1984,Power,Bands,Advanced,Chest,3.62,0.510
1985,Kettlebell Cable Fly Variation 1985,Endurance,Kettlebell,Intermediate,Legs,3.83,0.642
1986,Dumbbell Lunge Variation 1986,Endurance,Dumbbell,Advanced,Full Body,11.42,0.734
1987,Cable Cable Fly Variation 1987,Core,Cable,Intermediate,Arms,9.69,0.354
1988,Kettlebell Crunch Variation 1988,Endurance,Kettlebell,Beginner,Arms,8.46,0.722
1989,Kettlebell Tricep Extension Variation 1989,Power,Kettlebell,Advanced,Core,4.95,0.305
1990,Barbell Calf Raise Variation 1990,Rehab,Barbell,Advanced,Chest,11.27,0.209
1991,Cable Barbell Row Variation 1991,Power,Cable,Beginner,Shoulders,7.34,0.234
1992,Dumbbell Leg Press Variation 1992,Strength,Dumbbell,Elite,Legs,6.26,0.867
1993,Barbell Overhead Press Variation 1993,Power,Barbell,Beginner,Core,9.32,0.551
1994,Kettlebell Lat Pulldown Variation 1994,Power,Kettlebell,Intermediate,Full Body,7.49,0.655
1995,Bodyweight Crunch Variation 1995,Power,Bodyweight,Intermediate,Chest,8.94,0.892
1996,Barbell Deadlift Variation 1996,Power,Barbell,Beginner,Arms,4.03,0.586
1997,Bands Dumbbell Curl Variation 1997,Rehab,Bands,Beginner,Core,7.58,0.652
1998,Machine Calf Raise Variation 1998,Strength,Machine,Intermediate,Core,5.93,0.564
1999,Bodyweight Plank Variation 1999,Power,Bodyweight,Elite,Legs,7.39,0.600
2000,Kettlebell Overhead Press Variation 2000,Hypertrophy,Kettlebell,Beginner,Back,11.68,0.646
2001,Machine Crunch Variation 2001,Hypertrophy,Machine,Advanced,Chest,7.13,0.513
2002,Barbell Overhead Press Variation 2002,Strength,Barbell,Advanced,Legs,7.43,0.141
2003,Bodyweight Deadlift Variation 2003,Endurance,Bodyweight,Elite,Legs,4.70,0.807
2004,Bands Bench Press Variation 2004,Hypertrophy,Bands,Advanced,Chest,5.42,0.457
2005,Barbell Squat Variation 2005,Rehab,Barbell,Advanced,Chest,3.85,0.225
2006,Bands Calf Raise Variation 2006,Hypertrophy,Bands,Advanced,Core,4.34,0.633
2007,Bands Cable Fly Variation 2007,Endurance,Bands,Beginner,Shoulders,6.89,0.460
2008,Kettlebell Plank Variation 2008,Core,Kettlebell,Beginner,Back,8.32,0.815
2009,Kettlebell Bench Press Variation 2009,Endurance,Kettlebell,Advanced,Full Body,5.48,0.852
2010,Dumbbell Plank Variation 2010,Power,Dumbbell,Intermediate,Back,7.94,0.833
2011,Bodyweight Lat Pulldown Variation 2011,Core,Bodyweight,Beginner,Chest,8.73,0.794
2012,Bands Barbell Row Variation 2012,Hypertrophy,Bands,Advanced,Shoulders,10.30,0.868
2013,Dumbbell Pull-up Variation 2013,Rehab,Dumbbell,Beginner,Chest,5.01,0.234
2014,Kettlebell Overhead Press Variation 2014,Endurance,Kettlebell,Advanced,Arms,6.57,0.219
2015,Machine Barbell Row Variation 2015,Rehab,Machine,Intermediate,Back,11.58,0.106
2016,Cable Plank Variation 2016,Endurance,Cable,Beginner,Back,9.45,0.559
2017,Bodyweight Barbell Row Variation 2017,Hypertrophy,Bodyweight,Intermediate,Arms,11.60,0.795
2018,Bodyweight Dumbbell Curl Variation 2018,Strength,Bodyweight,Advanced,Back,8.25,0.512
2019,Kettlebell Calf Raise Variation 2019,Endurance,Kettlebell,Intermediate,Shoulders,3.62,0.467
2020,Bands Tricep Extension Variation 2020,Power,Bands,Advanced,Legs,11.97,0.568
2021,Machine Calf Raise Variation 2021,Rehab,Machine,Advanced,Arms,3.71,0.375
2022,Kettlebell Crunch Variation 2022,Rehab,Kettlebell,Beginner,Arms,3.44,0.579
2023,Machine Lat Pulldown Variation 2023,Rehab,Machine,Intermediate,Core,4.87,0.640
2024,Cable Bench Press Variation 2024,Hypertrophy,Cable,Elite,Back,5.62,0.483
2025,Kettlebell Deadlift Variation 2025,Core,Kettlebell,Beginner,Back,4.91,0.752
2026,Kettlebell Deadlift Variation 2026,Core,Kettlebell,Advanced,Chest,9.25,0.272
2027,Kettlebell Calf Raise Variation 2027,Hypertrophy,Kettlebell,Elite,Chest,6.20,0.415
2028,Dumbbell Plank Variation 2028,Hypertrophy,Dumbbell,Elite,Arms,11.76,0.225
2029,Cable Lat Pulldown Variation 2029,Endurance,Cable,Intermediate,Full Body,5.47,0.534
2030,Machine Deadlift Variation 2030,Endurance,Machine,Intermediate,Arms,3.77,0.728
2031,Kettlebell Tricep Extension Variation 2031,Power,Kettlebell,Advanced,Full Body,6.56,0.883
2032,Machine Squat Variation 2032,Hypertrophy,Machine,Advanced,Core,7.52,0.230
2033,Barbell Cable Fly Variation 2033,Endurance,Barbell,Intermediate,Arms,11.45,0.627
2034,Bands Tricep Extension Variation 2034,Endurance,Bands,Advanced,Core,8.50,0.553
2035,Barbell Squat Variation 2035,Rehab,Barbell,Advanced,Legs,4.04,0.655
2036,Dumbbell Calf Raise Variation 2036,Strength,Dumbbell,Elite,Chest,5.06,0.119
2037,Machine Cable Fly Variation 2037,Rehab,Machine,Elite,Shoulders,10.92,0.631
2038,Machine Deadlift Variation 2038,Endurance,Machine,Elite,Arms,11.97,0.582
2039,Dumbbell Leg Press Variation 2039,Power,Dumbbell,Advanced,Arms,5.43,0.837
2040,Bodyweight Dumbbell Curl Variation 2040,Rehab,Bodyweight,Elite,Shoulders,7.50,0.186
2041,Machine Lunge Variation 2041,Strength,Machine,Beginner,Chest,9.59,0.289
2042,Kettlebell Calf Raise Variation 2042,Hypertrophy,Kettlebell,Intermediate,Chest,3.18,0.761
2043,Machine Pull-up Variation 2043,Power,Machine,Intermediate,Shoulders,9.39,0.317
2044,Dumbbell Bench Press Variation 2044,Strength,Dumbbell,Intermediate,Arms,4.35,0.866
2045,Dumbbell Plank Variation 2045,Rehab,Dumbbell,Advanced,Shoulders,11.65,0.801
2046,Bodyweight Overhead Press Variation 2046,Endurance,Bodyweight,Advanced,Legs,10.03,0.621
2047,Kettlebell Pull-up Variation 2047,Rehab,Kettlebell,Beginner,Chest,6.90,0.414
2048,Cable Plank Variation 2048,Strength,Cable,Intermediate,Chest,10.45,0.687
2049,Bodyweight Crunch Variation 2049,Power,Bodyweight,Intermediate,Legs,8.55,0.751
2050,Bodyweight Calf Raise Variation 2050,Endurance,Bodyweight,Beginner,Full Body,6.38,0.886
2051,Machine Tricep Extension Variation 2051,Strength,Machine,Elite,Arms,6.16,0.297
2052,Bodyweight Plank Variation 2052,Core,Bodyweight,Advanced,Legs,8.18,0.760
2053,Dumbbell Leg Press Variation 2053,Strength,Dumbbell,Beginner,Full Body,5.31,0.740
2054,Bands Lunge Variation 2054,Strength,Bands,Beginner,Chest,7.90,0.220
2055,Machine Crunch Variation 2055,Endurance,Machine,Elite,Legs,3.94,0.626
2056,Dumbbell Dumbbell Curl Variation 2056,Hypertrophy,Dumbbell,Intermediate,Core,9.32,0.661
2057,Bodyweight Calf Raise Variation 2057,Endurance,Bodyweight,Intermediate,Shoulders,7.99,0.690
2058,Cable Leg Press Variation 2058,Rehab,Cable,Intermediate,Shoulders,5.42,0.443
2059,Cable Overhead Press Variation 2059,Rehab,Cable,Intermediate,Legs,9.19,0.756
2060,Dumbbell Deadlift Variation 2060,Rehab,Dumbbell,Beginner,Full Body,7.10,0.417
2061,Barbell Lunge Variation 2061,Endurance,Barbell,Beginner,Shoulders,4.29,0.843
2062,Cable Bench Press Variation 2062,Power,Cable,Advanced,Chest,10.93,0.373
2063,Dumbbell Barbell Row Variation 2063,Hypertrophy,Dumbbell,Advanced,Arms,4.46,0.539
2064,Barbell Overhead Press Variation 2064,Power,Barbell,Intermediate,Full Body,6.98,0.502
2065,Kettlebell Lat Pulldown Variation 2065,Endurance,Kettlebell,Advanced,Chest,8.38,0.730
2066,Dumbbell Plank Variation 2066,Hypertrophy,Dumbbell,Intermediate,Chest,7.06,0.429
2067,Bands Crunch Variation 2067,Core,Bands,Beginner,Legs,4.66,0.302
2068,Kettlebell Overhead Press Variation 2068,Power,Kettlebell,Intermediate,Arms,4.08,0.291
2069,Barbell Barbell Row Variation 2069,Rehab,Barbell,Advanced,Shoulders,8.31,0.549
2070,Kettlebell Leg Press Variation 2070,Hypertrophy,Kettlebell,Elite,Core,8.85,0.219
2071,Barbell Squat Variation 2071,Hypertrophy,Barbell,Advanced,Chest,5.56,0.625
2072,Cable Tricep Extension Variation 2072,Endurance,Cable,Elite,Chest,3.03,0.407
2073,Machine Pull-up Variation 2073,Power,Machine,Advanced,Legs,8.14,0.425
2074,Dumbbell Overhead Press Variation 2074,Core,Dumbbell,Elite,Core,7.50,0.734
2075,Bodyweight Crunch Variation 2075,Hypertrophy,Bodyweight,Advanced,Shoulders,7.82,0.347
2076,Dumbbell Dumbbell Curl Variation 2076,Endurance,Dumbbell,Advanced,Shoulders,9.59,0.349
2077,Bands Plank Variation 2077,Endurance,Bands,Elite,Core,9.94,0.636
2078,Cable Lat Pulldown Variation 2078,Hypertrophy,Cable,Advanced,Back,11.06,0.539
2079,Bands Calf Raise Variation 2079,Power,Bands,Advanced,Chest,3.31,0.213
2080,Bands Lat Pulldown Variation 2080,Power,Bands,Advanced,Arms,4.96,0.667
2081,Cable Barbell Row Variation 2081,Endurance,Cable,Advanced,Shoulders,9.39,0.131
2082,Bodyweight Overhead Press Variation 2082,Power,Bodyweight,Elite,Full Body,7.59,0.711
2083,Dumbbell Lat Pulldown Variation 2083,Strength,Dumbbell,Advanced,Legs,10.04,0.745
2084,Machine Squat Variation 2084,Core,Machine,Elite,Core,11.41,0.244
2085,Barbell Crunch Variation 2085,Rehab,Barbell,Advanced,Full Body,9.73,0.857
2086,Kettlebell Barbell Row Variation 2086,Strength,Kettlebell,Elite,Arms,8.33,0.841
2087,Dumbbell Barbell Row Variation 2087,Power,Dumbbell,Beginner,Chest,8.10,0.748
2088,Machine Tricep Extension Variation 2088,Rehab,Machine,Advanced,Core,7.32,0.472
2089,Bands Dumbbell Curl Variation 2089,Hypertrophy,Bands,Intermediate,Core,6.59,0.224
2090,Cable Lunge Variation 2090,Power,Cable,Intermediate,Full Body,9.47,0.484
2091,Barbell Leg Press Variation 2091,Strength,Barbell,Elite,Chest,4.90,0.566
2092,Bodyweight Lunge Variation 2092,Core,Bodyweight,Beginner,Shoulders,7.46,0.329
2093,Barbell Lat Pulldown Variation 2093,Core,Barbell,Advanced,Chest,4.42,0.343
2094,Cable Barbell Row Variation 2094,Endurance,Cable,Beginner,Shoulders,11.81,0.884
2095,Bodyweight Crunch Variation 2095,Core,Bodyweight,Beginner,Shoulders,3.19,0.628
2096,Machine Barbell Row Variation 2096,Core,Machine,Advanced,Legs,7.44,0.104
2097,Kettlebell Overhead Press Variation 2097,Endurance,Kettlebell,Beginner,Back,9.79,0.502
2098,Machine Lunge Variation 2098,Power,Machine,Elite,Shoulders,6.07,0.539
2099,Kettlebell Bench Press Variation 2099,Power,Kettlebell,Advanced,Back,9.29,0.403
2100,Dumbbell Bench Press Variation 2100,Endurance,Dumbbell,Elite,Chest,11.48,0.646
2101,Machine Tricep Extension Variation 2101,Rehab,Machine,Intermediate,Arms,10.07,0.668
2102,Bodyweight Tricep Extension Variation 2102,Rehab,Bodyweight,Advanced,Legs,8.16,0.455
2103,Barbell Cable Fly Variation 2103,Rehab,Barbell,Elite,Core,5.45,0.686
2104,Machine Calf Raise Variation 2104,Power,Machine,Advanced,Arms,4.79,0.546
2105,Bodyweight Calf Raise Variation 2105,Power,Bodyweight,Intermediate,Arms,8.92,0.336
2106,Machine Crunch Variation 2106,Power,Machine,Advanced,Full Body,6.17,0.192
2107,Barbell Bench Press Variation 2107,Power,Barbell,Advanced,Shoulders,4.05,0.237
2108,Bands Calf Raise Variation 2108,Rehab,Bands,Beginner,Shoulders,5.69,0.437
2109,Barbell Tricep Extension Variation 2109,Power,Barbell,Elite,Back,9.28,0.494
2110,Bands Barbell Row Variation 2110,Power,Bands,Advanced,Shoulders,5.14,0.722
2111,Dumbbell Pull-up Variation 2111,Endurance,Dumbbell,Elite,Shoulders,10.38,0.710
2112,Bodyweight Lat Pulldown Variation 2112,Core,Bodyweight,Intermediate,Back,11.22,0.521
2113,Bodyweight Deadlift Variation 2113,Rehab,Bodyweight,Advanced,Arms,9.21,0.719
2114,Kettlebell Dumbbell Curl Variation 2114,Core,Kettlebell,Advanced,Legs,8.25,0.156
2115,Cable Crunch Variation 2115,Core,Cable,Elite,Core,10.31,0.184
2116,Bodyweight Lunge Variation 2116,Endurance,Bodyweight,Beginner,Shoulders,5.45,0.744
2117,Dumbbell Crunch Variation 2117,Power,Dumbbell,Beginner,Back,8.74,0.244
2118,Bands Barbell Row Variation 2118,Strength,Bands,Elite,Legs,10.44,0.295
2119,Dumbbell Calf Raise Variation 2119,Endurance,Dumbbell,Beginner,Shoulders,9.70,0.809
2120,Machine Barbell Row Variation 2120,Core,Machine,Advanced,Legs,7.06,0.858
2121,Bodyweight Calf Raise Variation 2121,Strength,Bodyweight,Intermediate,Chest,9.50,0.608
2122,Bodyweight Tricep Extension Variation 2122,Endurance,Bodyweight,Beginner,Arms,10.29,0.505
2123,Dumbbell Pull-up Variation 2123,Power,Dumbbell,Intermediate,Chest,4.68,0.845
2124,Machine Barbell Row Variation 2124,Core,Machine,Elite,Chest,11.83,0.687
2125,Bodyweight Pull-up Variation 2125,Core,Bodyweight,Advanced,Full Body,5.72,0.880
2126,Dumbbell Lat Pulldown Variation 2126,Rehab,Dumbbell,Advanced,Shoulders,10.22,0.656
2127,Dumbbell Bench Press Variation 2127,Rehab,Dumbbell,Intermediate,Full Body,11.09,0.784
2128,Bodyweight Cable Fly Variation 2128,Core,Bodyweight,Advanced,Arms,7.17,0.401
2129,Bands Pull-up Variation 2129,Strength,Bands,Advanced,Shoulders,4.51,0.180
2130,Machine Tricep Extension Variation 2130,Strength,Machine,Elite,Chest,10.52,0.350
2131,Cable Plank Variation 2131,Power,Cable,Advanced,Chest,11.21,0.142
2132,Bodyweight Squat Variation 2132,Power,Bodyweight,Intermediate,Core,9.69,0.209
2133,Barbell Tricep Extension Variation 2133,Endurance,Barbell,Elite,Back,4.12,0.676
2134,Dumbbell Bench Press Variation 2134,Endurance,Dumbbell,Elite,Back,4.31,0.840
2135,Bands Leg Press Variation 2135,Endurance,Bands,Advanced,Core,6.43,0.670
2136,Machine Bench Press Variation 2136,Power,Machine,Advanced,Core,9.81,0.180
2137,Dumbbell Overhead Press Variation 2137,Hypertrophy,Dumbbell,Advanced,Shoulders,9.04,0.290
2138,Machine Barbell Row Variation 2138,Rehab,Machine,Beginner,Chest,6.34,0.572
2139,Cable Tricep Extension Variation 2139,Endurance,Cable,Advanced,Back,9.20,0.215
2140,Machine Tricep Extension Variation 2140,Rehab,Machine,Beginner,Arms,11.54,0.459
2141,Cable Pull-up Variation 2141,Hypertrophy,Cable,Beginner,Core,9.98,0.861
2142,Kettlebell Deadlift Variation 2142,Strength,Kettlebell,Beginner,Core,3.72,0.123
2143,Machine Barbell Row Variation 2143,Core,Machine,Intermediate,Arms,10.25,0.601
2144,Machine Leg Press Variation 2144,Core,Machine,Advanced,Arms,6.52,0.203
2145,Bands Leg Press Variation 2145,Core,Bands,Elite,Core,8.13,0.421
2146,Bodyweight Deadlift Variation 2146,Strength,Bodyweight,Beginner,Shoulders,7.37,0.850
2147,Bodyweight Squat Variation 2147,Strength,Bodyweight,Intermediate,Core,5.18,0.886
2148,Machine Dumbbell Curl Variation 2148,Rehab,Machine,Elite,Chest,8.96,0.716
2149,Dumbbell Leg Press Variation 2149,Strength,Dumbbell,Elite,Legs,6.81,0.882
2150,Kettlebell Tricep Extension Variation 2150,Power,Kettlebell,Elite,Legs,10.23,0.117
2151,Kettlebell Crunch Variation 2151,Core,Kettlebell,Advanced,Shoulders,10.05,0.575
2152,Machine Lunge Variation 2152,Hypertrophy,Machine,Intermediate,Arms,5.46,0.475
2153,Barbell Calf Raise Variation 2153,Power,Barbell,Elite,Arms,6.27,0.311
2154,Dumbbell Plank Variation 2154,Core,Dumbbell,Intermediate,Shoulders,9.91,0.254
2155,Machine Lat Pulldown Variation 2155,Endurance,Machine,Advanced,Chest,5.45,0.863
2156,Cable Crunch Variation 2156,Power,Cable,Intermediate,Full Body,5.46,0.462
2157,Barbell Bench Press Variation 2157,Core,Barbell,Elite,Shoulders,8.54,0.360
2158,Bodyweight Plank Variation 2158,Rehab,Bodyweight,Intermediate,Back,11.82,0.816
2159,Cable Overhead Press Variation 2159,Hypertrophy,Cable,Advanced,Legs,7.42,0.744
2160,Barbell Lunge Variation 2160,Rehab,Barbell,Elite,Back,10.44,0.618
2161,Bodyweight Bench Press Variation 2161,Hypertrophy,Bodyweight,Advanced,Legs,9.76,0.724
2162,Bands Plank Variation 2162,Hypertrophy,Bands,Advanced,Arms,5.90,0.558
2163,Kettlebell Lat Pulldown Variation 2163,Hypertrophy,Kettlebell,Beginner,Full Body,6.08,0.712
2164,Kettlebell Bench Press Variation 2164,Rehab,Kettlebell,Elite,Core,6.64,0.828
2165,Dumbbell Dumbbell Curl Variation 2165,Endurance,Dumbbell,Beginner,Core,3.70,0.758
2166,Bodyweight Cable Fly Variation 2166,Core,Bodyweight,Elite,Chest,5.57,0.868
2167,Dumbbell Lunge Variation 2167,Endurance,Dumbbell,Elite,Chest,3.48,0.397
2168,Barbell Crunch Variation 2168,Hypertrophy,Barbell,Elite,Core,6.25,0.819
2169,Bodyweight Bench Press Variation 2169,Core,Bodyweight,Intermediate,Full Body,9.57,0.898
2170,Bands Cable Fly Variation 2170,Rehab,Bands,Intermediate,Legs,6.71,0.609
2171,Cable Tricep Extension Variation 2171,Power,Cable,Beginner,Core,6.45,0.481
2172,Cable Squat Variation 2172,Rehab,Cable,Beginner,Arms,5.35,0.508
2173,Kettlebell Crunch Variation 2173,Power,Kettlebell,Beginner,Arms,5.86,0.480
2174,Cable Deadlift Variation 2174,Rehab,Cable,Elite,Arms,10.36,0.823
2175,Bodyweight Pull-up Variation 2175,Hypertrophy,Bodyweight,Elite,Chest,11.82,0.549
2176,Kettlebell Leg Press Variation 2176,Rehab,Kettlebell,Elite,Full Body,11.27,0.449
2177,Machine Squat Variation 2177,Rehab,Machine,Advanced,Legs,4.15,0.628
2178,Cable Bench Press Variation 2178,Rehab,Cable,Elite,Shoulders,11.85,0.478
2179,Dumbbell Lat Pulldown Variation 2179,Strength,Dumbbell,Intermediate,Back,9.32,0.376
2180,Bands Lunge Variation 2180,Power,Bands,Intermediate,Shoulders,3.92,0.751
2181,Dumbbell Squat Variation 2181,Hypertrophy,Dumbbell,Elite,Shoulders,7.66,0.586
2182,Machine Calf Raise Variation 2182,Core,Machine,Beginner,Chest,5.03,0.146
2183,Kettlebell Dumbbell Curl Variation 2183,Power,Kettlebell,Intermediate,Core,8.05,0.144
2184,Bodyweight Lunge Variation 2184,Strength,Bodyweight,Intermediate,Back,9.59,0.222
2185,Dumbbell Bench Press Variation 2185,Endurance,Dumbbell,Elite,Core,10.75,0.229
2186,Bands Leg Press Variation 2186,Endurance,Bands,Intermediate,Back,9.19,0.770
2187,Dumbbell Dumbbell Curl Variation 2187,Endurance,Dumbbell,Elite,Arms,8.30,0.297
2188,Barbell Dumbbell Curl Variation 2188,Hypertrophy,Barbell,Beginner,Shoulders,6.64,0.633
2189,Cable Plank Variation 2189,Hypertrophy,Cable,Intermediate,Chest,5.49,0.698
2190,Kettlebell Bench Press Variation 2190,Power,Kettlebell,Advanced,Full Body,6.87,0.415
2191,Dumbbell Overhead Press Variation 2191,Strength,Dumbbell,Intermediate,Arms,3.91,0.866
2192,Cable Calf Raise Variation 2192,Strength,Cable,Advanced,Arms,11.80,0.504
2193,Bands Crunch Variation 2193,Core,Bands,Advanced,Legs,7.57,0.854
2194,Dumbbell Barbell Row Variation 2194,Hypertrophy,Dumbbell,Advanced,Legs,7.39,0.545
2195,Dumbbell Barbell Row Variation 2195,Core,Dumbbell,Beginner,Back,7.63,0.808
2196,Kettlebell Cable Fly Variation 2196,Core,Kettlebell,Beginner,Full Body,6.32,0.540
2197,Cable Dumbbell Curl Variation 2197,Rehab,Cable,Elite,Full Body,5.40,0.305
2198,Kettlebell Deadlift Variation 2198,Strength,Kettlebell,Advanced,Chest,3.64,0.437
2199,Kettlebell Overhead Press Variation 2199,Hypertrophy,Kettlebell,Elite,Chest,6.92,0.101
2200,Bodyweight Lat Pulldown Variation 2200,Strength,Bodyweight,Elite,Arms,7.93,0.293
2201,Bands Deadlift Variation 2201,Core,Bands,Intermediate,Core,11.08,0.193
2202,Bands Overhead Press Variation 2202,Endurance,Bands,Beginner,Shoulders,11.71,0.178
2203,Kettlebell Overhead Press Variation 2203,Power,Kettlebell,Advanced,Chest,11.97,0.819
2204,Cable Bench Press Variation 2204,Core,Cable,Intermediate,Chest,7.80,0.263
2205,Bodyweight Leg Press Variation 2205,Strength,Bodyweight,Beginner,Legs,9.06,0.755
2206,Machine Lunge Variation 2206,Hypertrophy,Machine,Intermediate,Back,5.42,0.397
2207,Bands Calf Raise Variation 2207,Hypertrophy,Bands,Beginner,Arms,8.92,0.388
2208,Cable Calf Raise Variation 2208,Hypertrophy,Cable,Elite,Legs,7.45,0.365
2209,Barbell Crunch Variation 2209,Endurance,Barbell,Beginner,Back,5.90,0.530
2210,Bands Cable Fly Variation 2210,Rehab,Bands,Beginner,Chest,7.58,0.612
2211,Kettlebell Pull-up Variation 2211,Power,Kettlebell,Beginner,Back,10.77,0.576
2212,Bodyweight Tricep Extension Variation 2212,Hypertrophy,Bodyweight,Intermediate,Arms,6.86,0.345
2213,Barbell Leg Press Variation 2213,Power,Barbell,Beginner,Back,9.17,0.260
2214,Cable Tricep Extension Variation 2214,Power,Cable,Intermediate,Chest,5.41,0.715
2215,Machine Tricep Extension Variation 2215,Strength,Machine,Beginner,Arms,4.60,0.890
2216,Bodyweight Cable Fly Variation 2216,Power,Bodyweight,Advanced,Shoulders,7.39,0.383
2217,Bands Plank Variation 2217,Endurance,Bands,Beginner,Back,11.58,0.416
2218,Kettlebell Cable Fly Variation 2218,Endurance,Kettlebell,Advanced,Arms,8.12,0.263
2219,Bands Lat Pulldown Variation 2219,Strength,Bands,Advanced,Shoulders,8.79,0.320
2220,Dumbbell Cable Fly Variation 2220,Endurance,Dumbbell,Advanced,Chest,8.15,0.811
2221,Bodyweight Bench Press Variation 2221,Core,Bodyweight,Elite,Chest,6.00,0.714
2222,Machine Squat Variation 2222,Power,Machine,Elite,Back,6.30,0.313
2223,Barbell Plank Variation 2223,Endurance,Barbell,Elite,Full Body,4.20,0.415
2224,Bands Cable Fly Variation 2224,Endurance,Bands,Intermediate,Shoulders,10.91,0.721
2225,Bands Plank Variation 2225,Rehab,Bands,Advanced,Legs,5.73,0.361
2226,Kettlebell Calf Raise Variation 2226,Power,Kettlebell,Advanced,Legs,6.76,0.792
2227,Dumbbell Bench Press Variation 2227,Endurance,Dumbbell,Beginner,Legs,4.17,0.742
2228,Dumbbell Plank Variation 2228,Power,Dumbbell,Elite,Arms,8.67,0.892
2229,Bands Crunch Variation 2229,Strength,Bands,Advanced,Legs,6.43,0.283
2230,Dumbbell Lat Pulldown Variation 2230,Power,Dumbbell,Elite,Full Body,11.93,0.628
2231,Bands Lat Pulldown Variation 2231,Rehab,Bands,Intermediate,Arms,9.74,0.774
2232,Dumbbell Tricep Extension Variation 2232,Endurance,Dumbbell,Advanced,Legs,6.82,0.664
2233,Barbell Tricep Extension Variation 2233,Hypertrophy,Barbell,Advanced,Shoulders,6.12,0.113
2234,Bodyweight Crunch Variation 2234,Endurance,Bodyweight,Beginner,Shoulders,10.22,0.289
2235,Bodyweight Dumbbell Curl Variation 2235,Core,Bodyweight,Intermediate,Core,3.46,0.648
2236,Cable Overhead Press Variation 2236,Strength,Cable,Beginner,Chest,4.34,0.816
2237,Barbell Bench Press Variation 2237,Core,Barbell,Beginner,Core,5.89,0.888
2238,Machine Barbell Row Variation 2238,Rehab,Machine,Beginner,Arms,7.43,0.425
2239,Bands Deadlift Variation 2239,Endurance,Bands,Intermediate,Chest,3.84,0.337
2240,Cable Calf Raise Variation 2240,Core,Cable,Advanced,Arms,4.56,0.565
2241,Bodyweight Plank Variation 2241,Rehab,Bodyweight,Advanced,Back,4.10,0.701
2242,Bands Tricep Extension Variation 2242,Strength,Bands,Elite,Back,10.38,0.148
2243,Barbell Lat Pulldown Variation 2243,Rehab,Barbell,Beginner,Shoulders,8.41,0.871
2244,Cable Lunge Variation 2244,Core,Cable,Elite,Full Body,9.35,0.752
2245,Cable Calf Raise Variation 2245,Endurance,Cable,Advanced,Back,8.33,0.558
2246,Barbell Dumbbell Curl Variation 2246,Power,Barbell,Elite,Arms,9.46,0.835
2247,Cable Crunch Variation 2247,Power,Cable,Advanced,Arms,5.23,0.386
2248,Dumbbell Leg Press Variation 2248,Power,Dumbbell,Intermediate,Legs,4.24,0.326
2249,Machine Squat Variation 2249,Power,Machine,Intermediate,Chest,8.85,0.499
2250,Barbell Crunch Variation 2250,Endurance,Barbell,Advanced,Core,8.87,0.166
2251,Bodyweight Dumbbell Curl Variation 2251,Hypertrophy,Bodyweight,Beginner,Arms,10.56,0.275
2252,Kettlebell Cable Fly Variation 2252,Hypertrophy,Kettlebell,Advanced,Arms,3.06,0.438
2253,Machine Squat Variation 2253,Power,Machine,Intermediate,Arms,3.93,0.342
2254,Machine Lat Pulldown Variation 2254,Power,Machine,Advanced,Arms,10.75,0.580
2255,Barbell Lat Pulldown Variation 2255,Rehab,Barbell,Beginner,Full Body,11.18,0.771
2256,Bands Crunch Variation 2256,Rehab,Bands,Beginner,Legs,7.80,0.480
2257,Barbell Lunge Variation 2257,Hypertrophy,Barbell,Beginner,Back,9.89,0.287
2258,Machine Tricep Extension Variation 2258,Endurance,Machine,Beginner,Back,5.26,0.133
2259,Bodyweight Calf Raise Variation 2259,Strength,Bodyweight,Intermediate,Legs,9.24,0.212
2260,Barbell Plank Variation 2260,Power,Barbell,Elite,Chest,5.54,0.447
2261,Bodyweight Lat Pulldown Variation 2261,Endurance,Bodyweight,Intermediate,Legs,7.96,0.529
2262,Cable Squat Variation 2262,Strength,Cable,Elite,Arms,4.37,0.744
2263,Cable Lunge Variation 2263,Core,Cable,Intermediate,Arms,10.41,0.835
2264,Kettlebell Squat Variation 2264,Core,Kettlebell,Elite,Legs,5.34,0.578
2265,Machine Plank Variation 2265,Endurance,Machine,Beginner,Back,3.26,0.843
2266,Machine Bench Press Variation 2266,Hypertrophy,Machine,Advanced,Back,5.33,0.681
2267,Dumbbell Lunge Variation 2267,Hypertrophy,Dumbbell,Elite,Arms,11.97,0.841
2268,Dumbbell Overhead Press Variation 2268,Rehab,Dumbbell,Elite,Full Body,6.30,0.467
2269,Kettlebell Overhead Press Variation 2269,Hypertrophy,Kettlebell,Elite,Legs,10.06,0.366
2270,Machine Plank Variation 2270,Endurance,Machine,Beginner,Shoulders,9.67,0.190
2271,Machine Overhead Press Variation 2271,Hypertrophy,Machine,Intermediate,Chest,10.27,0.268
2272,Machine Barbell Row Variation 2272,Hypertrophy,Machine,Beginner,Chest,11.80,0.860
2273,Machine Leg Press Variation 2273,Hypertrophy,Machine,Beginner,Full Body,9.03,0.355
2274,Machine Calf Raise Variation 2274,Core,Machine,Intermediate,Chest,5.70,0.251
2275,Bands Bench Press Variation 2275,Strength,Bands,Intermediate,Legs,7.99,0.270
2276,Kettlebell Pull-up Variation 2276,Rehab,Kettlebell,Advanced,Legs,8.78,0.483
2277,Cable Deadlift Variation 2277,Rehab,Cable,Beginner,Arms,9.88,0.337
2278,Bodyweight Squat Variation 2278,Rehab,Bodyweight,Beginner,Full Body,10.93,0.340
2279,Kettlebell Crunch Variation 2279,Rehab,Kettlebell,Intermediate,Legs,9.62,0.587
2280,Machine Pull-up Variation 2280,Rehab,Machine,Beginner,Legs,6.53,0.143
2281,Bodyweight Lat Pulldown Variation 2281,Core,Bodyweight,Elite,Legs,3.66,0.811
2282,Dumbbell Lunge Variation 2282,Power,Dumbbell,Beginner,Back,11.58,0.304
2283,Barbell Calf Raise Variation 2283,Endurance,Barbell,Advanced,Full Body,7.84,0.479
2284,Bodyweight Lunge Variation 2284,Core,Bodyweight,Beginner,Back,8.27,0.359
2285,Dumbbell Cable Fly Variation 2285,Endurance,Dumbbell,Advanced,Arms,11.97,0.319
2286,Machine Pull-up Variation 2286,Endurance,Machine,Beginner,Back,8.52,0.322
2287,Kettlebell Deadlift Variation 2287,Power,Kettlebell,Advanced,Full Body,3.28,0.137
2288,Kettlebell Plank Variation 2288,Hypertrophy,Kettlebell,Intermediate,Shoulders,5.76,0.634
2289,Barbell Lunge Variation 2289,Rehab,Barbell,Beginner,Shoulders,11.70,0.798
2290,Bands Crunch Variation 2290,Power,Bands,Beginner,Core,4.74,0.321
2291,Machine Dumbbell Curl Variation 2291,Power,Machine,Beginner,Shoulders,8.60,0.135
2292,Bodyweight Lunge Variation 2292,Strength,Bodyweight,Elite,Chest,8.75,0.162
2293,Bands Cable Fly Variation 2293,Hypertrophy,Bands,Intermediate,Legs,7.31,0.486
2294,Machine Bench Press Variation 2294,Strength,Machine,Elite,Core,6.55,0.786
2295,Barbell Pull-up Variation 2295,Endurance,Barbell,Advanced,Full Body,7.46,0.605
2296,Machine Squat Variation 2296,Power,Machine,Advanced,Legs,3.35,0.683
2297,Barbell Cable Fly Variation 2297,Core,Barbell,Advanced,Legs,3.36,0.384
2298,Bands Dumbbell Curl Variation 2298,Strength,Bands,Beginner,Chest,5.96,0.203
2299,Bands Squat Variation 2299,Rehab,Bands,Intermediate,Arms,6.35,0.795
2300,Dumbbell Squat Variation 2300,Endurance,Dumbbell,Elite,Chest,5.01,0.103
2301,Cable Squat Variation 2301,Strength,Cable,Intermediate,Arms,4.32,0.479
2302,Bodyweight Lunge Variation 2302,Endurance,Bodyweight,Beginner,Full Body,9.31,0.130
2303,Kettlebell Lunge Variation 2303,Hypertrophy,Kettlebell,Beginner,Chest,9.95,0.648
2304,Kettlebell Dumbbell Curl Variation 2304,Core,Kettlebell,Advanced,Arms,4.45,0.185
2305,Machine Pull-up Variation 2305,Rehab,Machine,Advanced,Back,11.62,0.687
2306,Machine Dumbbell Curl Variation 2306,Strength,Machine,Elite,Chest,6.62,0.498
2307,Cable Tricep Extension Variation 2307,Core,Cable,Intermediate,Back,9.92,0.255
2308,Kettlebell Calf Raise Variation 2308,Rehab,Kettlebell,Beginner,Shoulders,10.50,0.347
2309,Dumbbell Dumbbell Curl Variation 2309,Core,Dumbbell,Elite,Back,7.26,0.185
2310,Bands Pull-up Variation 2310,Core,Bands,Beginner,Chest,7.07,0.883
2311,Cable Deadlift Variation 2311,Core,Cable,Elite,Shoulders,8.39,0.329
2312,Dumbbell Cable Fly Variation 2312,Core,Dumbbell,Advanced,Core,3.49,0.258
2313,Bodyweight Overhead Press Variation 2313,Strength,Bodyweight,Beginner,Legs,10.78,0.413
2314,Machine Deadlift Variation 2314,Power,Machine,Advanced,Chest,7.19,0.726
2315,Cable Leg Press Variation 2315,Strength,Cable,Elite,Back,10.61,0.207
2316,Dumbbell Pull-up Variation 2316,Power,Dumbbell,Beginner,Arms,11.01,0.756
2317,Dumbbell Lunge Variation 2317,Core,Dumbbell,Intermediate,Shoulders,10.15,0.356
2318,Barbell Plank Variation 2318,Hypertrophy,Barbell,Intermediate,Back,10.68,0.338
2319,Bands Overhead Press Variation 2319,Hypertrophy,Bands,Intermediate,Legs,8.40,0.484
2320,Dumbbell Overhead Press Variation 2320,Power,Dumbbell,Elite,Arms,3.58,0.891
2321,Bodyweight Plank Variation 2321,Core,Bodyweight,Elite,Back,9.37,0.672
2322,Bands Cable Fly Variation 2322,Rehab,Bands,Beginner,Full Body,11.14,0.448
2323,Barbell Tricep Extension Variation 2323,Core,Barbell,Intermediate,Legs,10.05,0.821
2324,Machine Squat Variation 2324,Rehab,Machine,Intermediate,Shoulders,11.88,0.622
2325,Dumbbell Plank Variation 2325,Endurance,Dumbbell,Beginner,Legs,4.30,0.373
2326,Machine Tricep Extension Variation 2326,Core,Machine,Beginner,Arms,6.12,0.427
2327,Bodyweight Tricep Extension Variation 2327,Power,Bodyweight,Advanced,Arms,5.85,0.232
2328,Machine Crunch Variation 2328,Strength,Machine,Intermediate,Core,3.28,0.391
2329,Machine Dumbbell Curl Variation 2329,Core,Machine,Elite,Full Body,4.02,0.777
2330,Bands Dumbbell Curl Variation 2330,Endurance,Bands,Intermediate,Shoulders,10.68,0.248
2331,Machine Calf Raise Variation 2331,Strength,Machine,Advanced,Legs,10.89,0.705
2332,Bodyweight Overhead Press Variation 2332,Strength,Bodyweight,Advanced,Full Body,7.22,0.297
2333,Machine Calf Raise Variation 2333,Hypertrophy,Machine,Elite,Legs,4.03,0.837
2334,Machine Leg Press Variation 2334,Power,Machine,Beginner,Back,5.41,0.262
2335,Barbell Tricep Extension Variation 2335,Strength,Barbell,Advanced,Core,4.07,0.258
2336,Machine Squat Variation 2336,Core,Machine,Intermediate,Core,3.00,0.318
2337,Barbell Pull-up Variation 2337,Core,Barbell,Advanced,Full Body,11.56,0.712
2338,Bands Lat Pulldown Variation 2338,Rehab,Bands,Advanced,Shoulders,10.76,0.355
2339,Kettlebell Tricep Extension Variation 2339,Strength,Kettlebell,Advanced,Chest,11.85,0.762
2340,Bodyweight Bench Press Variation 2340,Rehab,Bodyweight,Advanced,Full Body,7.10,0.768
2341,Barbell Cable Fly Variation 2341,Endurance,Barbell,Beginner,Full Body,7.14,0.205
2342,Dumbbell Plank Variation 2342,Endurance,Dumbbell,Beginner,Chest,4.85,0.157
2343,Bands Lat Pulldown Variation 2343,Rehab,Bands,Intermediate,Chest,9.82,0.424
2344,Machine Bench Press Variation 2344,Strength,Machine,Advanced,Back,8.89,0.488
2345,Bodyweight Bench Press Variation 2345,Hypertrophy,Bodyweight,Advanced,Full Body,9.15,0.846
2346,Cable Overhead Press Variation 2346,Rehab,Cable,Beginner,Chest,4.42,0.433
2347,Kettlebell Cable Fly Variation 2347,Core,Kettlebell,Intermediate,Legs,8.64,0.727
2348,Kettlebell Cable Fly Variation 2348,Hypertrophy,Kettlebell,Intermediate,Core,6.29,0.247
2349,Barbell Lunge Variation 2349,Power,Barbell,Beginner,Core,11.67,0.562
2350,Bands Cable Fly Variation 2350,Core,Bands,Advanced,Shoulders,3.86,0.876
2351,Bodyweight Calf Raise Variation 2351,Endurance,Bodyweight,Beginner,Back,8.96,0.813
2352,Bodyweight Barbell Row Variation 2352,Hypertrophy,Bodyweight,Intermediate,Back,3.89,0.659
2353,Kettlebell Overhead Press Variation 2353,Endurance,Kettlebell,Intermediate,Shoulders,10.46,0.740
2354,Bodyweight Calf Raise Variation 2354,Strength,Bodyweight,Elite,Arms,9.67,0.188
2355,Bands Barbell Row Variation 2355,Strength,Bands,Beginner,Chest,9.59,0.391
2356,Kettlebell Lunge Variation 2356,Power,Kettlebell,Intermediate,Legs,6.00,0.426
2357,Kettlebell Lunge Variation 2357,Core,Kettlebell,Advanced,Chest,8.39,0.826
2358,Kettlebell Plank Variation 2358,Rehab,Kettlebell,Beginner,Legs,11.00,0.267
2359,Bodyweight Overhead Press Variation 2359,Hypertrophy,Bodyweight,Advanced,Legs,4.27,0.359
2360,Machine Barbell Row Variation 2360,Endurance,Machine,Advanced,Chest,4.91,0.350
2361,Machine Deadlift Variation 2361,Endurance,Machine,Advanced,Shoulders,9.84,0.607
2362,Machine Dumbbell Curl Variation 2362,Endurance,Machine,Advanced,Full Body,6.83,0.234
2363,Cable Plank Variation 2363,Power,Cable,Advanced,Core,10.61,0.110
2364,Barbell Pull-up Variation 2364,Strength,Barbell,Intermediate,Chest,10.42,0.368
2365,Machine Plank Variation 2365,Power,Machine,Advanced,Full Body,5.57,0.703
2366,Barbell Dumbbell Curl Variation 2366,Endurance,Barbell,Beginner,Legs,6.94,0.699
2367,Kettlebell Barbell Row Variation 2367,Hypertrophy,Kettlebell,Beginner,Legs,4.51,0.394
2368,Dumbbell Calf Raise Variation 2368,Strength,Dumbbell,Advanced,Full Body,11.30,0.497
2369,Kettlebell Pull-up Variation 2369,Endurance,Kettlebell,Elite,Shoulders,6.90,0.265
2370,Machine Leg Press Variation 2370,Endurance,Machine,Beginner,Full Body,4.03,0.313
2371,Kettlebell Lunge Variation 2371,Strength,Kettlebell,Advanced,Core,10.70,0.450
2372,Dumbbell Squat Variation 2372,Power,Dumbbell,Beginner,Core,10.99,0.604
2373,Cable Lunge Variation 2373,Endurance,Cable,Advanced,Shoulders,8.40,0.284
2374,Bodyweight Deadlift Variation 2374,Rehab,Bodyweight,Advanced,Back,4.53,0.810
2375,Dumbbell Dumbbell Curl Variation 2375,Core,Dumbbell,Advanced,Shoulders,5.68,0.339
2376,Barbell Deadlift Variation 2376,Hypertrophy,Barbell,Elite,Full Body,9.86,0.192
2377,Dumbbell Deadlift Variation 2377,Endurance,Dumbbell,Elite,Core,6.58,0.489
2378,Barbell Tricep Extension Variation 2378,Hypertrophy,Barbell,Beginner,Back,8.23,0.269
2379,Cable Pull-up Variation 2379,Rehab,Cable,Advanced,Chest,11.49,0.840
2380,Kettlebell Crunch Variation 2380,Core,Kettlebell,Beginner,Arms,11.24,0.497
2381,Bands Leg Press Variation 2381,Strength,Bands,Elite,Full Body,8.12,0.198
2382,Kettlebell Pull-up Variation 2382,Core,Kettlebell,Advanced,Arms,4.11,0.650
2383,Dumbbell Calf Raise Variation 2383,Strength,Dumbbell,Advanced,Legs,8.69,0.627
2384,Bands Overhead Press Variation 2384,Hypertrophy,Bands,Elite,Chest,9.87,0.251
2385,Cable Lat Pulldown Variation 2385,Strength,Cable,Elite,Shoulders,8.58,0.122
2386,Barbell Bench Press Variation 2386,Core,Barbell,Elite,Arms,3.32,0.562
2387,Barbell Cable Fly Variation 2387,Rehab,Barbell,Elite,Legs,3.73,0.423
2388,Dumbbell Calf Raise Variation 2388,Hypertrophy,Dumbbell,Advanced,Arms,11.13,0.600
2389,Cable Lunge Variation 2389,Endurance,Cable,Elite,Arms,4.17,0.459
2390,Dumbbell Tricep Extension Variation 2390,Power,Dumbbell,Intermediate,Back,6.55,0.128
2391,Bodyweight Tricep Extension Variation 2391,Power,Bodyweight,Beginner,Chest,4.76,0.185
2392,Barbell Barbell Row Variation 2392,Core,Barbell,Advanced,Back,8.37,0.287
2393,Machine Leg Press Variation 2393,Hypertrophy,Machine,Elite,Legs,11.39,0.810
2394,Dumbbell Bench Press Variation 2394,Core,Dumbbell,Advanced,Arms,8.81,0.236
2395,Bodyweight Deadlift Variation 2395,Rehab,Bodyweight,Intermediate,Legs,7.97,0.803
2396,Cable Bench Press Variation 2396,Power,Cable,Elite,Arms,11.54,0.866
2397,Bands Lat Pulldown Variation 2397,Strength,Bands,Beginner,Arms,5.72,0.651
2398,Kettlebell Calf Raise Variation 2398,Core,Kettlebell,Intermediate,Core,8.74,0.781
2399,Bodyweight Dumbbell Curl Variation 2399,Endurance,Bodyweight,Beginner,Shoulders,7.40,0.830
2400,Cable Lat Pulldown Variation 2400,Endurance,Cable,Beginner,Back,7.56,0.540
2401,Dumbbell Cable Fly Variation 2401,Hypertrophy,Dumbbell,Advanced,Arms,6.90,0.332
2402,Kettlebell Dumbbell Curl Variation 2402,Core,Kettlebell,Beginner,Arms,6.81,0.624
2403,Bands Squat Variation 2403,Power,Bands,Intermediate,Shoulders,10.27,0.107
2404,Bands Overhead Press Variation 2404,Strength,Bands,Intermediate,Arms,5.52,0.867
2405,Dumbbell Pull-up Variation 2405,Rehab,Dumbbell,Elite,Shoulders,10.97,0.684
2406,Kettlebell Overhead Press Variation 2406,Strength,Kettlebell,Elite,Legs,5.20,0.522
2407,Barbell Crunch Variation 2407,Power,Barbell,Advanced,Shoulders,7.45,0.499
2408,Barbell Tricep Extension Variation 2408,Core,Barbell,Intermediate,Back,10.82,0.343
2409,Bodyweight Plank Variation 2409,Rehab,Bodyweight,Elite,Arms,3.27,0.440
2410,Dumbbell Bench Press Variation 2410,Power,Dumbbell,Advanced,Legs,6.84,0.126
2411,Dumbbell Lat Pulldown Variation 2411,Hypertrophy,Dumbbell,Intermediate,Full Body,4.65,0.444
2412,Machine Lat Pulldown Variation 2412,Power,Machine,Intermediate,Chest,3.70,0.498
2413,Cable Barbell Row Variation 2413,Power,Cable,Elite,Shoulders,11.59,0.547
2414,Barbell Plank Variation 2414,Hypertrophy,Barbell,Beginner,Full Body,7.35,0.359
2415,Dumbbell Pull-up Variation 2415,Hypertrophy,Dumbbell,Advanced,Full Body,5.69,0.128
2416,Kettlebell Lunge Variation 2416,Endurance,Kettlebell,Beginner,Arms,7.93,0.339
2417,Cable Bench Press Variation 2417,Power,Cable,Intermediate,Back,10.26,0.448
2418,Cable Calf Raise Variation 2418,Core,Cable,Beginner,Chest,6.06,0.508
2419,Kettlebell Plank Variation 2419,Hypertrophy,Kettlebell,Beginner,Chest,10.03,0.175
2420,Bands Crunch Variation 2420,Hypertrophy,Bands,Beginner,Arms,10.88,0.297
2421,Barbell Tricep Extension Variation 2421,Endurance,Barbell,Beginner,Legs,4.67,0.812
2422,Cable Bench Press Variation 2422,Endurance,Cable,Advanced,Back,9.34,0.623
2423,Barbell Dumbbell Curl Variation 2423,Strength,Barbell,Elite,Full Body,8.27,0.225
2424,Dumbbell Tricep Extension Variation 2424,Hypertrophy,Dumbbell,Intermediate,Chest,9.70,0.783
2425,Bands Cable Fly Variation 2425,Core,Bands,Intermediate,Full Body,11.29,0.464
2426,Barbell Deadlift Variation 2426,Endurance,Barbell,Advanced,Core,7.68,0.408
2427,Barbell Crunch Variation 2427,Strength,Barbell,Beginner,Full Body,6.01,0.741
2428,Barbell Plank Variation 2428,Hypertrophy,Barbell,Beginner,Full Body,9.71,0.618
2429,Barbell Deadlift Variation 2429,Strength,Barbell,Intermediate,Back,6.57,0.896
2430,Dumbbell Deadlift Variation 2430,Hypertrophy,Dumbbell,Elite,Core,8.51,0.137
2431,Bands Tricep Extension Variation 2431,Core,Bands,Elite,Core,7.38,0.353
2432,Machine Dumbbell Curl Variation 2432,Core,Machine,Elite,Shoulders,4.79,0.846
2433,Dumbbell Cable Fly Variation 2433,Rehab,Dumbbell,Elite,Core,8.05,0.519
2434,Dumbbell Cable Fly Variation 2434,Core,Dumbbell,Elite,Arms,3.54,0.787
2435,Bands Barbell Row Variation 2435,Power,Bands,Intermediate,Chest,9.10,0.425
2436,Cable Lunge Variation 2436,Strength,Cable,Intermediate,Chest,3.18,0.604
2437,Dumbbell Leg Press Variation 2437,Core,Dumbbell,Intermediate,Legs,9.13,0.372
2438,Kettlebell Lunge Variation 2438,Strength,Kettlebell,Advanced,Back,6.56,0.351
2439,Kettlebell Dumbbell Curl Variation 2439,Core,Kettlebell,Advanced,Chest,11.66,0.581
2440,Barbell Plank Variation 2440,Hypertrophy,Barbell,Beginner,Shoulders,10.15,0.734
2441,Cable Dumbbell Curl Variation 2441,Rehab,Cable,Advanced,Chest,9.71,0.581
2442,Machine Leg Press Variation 2442,Rehab,Machine,Beginner,Core,5.03,0.809
2443,Barbell Barbell Row Variation 2443,Rehab,Barbell,Intermediate,Chest,11.20,0.641
2444,Barbell Leg Press Variation 2444,Endurance,Barbell,Advanced,Chest,10.06,0.486
2445,Machine Pull-up Variation 2445,Strength,Machine,Advanced,Core,9.56,0.487
2446,Dumbbell Dumbbell Curl Variation 2446,Core,Dumbbell,Elite,Core,4.36,0.863
2447,Dumbbell Cable Fly Variation 2447,Rehab,Dumbbell,Beginner,Chest,6.88,0.441
2448,Machine Dumbbell Curl Variation 2448,Core,Machine,Beginner,Legs,4.33,0.669
2449,Kettlebell Dumbbell Curl Variation 2449,Hypertrophy,Kettlebell,Advanced,Full Body,7.93,0.612
2450,Bodyweight Plank Variation 2450,Strength,Bodyweight,Intermediate,Back,11.20,0.335
2451,Bodyweight Lunge Variation 2451,Power,Bodyweight,Beginner,Full Body,3.83,0.154
2452,Barbell Squat Variation 2452,Core,Barbell,Intermediate,Arms,6.60,0.335
2453,Bands Lunge Variation 2453,Rehab,Bands,Intermediate,Legs,10.92,0.802
2454,Kettlebell Barbell Row Variation 2454,Power,Kettlebell,Elite,Full Body,9.68,0.674
2455,Bodyweight Bench Press Variation 2455,Power,Bodyweight,Beginner,Core,3.11,0.751
2456,Cable Crunch Variation 2456,Strength,Cable,Intermediate,Full Body,10.37,0.648
2457,Bands Bench Press Variation 2457,Endurance,Bands,Elite,Full Body,12.00,0.699
2458,Cable Dumbbell Curl Variation 2458,Core,Cable,Beginner,Legs,5.28,0.681
2459,Bands Calf Raise Variation 2459,Rehab,Bands,Beginner,Core,10.06,0.264
2460,Bands Bench Press Variation 2460,Core,Bands,Elite,Full Body,7.90,0.742
2461,Bands Barbell Row Variation 2461,Hypertrophy,Bands,Beginner,Back,4.30,0.272
2462,Kettlebell Pull-up Variation 2462,Core,Kettlebell,Beginner,Legs,8.61,0.675
2463,Dumbbell Squat Variation 2463,Strength,Dumbbell,Elite,Back,7.80,0.848
2464,Kettlebell Bench Press Variation 2464,Power,Kettlebell,Advanced,Legs,8.80,0.749
2465,Bodyweight Calf Raise Variation 2465,Endurance,Bodyweight,Advanced,Full Body,4.36,0.707
2466,Dumbbell Barbell Row Variation 2466,Core,Dumbbell,Beginner,Full Body,7.23,0.163
2467,Kettlebell Pull-up Variation 2467,Rehab,Kettlebell,Beginner,Arms,5.48,0.140
2468,Bands Barbell Row Variation 2468,Power,Bands,Elite,Chest,10.60,0.290
2469,Cable Pull-up Variation 2469,Endurance,Cable,Beginner,Shoulders,7.27,0.689
2470,Machine Dumbbell Curl Variation 2470,Hypertrophy,Machine,Advanced,Shoulders,9.07,0.626
2471,Kettlebell Leg Press Variation 2471,Strength,Kettlebell,Beginner,Legs,6.50,0.771
2472,Cable Dumbbell Curl Variation 2472,Strength,Cable,Advanced,Legs,10.19,0.632
2473,Bands Tricep Extension Variation 2473,Endurance,Bands,Beginner,Legs,9.67,0.776
2474,Cable Lunge Variation 2474,Rehab,Cable,Elite,Full Body,10.43,0.675
2475,Bands Bench Press Variation 2475,Strength,Bands,Beginner,Chest,7.27,0.144
2476,Cable Dumbbell Curl Variation 2476,Hypertrophy,Cable,Advanced,Shoulders,3.63,0.386
2477,Bands Barbell Row Variation 2477,Power,Bands,Beginner,Full Body,8.03,0.369
2478,Bands Lat Pulldown Variation 2478,Rehab,Bands,Elite,Chest,5.40,0.368
2479,Dumbbell Barbell Row Variation 2479,Hypertrophy,Dumbbell,Beginner,Core,10.30,0.791
2480,Dumbbell Deadlift Variation 2480,Endurance,Dumbbell,Advanced,Shoulders,7.60,0.249
2481,Cable Crunch Variation 2481,Hypertrophy,Cable,Beginner,Chest,5.03,0.723
2482,Bands Crunch Variation 2482,Endurance,Bands,Elite,Back,5.79,0.795
2483,Cable Tricep Extension Variation 2483,Core,Cable,Beginner,Chest,5.91,0.659
2484,Bodyweight Barbell Row Variation 2484,Endurance,Bodyweight,Intermediate,Legs,9.69,0.360
2485,Bands Lat Pulldown Variation 2485,Core,Bands,Beginner,Back,6.98,0.778
2486,Barbell Leg Press Variation 2486,Strength,Barbell,Elite,Chest,3.20,0.153
2487,Dumbbell Leg Press Variation 2487,Core,Dumbbell,Intermediate,Legs,6.29,0.142
2488,Dumbbell Overhead Press Variation 2488,Core,Dumbbell,Intermediate,Full Body,5.82,0.677
2489,Barbell Plank Variation 2489,Strength,Barbell,Advanced,Core,4.67,0.122
2490,Kettlebell Pull-up Variation 2490,Endurance,Kettlebell,Elite,Shoulders,3.37,0.727
2491,Barbell Dumbbell Curl Variation 2491,Hypertrophy,Barbell,Advanced,Back,9.21,0.528
2492,Cable Deadlift Variation 2492,Power,Cable,Intermediate,Arms,6.06,0.506
2493,Bands Plank Variation 2493,Rehab,Bands,Beginner,Chest,5.29,0.514
2494,Kettlebell Lat Pulldown Variation 2494,Power,Kettlebell,Intermediate,Back,4.83,0.895
2495,Bands Crunch Variation 2495,Rehab,Bands,Elite,Full Body,10.26,0.457
2496,Dumbbell Overhead Press Variation 2496,Strength,Dumbbell,Elite,Chest,9.37,0.632
2497,Machine Deadlift Variation 2497,Hypertrophy,Machine,Beginner,Back,3.86,0.207
2498,Barbell Tricep Extension Variation 2498,Hypertrophy,Barbell,Beginner,Legs,4.47,0.815
2499,Dumbbell Cable Fly Variation 2499,Rehab,Dumbbell,Intermediate,Legs,8.85,0.724
2500,Machine Barbell Row Variation 2500,Core,Machine,Elite,Legs,11.44,0.168
2501,Kettlebell Pull-up Variation 2501,Hypertrophy,Kettlebell,Advanced,Shoulders,8.75,0.270
2502,Dumbbell Lat Pulldown Variation 2502,Core,Dumbbell,Intermediate,Legs,7.38,0.862
2503,Machine Crunch Variation 2503,Endurance,Machine,Elite,Full Body,3.92,0.158
2504,Dumbbell Lunge Variation 2504,Power,Dumbbell,Intermediate,Legs,7.86,0.803
2505,Bands Pull-up Variation 2505,Core,Bands,Advanced,Chest,9.94,0.829
2506,Dumbbell Squat Variation 2506,Core,Dumbbell,Advanced,Shoulders,6.08,0.367
2507,Cable Overhead Press Variation 2507,Endurance,Cable,Advanced,Legs,10.64,0.410
2508,Cable Barbell Row Variation 2508,Endurance,Cable,Elite,Arms,5.73,0.390
2509,Barbell Pull-up Variation 2509,Core,Barbell,Advanced,Shoulders,8.15,0.117
2510,Dumbbell Bench Press Variation 2510,Hypertrophy,Dumbbell,Intermediate,Shoulders,9.17,0.239
2511,Bodyweight Lat Pulldown Variation 2511,Hypertrophy,Bodyweight,Intermediate,Arms,6.54,0.235
2512,Cable Overhead Press Variation 2512,Hypertrophy,Cable,Intermediate,Back,6.75,0.332
2513,Kettlebell Lat Pulldown Variation 2513,Strength,Kettlebell,Advanced,Shoulders,8.30,0.457
2514,Barbell Bench Press Variation 2514,Rehab,Barbell,Advanced,Full Body,3.66,0.768
2515,Cable Cable Fly Variation 2515,Core,Cable,Intermediate,Legs,8.91,0.895
2516,Machine Barbell Row Variation 2516,Core,Machine,Advanced,Core,7.03,0.206
2517,Barbell Pull-up Variation 2517,Endurance,Barbell,Beginner,Back,5.87,0.672
2518,Dumbbell Barbell Row Variation 2518,Strength,Dumbbell,Beginner,Core,6.85,0.504
2519,Bodyweight Crunch Variation 2519,Endurance,Bodyweight,Advanced,Legs,4.26,0.873
2520,Barbell Tricep Extension Variation 2520,Hypertrophy,Barbell,Intermediate,Chest,10.88,0.599
2521,Cable Overhead Press Variation 2521,Rehab,Cable,Intermediate,Legs,5.99,0.146
2522,Cable Plank Variation 2522,Rehab,Cable,Advanced,Core,3.90,0.498
2523,Bodyweight Crunch Variation 2523,Endurance,Bodyweight,Intermediate,Legs,4.57,0.511
2524,Machine Tricep Extension Variation 2524,Hypertrophy,Machine,Elite,Full Body,9.30,0.420
2525,Dumbbell Bench Press Variation 2525,Strength,Dumbbell,Beginner,Chest,9.53,0.137
2526,Barbell Lat Pulldown Variation 2526,Power,Barbell,Elite,Legs,11.11,0.182
2527,Dumbbell Barbell Row Variation 2527,Power,Dumbbell,Elite,Full Body,4.29,0.404
2528,Cable Squat Variation 2528,Hypertrophy,Cable,Elite,Chest,4.32,0.784
2529,Machine Squat Variation 2529,Core,Machine,Intermediate,Arms,10.36,0.403
2530,Barbell Pull-up Variation 2530,Power,Barbell,Elite,Full Body,4.49,0.123
2531,Bands Crunch Variation 2531,Rehab,Bands,Elite,Shoulders,9.32,0.797
2532,Dumbbell Deadlift Variation 2532,Rehab,Dumbbell,Beginner,Back,3.64,0.287
2533,Bodyweight Cable Fly Variation 2533,Strength,Bodyweight,Advanced,Full Body,9.45,0.573
2534,Barbell Deadlift Variation 2534,Core,Barbell,Elite,Core,11.05,0.820
2535,Dumbbell Pull-up Variation 2535,Hypertrophy,Dumbbell,Elite,Chest,8.93,0.159
2536,Kettlebell Barbell Row Variation 2536,Hypertrophy,Kettlebell,Elite,Legs,4.94,0.659
2537,Bodyweight Lunge Variation 2537,Hypertrophy,Bodyweight,Elite,Core,11.79,0.212
2538,Kettlebell Leg Press Variation 2538,Power,Kettlebell,Beginner,Full Body,11.28,0.668
2539,Barbell Barbell Row Variation 2539,Hypertrophy,Barbell,Beginner,Back,10.83,0.714
2540,Machine Lunge Variation 2540,Power,Machine,Advanced,Legs,4.64,0.241
2541,Kettlebell Tricep Extension Variation 2541,Core,Kettlebell,Intermediate,Back,8.74,0.732
2542,Cable Cable Fly Variation 2542,Core,Cable,Advanced,Shoulders,4.06,0.660
2543,Dumbbell Bench Press Variation 2543,Core,Dumbbell,Advanced,Chest,7.59,0.667
2544,Bodyweight Plank Variation 2544,Core,Bodyweight,Intermediate,Chest,5.50,0.401
2545,Cable Bench Press Variation 2545,Endurance,Cable,Advanced,Chest,7.48,0.428
2546,Barbell Overhead Press Variation 2546,Hypertrophy,Barbell,Intermediate,Arms,11.63,0.732
2547,Barbell Calf Raise Variation 2547,Hypertrophy,Barbell,Elite,Arms,3.87,0.605
2548,Cable Barbell Row Variation 2548,Power,Cable,Advanced,Arms,10.04,0.833
2549,Machine Dumbbell Curl Variation 2549,Strength,Machine,Beginner,Core,8.20,0.590
2550,Bodyweight Leg Press Variation 2550,Hypertrophy,Bodyweight,Advanced,Back,7.47,0.671
2551,Machine Calf Raise Variation 2551,Rehab,Machine,Advanced,Back,9.21,0.701
2552,Kettlebell Lunge Variation 2552,Rehab,Kettlebell,Beginner,Arms,6.08,0.855
2553,Kettlebell Cable Fly Variation 2553,Hypertrophy,Kettlebell,Elite,Legs,11.29,0.244
2554,Barbell Overhead Press Variation 2554,Core,Barbell,Beginner,Arms,7.75,0.820
2555,Cable Plank Variation 2555,Strength,Cable,Elite,Back,10.55,0.336
2556,Cable Overhead Press Variation 2556,Strength,Cable,Beginner,Shoulders,4.38,0.678
2557,Barbell Plank Variation 2557,Power,Barbell,Beginner,Chest,5.39,0.158
2558,Kettlebell Bench Press Variation 2558,Hypertrophy,Kettlebell,Beginner,Shoulders,11.37,0.189
2559,Bodyweight Squat Variation 2559,Strength,Bodyweight,Beginner,Full Body,5.76,0.564
2560,Bands Squat Variation 2560,Rehab,Bands,Advanced,Core,10.89,0.729
2561,Bands Lunge Variation 2561,Rehab,Bands,Elite,Shoulders,4.73,0.401
2562,Kettlebell Barbell Row Variation 2562,Rehab,Kettlebell,Elite,Core,3.76,0.628
2563,Bodyweight Pull-up Variation 2563,Endurance,Bodyweight,Advanced,Full Body,5.80,0.243
2564,Machine Leg Press Variation 2564,Power,Machine,Elite,Chest,3.61,0.567
2565,Machine Calf Raise Variation 2565,Hypertrophy,Machine,Elite,Legs,9.30,0.631
2566,Bodyweight Tricep Extension Variation 2566,Core,Bodyweight,Beginner,Back,6.07,0.713
2567,Bodyweight Overhead Press Variation 2567,Rehab,Bodyweight,Elite,Chest,3.97,0.559
2568,Bands Lat Pulldown Variation 2568,Core,Bands,Elite,Back,3.45,0.619
2569,Barbell Lunge Variation 2569,Hypertrophy,Barbell,Beginner,Back,11.88,0.218
2570,Bands Crunch Variation 2570,Hypertrophy,Bands,Intermediate,Core,4.18,0.803
2571,Bands Plank Variation 2571,Endurance,Bands,Beginner,Shoulders,5.54,0.529
2572,Bands Leg Press Variation 2572,Strength,Bands,Advanced,Chest,9.47,0.640
2573,Bands Lat Pulldown Variation 2573,Power,Bands,Beginner,Back,10.63,0.800
2574,Cable Plank Variation 2574,Endurance,Cable,Elite,Back,4.18,0.664
2575,Barbell Lunge Variation 2575,Hypertrophy,Barbell,Beginner,Shoulders,9.49,0.885
2576,Bands Overhead Press Variation 2576,Strength,Bands,Elite,Chest,9.26,0.248
2577,Bodyweight Leg Press Variation 2577,Strength,Bodyweight,Advanced,Shoulders,9.77,0.574
2578,Barbell Lunge Variation 2578,Core,Barbell,Elite,Arms,6.07,0.613
2579,Bodyweight Lunge Variation 2579,Rehab,Bodyweight,Intermediate,Full Body,11.68,0.796
2580,Bodyweight Leg Press Variation 2580,Power,Bodyweight,Elite,Back,8.90,0.542
2581,Bands Bench Press Variation 2581,Hypertrophy,Bands,Intermediate,Arms,3.42,0.394
2582,Kettlebell Overhead Press Variation 2582,Strength,Kettlebell,Beginner,Legs,9.78,0.377
2583,Bands Squat Variation 2583,Core,Bands,Beginner,Core,11.32,0.683
2584,Machine Lunge Variation 2584,Rehab,Machine,Advanced,Core,10.30,0.436
2585,Barbell Dumbbell Curl Variation 2585,Rehab,Barbell,Elite,Core,4.79,0.686
2586,Bodyweight Dumbbell Curl Variation 2586,Core,Bodyweight,Advanced,Arms,10.53,0.533
2587,Kettlebell Plank Variation 2587,Rehab,Kettlebell,Beginner,Legs,8.35,0.174
2588,Dumbbell Overhead Press Variation 2588,Endurance,Dumbbell,Intermediate,Chest,3.20,0.150
2589,Dumbbell Calf Raise Variation 2589,Core,Dumbbell,Elite,Back,3.91,0.254
2590,Dumbbell Lat Pulldown Variation 2590,Strength,Dumbbell,Beginner,Chest,7.07,0.565
2591,Bands Plank Variation 2591,Power,Bands,Advanced,Legs,5.53,0.580
2592,Bands Squat Variation 2592,Power,Bands,Advanced,Shoulders,6.94,0.769
2593,Bands Tricep Extension Variation 2593,Rehab,Bands,Beginner,Chest,11.05,0.413
2594,Cable Lunge Variation 2594,Strength,Cable,Beginner,Legs,8.69,0.650
2595,Bodyweight Dumbbell Curl Variation 2595,Endurance,Bodyweight,Elite,Shoulders,10.50,0.261
2596,Machine Overhead Press Variation 2596,Hypertrophy,Machine,Intermediate,Arms,7.21,0.562
2597,Bodyweight Overhead Press Variation 2597,Strength,Bodyweight,Beginner,Full Body,10.11,0.248
2598,Machine Cable Fly Variation 2598,Core,Machine,Intermediate,Chest,10.05,0.296
2599,Machine Leg Press Variation 2599,Core,Machine,Beginner,Full Body,9.13,0.594
2600,Cable Deadlift Variation 2600,Rehab,Cable,Elite,Shoulders,11.26,0.305
2601,Bodyweight Overhead Press Variation 2601,Power,Bodyweight,Beginner,Chest,11.92,0.843
2602,Cable Plank Variation 2602,Hypertrophy,Cable,Elite,Back,8.32,0.528
2603,Cable Squat Variation 2603,Power,Cable,Intermediate,Legs,3.72,0.423
2604,Barbell Deadlift Variation 2604,Power,Barbell,Advanced,Arms,11.89,0.832
2605,Bodyweight Squat Variation 2605,Hypertrophy,Bodyweight,Intermediate,Back,3.69,0.725
2606,Bands Cable Fly Variation 2606,Power,Bands,Beginner,Core,3.44,0.355
2607,Barbell Leg Press Variation 2607,Core,Barbell,Advanced,Shoulders,9.60,0.888
2608,Kettlebell Crunch Variation 2608,Endurance,Kettlebell,Intermediate,Legs,4.32,0.452
2609,Machine Pull-up Variation 2609,Endurance,Machine,Intermediate,Legs,6.07,0.268
2610,Machine Lunge Variation 2610,Core,Machine,Intermediate,Core,5.84,0.270
2611,Bands Leg Press Variation 2611,Strength,Bands,Elite,Shoulders,6.04,0.861
2612,Cable Plank Variation 2612,Strength,Cable,Advanced,Chest,10.59,0.138
2613,Machine Plank Variation 2613,Hypertrophy,Machine,Elite,Shoulders,11.60,0.481
2614,Kettlebell Crunch Variation 2614,Endurance,Kettlebell,Elite,Legs,11.22,0.375
2615,Dumbbell Calf Raise Variation 2615,Strength,Dumbbell,Intermediate,Arms,5.89,0.538
2616,Bodyweight Barbell Row Variation 2616,Core,Bodyweight,Elite,Full Body,11.94,0.893
2617,Kettlebell Dumbbell Curl Variation 2617,Hypertrophy,Kettlebell,Elite,Back,11.34,0.423
2618,Dumbbell Dumbbell Curl Variation 2618,Hypertrophy,Dumbbell,Intermediate,Chest,3.45,0.835
2619,Machine Barbell Row Variation 2619,Strength,Machine,Elite,Shoulders,6.72,0.579
2620,Barbell Overhead Press Variation 2620,Endurance,Barbell,Elite,Full Body,3.11,0.568
2621,Bodyweight Bench Press Variation 2621,Rehab,Bodyweight,Advanced,Core,10.61,0.177
2622,Bands Bench Press Variation 2622,Power,Bands,Advanced,Legs,6.86,0.479
2623,Barbell Cable Fly Variation 2623,Power,Barbell,Beginner,Full Body,3.26,0.439
2624,Barbell Barbell Row Variation 2624,Rehab,Barbell,Advanced,Core,3.37,0.219
2625,Cable Dumbbell Curl Variation 2625,Core,Cable,Beginner,Chest,9.00,0.163
2626,Cable Leg Press Variation 2626,Rehab,Cable,Beginner,Back,9.98,0.882
2627,Cable Barbell Row Variation 2627,Hypertrophy,Cable,Beginner,Arms,5.80,0.600
2628,Kettlebell Dumbbell Curl Variation 2628,Rehab,Kettlebell,Elite,Back,6.45,0.738
2629,Kettlebell Calf Raise Variation 2629,Endurance,Kettlebell,Beginner,Shoulders,7.44,0.792
2630,Dumbbell Dumbbell Curl Variation 2630,Endurance,Dumbbell,Intermediate,Legs,10.82,0.411
2631,Bands Cable Fly Variation 2631,Hypertrophy,Bands,Elite,Arms,9.68,0.598
2632,Machine Crunch Variation 2632,Rehab,Machine,Beginner,Chest,4.26,0.830
2633,Dumbbell Calf Raise Variation 2633,Rehab,Dumbbell,Beginner,Arms,3.02,0.715
2634,Machine Plank Variation 2634,Endurance,Machine,Elite,Legs,3.00,0.227
2635,Kettlebell Deadlift Variation 2635,Core,Kettlebell,Elite,Legs,7.47,0.343
2636,Bands Plank Variation 2636,Endurance,Bands,Beginner,Back,7.19,0.156
2637,Bands Deadlift Variation 2637,Power,Bands,Elite,Full Body,9.71,0.433
2638,Machine Plank Variation 2638,Hypertrophy,Machine,Elite,Core,5.57,0.797
2639,Machine Crunch Variation 2639,Power,Machine,Intermediate,Legs,4.85,0.869
2640,Kettlebell Squat Variation 2640,Power,Kettlebell,Elite,Legs,8.58,0.220
2641,Dumbbell Cable Fly Variation 2641,Strength,Dumbbell,Intermediate,Full Body,10.42,0.565
2642,Kettlebell Dumbbell Curl Variation 2642,Core,Kettlebell,Intermediate,Back,4.59,0.442
2643,Dumbbell Squat Variation 2643,Core,Dumbbell,Advanced,Back,8.67,0.753
2644,Kettlebell Lunge Variation 2644,Hypertrophy,Kettlebell,Advanced,Arms,11.58,0.393
2645,Dumbbell Cable Fly Variation 2645,Core,Dumbbell,Beginner,Chest,9.65,0.437
2646,Cable Leg Press Variation 2646,Strength,Cable,Advanced,Full Body,3.49,0.608
2647,Kettlebell Cable Fly Variation 2647,Hypertrophy,Kettlebell,Elite,Arms,11.25,0.246
2648,Bands Deadlift Variation 2648,Endurance,Bands,Elite,Arms,10.57,0.784
2649,Barbell Barbell Row Variation 2649,Power,Barbell,Intermediate,Full Body,4.53,0.555
2650,Barbell Crunch Variation 2650,Endurance,Barbell,Intermediate,Back,4.02,0.485
2651,Bands Overhead Press Variation 2651,Strength,Bands,Advanced,Chest,7.53,0.868
2652,Machine Pull-up Variation 2652,Power,Machine,Advanced,Back,11.05,0.602
2653,Machine Lunge Variation 2653,Rehab,Machine,Elite,Arms,5.92,0.609
2654,Bands Barbell Row Variation 2654,Power,Bands,Intermediate,Back,5.44,0.412
2655,Bands Calf Raise Variation 2655,Rehab,Bands,Beginner,Back,8.59,0.400
2656,Cable Plank Variation 2656,Rehab,Cable,Elite,Shoulders,3.71,0.370
2657,Bands Cable Fly Variation 2657,Rehab,Bands,Beginner,Arms,10.50,0.442
2658,Kettlebell Calf Raise Variation 2658,Strength,Kettlebell,Beginner,Chest,8.75,0.736
2659,Kettlebell Plank Variation 2659,Hypertrophy,Kettlebell,Beginner,Chest,7.94,0.782
2660,Bands Tricep Extension Variation 2660,Power,Bands,Advanced,Back,5.95,0.639
2661,Dumbbell Tricep Extension Variation 2661,Rehab,Dumbbell,Beginner,Arms,6.17,0.677
2662,Bands Leg Press Variation 2662,Endurance,Bands,Intermediate,Shoulders,8.32,0.470
2663,Cable Pull-up Variation 2663,Endurance,Cable,Advanced,Core,11.43,0.273
2664,Bodyweight Bench Press Variation 2664,Core,Bodyweight,Intermediate,Shoulders,4.86,0.177
2665,Bodyweight Leg Press Variation 2665,Hypertrophy,Bodyweight,Elite,Back,9.86,0.365
2666,Bands Lat Pulldown Variation 2666,Hypertrophy,Bands,Elite,Chest,8.71,0.324
2667,Bodyweight Cable Fly Variation 2667,Power,Bodyweight,Beginner,Chest,11.64,0.168
2668,Barbell Barbell Row Variation 2668,Rehab,Barbell,Intermediate,Shoulders,4.18,0.877
2669,Bodyweight Crunch Variation 2669,Endurance,Bodyweight,Advanced,Back,4.35,0.721
2670,Dumbbell Bench Press Variation 2670,Rehab,Dumbbell,Beginner,Full Body,6.90,0.853
2671,Bands Barbell Row Variation 2671,Hypertrophy,Bands,Elite,Back,6.47,0.155
2672,Bodyweight Dumbbell Curl Variation 2672,Strength,Bodyweight,Elite,Core,8.67,0.658
2673,Dumbbell Lunge Variation 2673,Endurance,Dumbbell,Intermediate,Chest,11.46,0.391
2674,Kettlebell Barbell Row Variation 2674,Hypertrophy,Kettlebell,Intermediate,Full Body,10.18,0.195
2675,Machine Crunch Variation 2675,Hypertrophy,Machine,Beginner,Full Body,8.62,0.784
2676,Dumbbell Cable Fly Variation 2676,Power,Dumbbell,Beginner,Back,8.82,0.300
2677,Bodyweight Barbell Row Variation 2677,Strength,Bodyweight,Elite,Core,10.82,0.285
2678,Dumbbell Barbell Row Variation 2678,Hypertrophy,Dumbbell,Advanced,Back,9.03,0.663
2679,Machine Barbell Row Variation 2679,Rehab,Machine,Intermediate,Arms,9.61,0.772
2680,Kettlebell Barbell Row Variation 2680,Endurance,Kettlebell,Intermediate,Core,3.85,0.751
2681,Bodyweight Plank Variation 2681,Strength,Bodyweight,Beginner,Back,7.14,0.411
2682,Cable Plank Variation 2682,Endurance,Cable,Beginner,Shoulders,6.74,0.723
2683,Bands Deadlift Variation 2683,Hypertrophy,Bands,Intermediate,Core,10.76,0.625
2684,Bands Cable Fly Variation 2684,Strength,Bands,Elite,Legs,3.51,0.312
2685,Kettlebell Dumbbell Curl Variation 2685,Endurance,Kettlebell,Beginner,Core,6.70,0.390
2686,Bands Bench Press Variation 2686,Rehab,Bands,Elite,Arms,10.78,0.859
2687,Bands Bench Press Variation 2687,Strength,Bands,Intermediate,Chest,5.48,0.659
2688,Machine Cable Fly Variation 2688,Core,Machine,Beginner,Chest,10.74,0.848
2689,Bands Cable Fly Variation 2689,Strength,Bands,Elite,Legs,8.81,0.311
2690,Dumbbell Squat Variation 2690,Endurance,Dumbbell,Advanced,Back,5.56,0.330
2691,Machine Overhead Press Variation 2691,Hypertrophy,Machine,Advanced,Core,8.53,0.603
2692,Bodyweight Deadlift Variation 2692,Endurance,Bodyweight,Advanced,Core,7.93,0.652
2693,Machine Squat Variation 2693,Strength,Machine,Elite,Shoulders,9.30,0.883
2694,Bands Plank Variation 2694,Strength,Bands,Elite,Full Body,9.23,0.626
2695,Dumbbell Lunge Variation 2695,Rehab,Dumbbell,Advanced,Full Body,9.54,0.832
2696,Barbell Bench Press Variation 2696,Rehab,Barbell,Intermediate,Chest,3.13,0.479
2697,Bodyweight Lat Pulldown Variation 2697,Strength,Bodyweight,Advanced,Shoulders,5.09,0.480
2698,Bands Plank Variation 2698,Strength,Bands,Elite,Back,5.13,0.576
2699,Machine Cable Fly Variation 2699,Power,Machine,Intermediate,Chest,10.95,0.496
2700,Dumbbell Barbell Row Variation 2700,Strength,Dumbbell,Elite,Arms,6.93,0.230
2701,Cable Overhead Press Variation 2701,Power,Cable,Intermediate,Legs,7.74,0.237
2702,Barbell Lat Pulldown Variation 2702,Rehab,Barbell,Elite,Back,10.73,0.585
2703,Dumbbell Dumbbell Curl Variation 2703,Endurance,Dumbbell,Elite,Arms,5.22,0.548
2704,Bands Bench Press Variation 2704,Core,Bands,Beginner,Back,10.74,0.394
2705,Barbell Crunch Variation 2705,Core,Barbell,Intermediate,Arms,3.03,0.336
2706,Barbell Squat Variation 2706,Strength,Barbell,Beginner,Core,11.03,0.835
2707,Bodyweight Deadlift Variation 2707,Strength,Bodyweight,Elite,Chest,10.09,0.240
2708,Machine Barbell Row Variation 2708,Strength,Machine,Beginner,Back,4.92,0.190
2709,Kettlebell Tricep Extension Variation 2709,Core,Kettlebell,Advanced,Core,9.15,0.293
2710,Bands Tricep Extension Variation 2710,Core,Bands,Intermediate,Core,4.89,0.723
2711,Bands Tricep Extension Variation 2711,Endurance,Bands,Intermediate,Core,6.35,0.374
2712,Bands Dumbbell Curl Variation 2712,Power,Bands,Advanced,Core,4.84,0.761
2713,Kettlebell Tricep Extension Variation 2713,Core,Kettlebell,Beginner,Shoulders,9.62,0.697
2714,Bands Lat Pulldown Variation 2714,Hypertrophy,Bands,Elite,Chest,6.95,0.716
2715,Bodyweight Lunge Variation 2715,Endurance,Bodyweight,Advanced,Core,6.63,0.121
2716,Bodyweight Barbell Row Variation 2716,Rehab,Bodyweight,Beginner,Legs,5.54,0.522
2717,Bands Calf Raise Variation 2717,Power,Bands,Advanced,Legs,8.16,0.750
2718,Cable Plank Variation 2718,Hypertrophy,Cable,Elite,Legs,8.93,0.852
2719,Barbell Bench Press Variation 2719,Power,Barbell,Intermediate,Full Body,3.83,0.497
2720,Machine Bench Press Variation 2720,Hypertrophy,Machine,Advanced,Core,4.43,0.688
2721,Cable Barbell Row Variation 2721,Power,Cable,Beginner,Arms,3.65,0.673
2722,Cable Barbell Row Variation 2722,Strength,Cable,Beginner,Shoulders,9.29,0.136
2723,Cable Tricep Extension Variation 2723,Strength,Cable,Advanced,Core,6.54,0.781
2724,Bands Squat Variation 2724,Power,Bands,Advanced,Legs,11.11,0.544
2725,Bodyweight Bench Press Variation 2725,Core,Bodyweight,Elite,Back,6.22,0.562
2726,Dumbbell Plank Variation 2726,Rehab,Dumbbell,Intermediate,Chest,7.17,0.878
2727,Bodyweight Bench Press Variation 2727,Endurance,Bodyweight,Intermediate,Back,9.06,0.134
2728,Barbell Pull-up Variation 2728,Core,Barbell,Advanced,Core,8.83,0.266
2729,Cable Tricep Extension Variation 2729,Hypertrophy,Cable,Intermediate,Chest,8.45,0.569
2730,Machine Tricep Extension Variation 2730,Endurance,Machine,Beginner,Back,4.04,0.549
2731,Machine Calf Raise Variation 2731,Strength,Machine,Beginner,Chest,7.07,0.876
2732,Bands Deadlift Variation 2732,Core,Bands,Intermediate,Back,8.60,0.277
2733,Cable Plank Variation 2733,Hypertrophy,Cable,Elite,Chest,5.01,0.214
2734,Barbell Overhead Press Variation 2734,Rehab,Barbell,Beginner,Full Body,7.95,0.116
2735,Kettlebell Dumbbell Curl Variation 2735,Power,Kettlebell,Advanced,Shoulders,5.79,0.208
2736,Cable Crunch Variation 2736,Strength,Cable,Elite,Chest,10.90,0.115
2737,Machine Dumbbell Curl Variation 2737,Core,Machine,Advanced,Legs,6.12,0.607
2738,Kettlebell Crunch Variation 2738,Endurance,Kettlebell,Intermediate,Chest,7.12,0.513
2739,Machine Dumbbell Curl Variation 2739,Core,Machine,Advanced,Full Body,4.11,0.656
2740,Machine Plank Variation 2740,Hypertrophy,Machine,Beginner,Shoulders,4.17,0.495
2741,Bodyweight Dumbbell Curl Variation 2741,Hypertrophy,Bodyweight,Advanced,Chest,9.18,0.799
2742,Kettlebell Squat Variation 2742,Core,Kettlebell,Intermediate,Full Body,11.92,0.354
2743,Bands Cable Fly Variation 2743,Endurance,Bands,Intermediate,Back,4.65,0.594
2744,Dumbbell Cable Fly Variation 2744,Rehab,Dumbbell,Advanced,Back,3.21,0.871
2745,Bands Tricep Extension Variation 2745,Core,Bands,Beginner,Arms,5.58,0.898
2746,Cable Tricep Extension Variation 2746,Hypertrophy,Cable,Elite,Core,10.37,0.295
2747,Barbell Lunge Variation 2747,Strength,Barbell,Intermediate,Arms,10.19,0.420
2748,Bands Bench Press Variation 2748,Rehab,Bands,Advanced,Core,3.79,0.889
2749,Machine Bench Press Variation 2749,Core,Machine,Beginner,Chest,10.50,0.245
2750,Bodyweight Lunge Variation 2750,Power,Bodyweight,Intermediate,Shoulders,9.21,0.563
2751,Dumbbell Lat Pulldown Variation 2751,Endurance,Dumbbell,Advanced,Arms,11.55,0.109
2752,Bodyweight Cable Fly Variation 2752,Strength,Bodyweight,Intermediate,Core,9.32,0.755
2753,Barbell Lat Pulldown Variation 2753,Hypertrophy,Barbell,Beginner,Shoulders,8.72,0.845
2754,Machine Barbell Row Variation 2754,Endurance,Machine,Intermediate,Back,6.51,0.132
2755,Barbell Crunch Variation 2755,Power,Barbell,Intermediate,Legs,4.34,0.684
2756,Machine Lat Pulldown Variation 2756,Hypertrophy,Machine,Elite,Arms,4.81,0.235
2757,Kettlebell Pull-up Variation 2757,Hypertrophy,Kettlebell,Beginner,Shoulders,5.55,0.671
2758,Kettlebell Crunch Variation 2758,Rehab,Kettlebell,Advanced,Shoulders,10.71,0.337
2759,Kettlebell Crunch Variation 2759,Strength,Kettlebell,Elite,Full Body,6.61,0.450
2760,Kettlebell Cable Fly Variation 2760,Hypertrophy,Kettlebell,Intermediate,Chest,4.47,0.392
2761,Barbell Lunge Variation 2761,Rehab,Barbell,Elite,Legs,11.50,0.711
2762,Bands Lat Pulldown Variation 2762,Endurance,Bands,Intermediate,Chest,6.57,0.491
2763,Bands Barbell Row Variation 2763,Rehab,Bands,Elite,Chest,10.63,0.784
2764,Cable Plank Variation 2764,Rehab,Cable,Beginner,Full Body,10.31,0.796
2765,Bands Lat Pulldown Variation 2765,Strength,Bands,Intermediate,Core,4.08,0.382
2766,Bands Barbell Row Variation 2766,Strength,Bands,Intermediate,Core,11.84,0.747
2767,Bodyweight Lat Pulldown Variation 2767,Rehab,Bodyweight,Intermediate,Legs,10.10,0.405
2768,Bodyweight Lat Pulldown Variation 2768,Power,Bodyweight,Intermediate,Shoulders,4.92,0.858
2769,Machine Bench Press Variation 2769,Core,Machine,Elite,Shoulders,6.73,0.723
2770,Machine Cable Fly Variation 2770,Rehab,Machine,Advanced,Legs,3.06,0.547
2771,Dumbbell Overhead Press Variation 2771,Rehab,Dumbbell,Intermediate,Legs,10.06,0.615
2772,Bands Plank Variation 2772,Power,Bands,Advanced,Back,8.75,0.259
2773,Dumbbell Lat Pulldown Variation 2773,Power,Dumbbell,Advanced,Shoulders,3.14,0.758
2774,Dumbbell Barbell Row Variation 2774,Strength,Dumbbell,Elite,Chest,7.31,0.656
2775,Barbell Crunch Variation 2775,Endurance,Barbell,Elite,Arms,3.82,0.613
2776,Dumbbell Lat Pulldown Variation 2776,Core,Dumbbell,Beginner,Arms,9.79,0.529
2777,Cable Dumbbell Curl Variation 2777,Hypertrophy,Cable,Elite,Back,9.56,0.180
2778,Bands Lunge Variation 2778,Endurance,Bands,Advanced,Full Body,7.83,0.865
2779,Cable Pull-up Variation 2779,Power,Cable,Intermediate,Shoulders,9.67,0.416
2780,Kettlebell Leg Press Variation 2780,Strength,Kettlebell,Advanced,Full Body,5.80,0.866
2781,Cable Lat Pulldown Variation 2781,Strength,Cable,Advanced,Full Body,11.64,0.793
2782,Bodyweight Overhead Press Variation 2782,Endurance,Bodyweight,Elite,Legs,3.25,0.492
2783,Bodyweight Bench Press Variation 2783,Strength,Bodyweight,Advanced,Chest,5.43,0.636
2784,Barbell Crunch Variation 2784,Core,Barbell,Beginner,Back,3.66,0.854
2785,Barbell Lat Pulldown Variation 2785,Endurance,Barbell,Advanced,Arms,11.51,0.114
2786,Cable Crunch Variation 2786,Hypertrophy,Cable,Advanced,Legs,3.54,0.451
2787,Bands Plank Variation 2787,Power,Bands,Advanced,Chest,6.72,0.163
2788,Machine Lat Pulldown Variation 2788,Rehab,Machine,Advanced,Core,6.43,0.551
2789,Bands Crunch Variation 2789,Core,Bands,Intermediate,Full Body,9.69,0.109
2790,Dumbbell Plank Variation 2790,Hypertrophy,Dumbbell,Advanced,Full Body,7.72,0.285
2791,Machine Pull-up Variation 2791,Power,Machine,Elite,Arms,10.28,0.700
2792,Machine Crunch Variation 2792,Power,Machine,Elite,Legs,3.95,0.356
2793,Cable Squat Variation 2793,Core,Cable,Beginner,Chest,9.44,0.574
2794,Bodyweight Bench Press Variation 2794,Power,Bodyweight,Intermediate,Back,4.45,0.682
2795,Kettlebell Leg Press Variation 2795,Rehab,Kettlebell,Elite,Chest,6.83,0.303
2796,Bands Lat Pulldown Variation 2796,Power,Bands,Beginner,Back,10.48,0.582
2797,Machine Cable Fly Variation 2797,Rehab,Machine,Elite,Legs,8.97,0.400
2798,Barbell Pull-up Variation 2798,Core,Barbell,Elite,Full Body,8.86,0.207
2799,Dumbbell Barbell Row Variation 2799,Power,Dumbbell,Advanced,Arms,5.62,0.175
2800,Bands Plank Variation 2800,Strength,Bands,Beginner,Shoulders,6.75,0.630
2801,Cable Dumbbell Curl Variation 2801,Rehab,Cable,Intermediate,Full Body,3.94,0.545
2802,Bands Deadlift Variation 2802,Power,Bands,Advanced,Chest,6.23,0.468
2803,Dumbbell Tricep Extension Variation 2803,Rehab,Dumbbell,Advanced,Core,7.55,0.755
2804,Cable Pull-up Variation 2804,Endurance,Cable,Advanced,Shoulders,6.25,0.832
2805,Cable Deadlift Variation 2805,Core,Cable,Advanced,Full Body,6.75,0.450
2806,Bodyweight Squat Variation 2806,Endurance,Bodyweight,Intermediate,Legs,5.43,0.170
2807,Cable Plank Variation 2807,Strength,Cable,Beginner,Full Body,8.37,0.158
2808,Dumbbell Lat Pulldown Variation 2808,Strength,Dumbbell,Beginner,Chest,9.99,0.713
2809,Machine Leg Press Variation 2809,Rehab,Machine,Beginner,Core,9.10,0.285
2810,Bands Cable Fly Variation 2810,Strength,Bands,Elite,Chest,10.45,0.119
2811,Dumbbell Barbell Row Variation 2811,Endurance,Dumbbell,Advanced,Shoulders,3.11,0.493
2812,Dumbbell Lunge Variation 2812,Strength,Dumbbell,Beginner,Full Body,10.87,0.452
2813,Cable Crunch Variation 2813,Strength,Cable,Beginner,Shoulders,3.31,0.436
2814,Bands Lunge Variation 2814,Hypertrophy,Bands,Beginner,Core,9.09,0.899
2815,Bodyweight Deadlift Variation 2815,Rehab,Bodyweight,Elite,Full Body,6.90,0.228
2816,Bodyweight Plank Variation 2816,Power,Bodyweight,Intermediate,Chest,5.53,0.157
2817,Machine Cable Fly Variation 2817,Rehab,Machine,Intermediate,Full Body,6.71,0.211
2818,Dumbbell Plank Variation 2818,Core,Dumbbell,Intermediate,Arms,11.82,0.117
2819,Bodyweight Calf Raise Variation 2819,Rehab,Bodyweight,Beginner,Core,5.89,0.304
2820,Kettlebell Cable Fly Variation 2820,Endurance,Kettlebell,Beginner,Chest,11.13,0.667
2821,Kettlebell Cable Fly Variation 2821,Endurance,Kettlebell,Beginner,Back,4.23,0.230
2822,Barbell Overhead Press Variation 2822,Strength,Barbell,Elite,Core,11.48,0.464
2823,Machine Dumbbell Curl Variation 2823,Strength,Machine,Intermediate,Core,8.97,0.321
2824,Kettlebell Tricep Extension Variation 2824,Endurance,Kettlebell,Intermediate,Full Body,9.33,0.125
2825,Dumbbell Bench Press Variation 2825,Hypertrophy,Dumbbell,Beginner,Back,5.44,0.795
2826,Machine Squat Variation 2826,Strength,Machine,Elite,Arms,9.51,0.420
2827,Bands Pull-up Variation 2827,Hypertrophy,Bands,Beginner,Back,10.69,0.175
2828,Machine Crunch Variation 2828,Strength,Machine,Beginner,Core,8.15,0.230
2829,Dumbbell Plank Variation 2829,Strength,Dumbbell,Intermediate,Back,4.49,0.368
2830,Bodyweight Crunch Variation 2830,Power,Bodyweight,Advanced,Shoulders,5.91,0.665
2831,Bodyweight Calf Raise Variation 2831,Hypertrophy,Bodyweight,Elite,Chest,7.44,0.234
2832,Kettlebell Crunch Variation 2832,Endurance,Kettlebell,Elite,Core,7.38,0.807
2833,Bodyweight Crunch Variation 2833,Core,Bodyweight,Beginner,Full Body,11.93,0.886
2834,Kettlebell Deadlift Variation 2834,Endurance,Kettlebell,Advanced,Legs,9.05,0.542
2835,Barbell Squat Variation 2835,Hypertrophy,Barbell,Beginner,Arms,7.35,0.747
2836,Dumbbell Squat Variation 2836,Endurance,Dumbbell,Beginner,Full Body,7.45,0.639
2837,Kettlebell Dumbbell Curl Variation 2837,Power,Kettlebell,Advanced,Full Body,7.94,0.215
2838,Kettlebell Dumbbell Curl Variation 2838,Power,Kettlebell,Advanced,Legs,7.32,0.644
2839,Bands Dumbbell Curl Variation 2839,Rehab,Bands,Intermediate,Chest,4.90,0.678
2840,Barbell Cable Fly Variation 2840,Power,Barbell,Elite,Legs,3.49,0.229
2841,Barbell Lunge Variation 2841,Power,Barbell,Intermediate,Back,5.55,0.123
2842,Bands Squat Variation 2842,Hypertrophy,Bands,Elite,Arms,5.74,0.432
2843,Machine Cable Fly Variation 2843,Endurance,Machine,Elite,Back,8.39,0.743
2844,Kettlebell Pull-up Variation 2844,Endurance,Kettlebell,Intermediate,Chest,10.09,0.395
2845,Cable Overhead Press Variation 2845,Power,Cable,Advanced,Back,5.40,0.150
2846,Bodyweight Dumbbell Curl Variation 2846,Strength,Bodyweight,Advanced,Full Body,11.93,0.131
2847,Bands Barbell Row Variation 2847,Hypertrophy,Bands,Elite,Arms,10.19,0.215
2848,Dumbbell Overhead Press Variation 2848,Hypertrophy,Dumbbell,Beginner,Chest,3.96,0.452
2849,Bands Cable Fly Variation 2849,Hypertrophy,Bands,Elite,Legs,3.97,0.611
2850,Dumbbell Dumbbell Curl Variation 2850,Core,Dumbbell,Beginner,Chest,8.64,0.558
2851,Bands Lunge Variation 2851,Rehab,Bands,Intermediate,Back,4.44,0.890
2852,Barbell Dumbbell Curl Variation 2852,Power,Barbell,Elite,Legs,5.63,0.805
2853,Bodyweight Deadlift Variation 2853,Core,Bodyweight,Elite,Back,6.51,0.644
2854,Dumbbell Bench Press Variation 2854,Endurance,Dumbbell,Elite,Arms,4.56,0.797
2855,Bands Pull-up Variation 2855,Power,Bands,Beginner,Arms,9.82,0.166
2856,Bands Lat Pulldown Variation 2856,Hypertrophy,Bands,Elite,Core,9.28,0.574
2857,Barbell Bench Press Variation 2857,Power,Barbell,Intermediate,Back,3.69,0.279
2858,Barbell Deadlift Variation 2858,Power,Barbell,Beginner,Back,3.51,0.737
2859,Dumbbell Lunge Variation 2859,Power,Dumbbell,Elite,Back,4.37,0.776
2860,Cable Tricep Extension Variation 2860,Strength,Cable,Advanced,Core,6.38,0.745
2861,Dumbbell Overhead Press Variation 2861,Rehab,Dumbbell,Beginner,Core,7.36,0.776
2862,Cable Dumbbell Curl Variation 2862,Rehab,Cable,Elite,Arms,4.70,0.645
2863,Bands Deadlift Variation 2863,Rehab,Bands,Beginner,Full Body,9.92,0.290
2864,Dumbbell Plank Variation 2864,Hypertrophy,Dumbbell,Beginner,Back,9.97,0.672
2865,Bodyweight Dumbbell Curl Variation 2865,Rehab,Bodyweight,Beginner,Chest,10.73,0.401
2866,Barbell Squat Variation 2866,Core,Barbell,Advanced,Core,4.67,0.687
2867,Machine Squat Variation 2867,Core,Machine,Intermediate,Chest,3.07,0.836
2868,Barbell Plank Variation 2868,Strength,Barbell,Advanced,Full Body,10.75,0.486
2869,Kettlebell Squat Variation 2869,Strength,Kettlebell,Elite,Core,7.51,0.739
2870,Barbell Crunch Variation 2870,Rehab,Barbell,Advanced,Full Body,6.71,0.390
2871,Barbell Squat Variation 2871,Rehab,Barbell,Intermediate,Full Body,10.19,0.277
2872,Machine Tricep Extension Variation 2872,Hypertrophy,Machine,Advanced,Legs,8.09,0.201
2873,Bands Squat Variation 2873,Hypertrophy,Bands,Elite,Full Body,4.83,0.218
2874,Kettlebell Lunge Variation 2874,Endurance,Kettlebell,Beginner,Back,11.46,0.706
2875,Barbell Dumbbell Curl Variation 2875,Strength,Barbell,Beginner,Core,4.06,0.550
2876,Bands Barbell Row Variation 2876,Hypertrophy,Bands,Advanced,Shoulders,8.21,0.192
2877,Kettlebell Cable Fly Variation 2877,Endurance,Kettlebell,Advanced,Back,5.85,0.403
2878,Kettlebell Plank Variation 2878,Power,Kettlebell,Elite,Chest,9.62,0.597
2879,Barbell Crunch Variation 2879,Power,Barbell,Intermediate,Shoulders,3.70,0.344
2880,Bodyweight Deadlift Variation 2880,Rehab,Bodyweight,Beginner,Core,10.61,0.887
2881,Bands Leg Press Variation 2881,Core,Bands,Elite,Full Body,10.60,0.720
2882,Barbell Calf Raise Variation 2882,Power,Barbell,Beginner,Arms,6.46,0.595
2883,Cable Deadlift Variation 2883,Hypertrophy,Cable,Intermediate,Core,4.47,0.777
2884,Machine Lat Pulldown Variation 2884,Hypertrophy,Machine,Advanced,Chest,11.42,0.780
2885,Cable Bench Press Variation 2885,Core,Cable,Intermediate,Chest,4.98,0.538
2886,Dumbbell Cable Fly Variation 2886,Power,Dumbbell,Advanced,Full Body,8.53,0.868
2887,Bands Crunch Variation 2887,Core,Bands,Elite,Legs,3.74,0.366
2888,Barbell Barbell Row Variation 2888,Endurance,Barbell,Advanced,Shoulders,10.11,0.719
2889,Dumbbell Barbell Row Variation 2889,Endurance,Dumbbell,Beginner,Back,7.68,0.782
2890,Dumbbell Crunch Variation 2890,Core,Dumbbell,Beginner,Legs,10.98,0.324
2891,Dumbbell Cable Fly Variation 2891,Strength,Dumbbell,Beginner,Chest,4.91,0.885
2892,Barbell Cable Fly Variation 2892,Core,Barbell,Advanced,Chest,11.89,0.449
2893,Bands Pull-up Variation 2893,Strength,Bands,Elite,Arms,10.58,0.310
2894,Dumbbell Tricep Extension Variation 2894,Endurance,Dumbbell,Intermediate,Back,4.32,0.225
2895,Bodyweight Bench Press Variation 2895,Hypertrophy,Bodyweight,Advanced,Legs,3.28,0.170
2896,Dumbbell Bench Press Variation 2896,Hypertrophy,Dumbbell,Elite,Arms,6.82,0.321
2897,Bands Pull-up Variation 2897,Core,Bands,Elite,Arms,7.86,0.765
2898,Bodyweight Crunch Variation 2898,Endurance,Bodyweight,Intermediate,Core,7.09,0.774
2899,Barbell Lat Pulldown Variation 2899,Strength,Barbell,Advanced,Core,10.41,0.861
2900,Kettlebell Squat Variation 2900,Strength,Kettlebell,Beginner,Core,5.14,0.306
2901,Dumbbell Calf Raise Variation 2901,Rehab,Dumbbell,Elite,Core,9.71,0.314
2902,Barbell Tricep Extension Variation 2902,Endurance,Barbell,Elite,Back,11.91,0.800
2903,Bands Bench Press Variation 2903,Core,Bands,Advanced,Core,8.89,0.592
2904,Machine Barbell Row Variation 2904,Endurance,Machine,Beginner,Shoulders,6.36,0.338
2905,Cable Cable Fly Variation 2905,Power,Cable,Advanced,Legs,3.78,0.135
2906,Dumbbell Plank Variation 2906,Power,Dumbbell,Intermediate,Chest,3.20,0.417
2907,Kettlebell Cable Fly Variation 2907,Core,Kettlebell,Beginner,Full Body,5.55,0.268
2908,Kettlebell Cable Fly Variation 2908,Hypertrophy,Kettlebell,Beginner,Back,9.63,0.379
2909,Kettlebell Leg Press Variation 2909,Hypertrophy,Kettlebell,Advanced,Chest,10.07,0.733
2910,Bands Dumbbell Curl Variation 2910,Power,Bands,Elite,Back,6.05,0.852
2911,Machine Barbell Row Variation 2911,Hypertrophy,Machine,Advanced,Back,5.39,0.772
2912,Cable Bench Press Variation 2912,Endurance,Cable,Advanced,Chest,10.17,0.120
2913,Machine Calf Raise Variation 2913,Hypertrophy,Machine,Beginner,Arms,9.72,0.828
2914,Machine Plank Variation 2914,Hypertrophy,Machine,Advanced,Core,7.38,0.184
2915,Cable Leg Press Variation 2915,Power,Cable,Beginner,Back,6.86,0.653
2916,Kettlebell Plank Variation 2916,Strength,Kettlebell,Beginner,Core,4.66,0.450
2917,Cable Leg Press Variation 2917,Core,Cable,Intermediate,Chest,11.08,0.266
2918,Machine Leg Press Variation 2918,Endurance,Machine,Beginner,Core,6.43,0.818
2919,Dumbbell Overhead Press Variation 2919,Endurance,Dumbbell,Intermediate,Full Body,9.15,0.421
2920,Dumbbell Calf Raise Variation 2920,Power,Dumbbell,Beginner,Back,4.59,0.896
2921,Kettlebell Leg Press Variation 2921,Endurance,Kettlebell,Beginner,Legs,5.90,0.499
2922,Machine Lat Pulldown Variation 2922,Endurance,Machine,Beginner,Core,7.44,0.145
2923,Machine Plank Variation 2923,Core,Machine,Elite,Back,8.78,0.697
2924,Bodyweight Barbell Row Variation 2924,Endurance,Bodyweight,Beginner,Chest,10.66,0.522
2925,Dumbbell Deadlift Variation 2925,Strength,Dumbbell,Beginner,Legs,11.63,0.709
2926,Machine Crunch Variation 2926,Hypertrophy,Machine,Advanced,Chest,3.41,0.108
2927,Bands Bench Press Variation 2927,Endurance,Bands,Beginner,Chest,4.96,0.772
2928,Bands Leg Press Variation 2928,Endurance,Bands,Beginner,Full Body,3.65,0.841
2929,Barbell Crunch Variation 2929,Hypertrophy,Barbell,Intermediate,Chest,11.69,0.310
2930,Cable Leg Press Variation 2930,Power,Cable,Intermediate,Back,6.56,0.345
2931,Kettlebell Lunge Variation 2931,Strength,Kettlebell,Elite,Chest,3.08,0.841
2932,Bodyweight Dumbbell Curl Variation 2932,Power,Bodyweight,Advanced,Chest,7.14,0.683
2933,Dumbbell Leg Press Variation 2933,Rehab,Dumbbell,Elite,Back,9.48,0.748
2934,Barbell Tricep Extension Variation 2934,Endurance,Barbell,Intermediate,Shoulders,8.02,0.583
2935,Dumbbell Bench Press Variation 2935,Hypertrophy,Dumbbell,Intermediate,Shoulders,6.87,0.408
2936,Barbell Squat Variation 2936,Rehab,Barbell,Elite,Back,6.28,0.702
2937,Bands Cable Fly Variation 2937,Strength,Bands,Intermediate,Back,8.01,0.110
2938,Barbell Plank Variation 2938,Hypertrophy,Barbell,Elite,Core,8.57,0.426
2939,Bodyweight Lunge Variation 2939,Power,Bodyweight,Elite,Chest,9.58,0.643
2940,Machine Barbell Row Variation 2940,Hypertrophy,Machine,Intermediate,Full Body,10.30,0.767
2941,Machine Lat Pulldown Variation 2941,Endurance,Machine,Elite,Legs,7.87,0.616
2942,Kettlebell Lunge Variation 2942,Endurance,Kettlebell,Beginner,Back,5.51,0.487
2943,Bands Cable Fly Variation 2943,Endurance,Bands,Elite,Core,6.72,0.777
2944,Bodyweight Barbell Row Variation 2944,Hypertrophy,Bodyweight,Elite,Chest,4.31,0.367
2945,Cable Calf Raise Variation 2945,Hypertrophy,Cable,Intermediate,Chest,4.11,0.140
2946,Machine Deadlift Variation 2946,Rehab,Machine,Advanced,Full Body,3.04,0.265
2947,Barbell Barbell Row Variation 2947,Power,Barbell,Advanced,Back,4.85,0.239
2948,Dumbbell Deadlift Variation 2948,Endurance,Dumbbell,Elite,Chest,8.32,0.219
2949,Barbell Crunch Variation 2949,Rehab,Barbell,Elite,Arms,11.19,0.802
2950,Dumbbell Leg Press Variation 2950,Core,Dumbbell,Intermediate,Chest,7.39,0.452
2951,Barbell Lat Pulldown Variation 2951,Endurance,Barbell,Intermediate,Back,11.01,0.489
2952,Kettlebell Barbell Row Variation 2952,Core,Kettlebell,Intermediate,Back,10.48,0.725
2953,Machine Tricep Extension Variation 2953,Hypertrophy,Machine,Intermediate,Full Body,9.60,0.344
2954,Bands Deadlift Variation 2954,Endurance,Bands,Beginner,Arms,3.50,0.269
2955,Dumbbell Tricep Extension Variation 2955,Endurance,Dumbbell,Intermediate,Core,9.84,0.396
2956,Machine Tricep Extension Variation 2956,Power,Machine,Beginner,Full Body,5.64,0.625
2957,Cable Plank Variation 2957,Hypertrophy,Cable,Elite,Core,7.37,0.191
2958,Machine Tricep Extension Variation 2958,Strength,Machine,Advanced,Legs,7.40,0.170
2959,Kettlebell Lat Pulldown Variation 2959,Power,Kettlebell,Elite,Core,9.48,0.532
2960,Kettlebell Lunge Variation 2960,Hypertrophy,Kettlebell,Advanced,Arms,7.91,0.882
2961,Kettlebell Cable Fly Variation 2961,Endurance,Kettlebell,Intermediate,Full Body,5.32,0.747
2962,Barbell Dumbbell Curl Variation 2962,Power,Barbell,Advanced,Chest,11.35,0.634
2963,Kettlebell Cable Fly Variation 2963,Core,Kettlebell,Advanced,Core,11.74,0.490
2964,Cable Squat Variation 2964,Hypertrophy,Cable,Intermediate,Chest,4.66,0.836
2965,Machine Lat Pulldown Variation 2965,Rehab,Machine,Elite,Core,8.23,0.621
2966,Bands Lunge Variation 2966,Power,Bands,Beginner,Full Body,3.53,0.276
2967,Bodyweight Crunch Variation 2967,Strength,Bodyweight,Advanced,Back,10.33,0.251
2968,Machine Lunge Variation 2968,Rehab,Machine,Elite,Core,9.69,0.575
2969,Dumbbell Squat Variation 2969,Hypertrophy,Dumbbell,Elite,Legs,8.73,0.741
2970,Dumbbell Bench Press Variation 2970,Core,Dumbbell,Elite,Full Body,10.56,0.812
2971,Dumbbell Calf Raise Variation 2971,Endurance,Dumbbell,Elite,Chest,7.49,0.584
2972,Cable Lat Pulldown Variation 2972,Power,Cable,Advanced,Chest,10.65,0.366
2973,Kettlebell Deadlift Variation 2973,Strength,Kettlebell,Beginner,Shoulders,8.47,0.528
2974,Machine Overhead Press Variation 2974,Power,Machine,Advanced,Chest,5.91,0.582
2975,Dumbbell Plank Variation 2975,Endurance,Dumbbell,Elite,Legs,5.18,0.861
2976,Machine Pull-up Variation 2976,Hypertrophy,Machine,Elite,Shoulders,11.71,0.112
2977,Bodyweight Tricep Extension Variation 2977,Rehab,Bodyweight,Elite,Chest,5.59,0.647
2978,Bodyweight Barbell Row Variation 2978,Core,Bodyweight,Advanced,Shoulders,10.74,0.687
2979,Kettlebell Plank Variation 2979,Power,Kettlebell,Beginner,Full Body,9.55,0.661
2980,Bodyweight Plank Variation 2980,Core,Bodyweight,Intermediate,Back,4.49,0.541
2981,Dumbbell Overhead Press Variation 2981,Hypertrophy,Dumbbell,Intermediate,Legs,6.68,0.130
2982,Kettlebell Overhead Press Variation 2982,Endurance,Kettlebell,Beginner,Shoulders,11.14,0.555
2983,Dumbbell Lat Pulldown Variation 2983,Power,Dumbbell,Intermediate,Back,11.35,0.701
2984,Barbell Overhead Press Variation 2984,Rehab,Barbell,Beginner,Shoulders,4.61,0.407
2985,Bands Plank Variation 2985,Rehab,Bands,Elite,Chest,9.92,0.391
2986,Bands Deadlift Variation 2986,Core,Bands,Elite,Back,5.64,0.264
2987,Cable Squat Variation 2987,Core,Cable,Beginner,Back,11.99,0.144
2988,Kettlebell Leg Press Variation 2988,Endurance,Kettlebell,Advanced,Back,3.83,0.223
2989,Barbell Deadlift Variation 2989,Rehab,Barbell,Advanced,Back,9.74,0.566
2990,Machine Plank Variation 2990,Hypertrophy,Machine,Intermediate,Arms,5.63,0.238
2991,Cable Tricep Extension Variation 2991,Core,Cable,Beginner,Core,5.50,0.166
2992,Machine Lat Pulldown Variation 2992,Power,Machine,Advanced,Back,10.69,0.344
2993,Barbell Deadlift Variation 2993,Hypertrophy,Barbell,Advanced,Core,7.41,0.476
2994,Bands Lat Pulldown Variation 2994,Power,Bands,Beginner,Back,10.51,0.265
2995,Machine Deadlift Variation 2995,Hypertrophy,Machine,Elite,Back,7.60,0.101
2996,Kettlebell Calf Raise Variation 2996,Power,Kettlebell,Beginner,Full Body,9.19,0.260
2997,Bodyweight Lat Pulldown Variation 2997,Endurance,Bodyweight,Beginner,Chest,6.00,0.345
2998,Cable Pull-up Variation 2998,Rehab,Cable,Elite,Back,9.96,0.242
2999,Kettlebell Tricep Extension Variation 2999,Power,Kettlebell,Elite,Arms,8.27,0.347
3000,Cable Squat Variation 3000,Rehab,Cable,Intermediate,Chest,9.43,0.785
3001,Cable Lat Pulldown Variation 3001,Core,Cable,Beginner,Chest,8.75,0.163
3002,Bodyweight Overhead Press Variation 3002,Power,Bodyweight,Elite,Legs,10.16,0.666
3003,Machine Plank Variation 3003,Hypertrophy,Machine,Elite,Full Body,8.41,0.529
3004,Machine Dumbbell Curl Variation 3004,Hypertrophy,Machine,Elite,Arms,10.19,0.204
3005,Barbell Plank Variation 3005,Core,Barbell,Advanced,Full Body,5.20,0.614
3006,Barbell Lat Pulldown Variation 3006,Core,Barbell,Intermediate,Back,12.00,0.606
3007,Dumbbell Squat Variation 3007,Strength,Dumbbell,Elite,Chest,8.55,0.206
3008,Barbell Deadlift Variation 3008,Strength,Barbell,Beginner,Shoulders,3.96,0.353
3009,Bodyweight Plank Variation 3009,Core,Bodyweight,Intermediate,Chest,3.80,0.695
3010,Barbell Plank Variation 3010,Rehab,Barbell,Advanced,Back,8.42,0.227
3011,Machine Bench Press Variation 3011,Endurance,Machine,Beginner,Back,3.39,0.546
3012,Cable Barbell Row Variation 3012,Rehab,Cable,Intermediate,Chest,7.28,0.688
3013,Cable Barbell Row Variation 3013,Hypertrophy,Cable,Advanced,Full Body,4.01,0.826
3014,Kettlebell Barbell Row Variation 3014,Hypertrophy,Kettlebell,Beginner,Full Body,10.60,0.456
3015,Barbell Pull-up Variation 3015,Rehab,Barbell,Advanced,Legs,4.34,0.780
3016,Kettlebell Lunge Variation 3016,Core,Kettlebell,Beginner,Core,8.45,0.376
3017,Bands Barbell Row Variation 3017,Core,Bands,Elite,Arms,3.80,0.473
3018,Bodyweight Lat Pulldown Variation 3018,Hypertrophy,Bodyweight,Beginner,Arms,11.62,0.203
3019,Bodyweight Calf Raise Variation 3019,Endurance,Bodyweight,Beginner,Core,9.37,0.543
3020,Bodyweight Tricep Extension Variation 3020,Endurance,Bodyweight,Elite,Shoulders,3.71,0.881
3021,Dumbbell Dumbbell Curl Variation 3021,Core,Dumbbell,Intermediate,Core,8.19,0.348
3022,Dumbbell Barbell Row Variation 3022,Endurance,Dumbbell,Beginner,Legs,6.15,0.291
3023,Barbell Cable Fly Variation 3023,Core,Barbell,Elite,Core,7.97,0.106
3024,Dumbbell Cable Fly Variation 3024,Hypertrophy,Dumbbell,Intermediate,Shoulders,9.39,0.706
3025,Bodyweight Bench Press Variation 3025,Endurance,Bodyweight,Intermediate,Chest,10.78,0.625
3026,Bodyweight Tricep Extension Variation 3026,Power,Bodyweight,Beginner,Chest,4.07,0.847
3027,Machine Dumbbell Curl Variation 3027,Endurance,Machine,Beginner,Core,10.05,0.726
3028,Dumbbell Barbell Row Variation 3028,Strength,Dumbbell,Elite,Back,5.10,0.779
3029,Barbell Dumbbell Curl Variation 3029,Rehab,Barbell,Advanced,Arms,8.52,0.714
3030,Kettlebell Lunge Variation 3030,Rehab,Kettlebell,Elite,Arms,9.35,0.848
3031,Machine Squat Variation 3031,Rehab,Machine,Elite,Full Body,7.59,0.125
3032,Bands Lat Pulldown Variation 3032,Power,Bands,Intermediate,Arms,10.79,0.786
3033,Cable Tricep Extension Variation 3033,Rehab,Cable,Elite,Legs,10.58,0.514
3034,Bodyweight Dumbbell Curl Variation 3034,Strength,Bodyweight,Elite,Arms,8.10,0.529
3035,Bands Calf Raise Variation 3035,Endurance,Bands,Intermediate,Chest,7.77,0.457
3036,Machine Lat Pulldown Variation 3036,Endurance,Machine,Beginner,Arms,11.37,0.189
3037,Bands Cable Fly Variation 3037,Hypertrophy,Bands,Beginner,Chest,4.21,0.896
3038,Cable Calf Raise Variation 3038,Hypertrophy,Cable,Advanced,Core,6.65,0.260
3039,Machine Dumbbell Curl Variation 3039,Power,Machine,Intermediate,Chest,7.26,0.746
3040,Cable Barbell Row Variation 3040,Strength,Cable,Intermediate,Shoulders,3.52,0.243
3041,Barbell Deadlift Variation 3041,Endurance,Barbell,Intermediate,Full Body,11.88,0.752
3042,Dumbbell Calf Raise Variation 3042,Endurance,Dumbbell,Beginner,Shoulders,11.17,0.388
3043,Bands Lunge Variation 3043,Endurance,Bands,Intermediate,Chest,6.26,0.376
3044,Bands Calf Raise Variation 3044,Core,Bands,Elite,Core,9.76,0.806
3045,Bodyweight Calf Raise Variation 3045,Hypertrophy,Bodyweight,Beginner,Core,9.72,0.384
3046,Kettlebell Pull-up Variation 3046,Strength,Kettlebell,Beginner,Legs,9.33,0.620
3047,Dumbbell Lat Pulldown Variation 3047,Strength,Dumbbell,Beginner,Core,5.75,0.581
3048,Dumbbell Lat Pulldown Variation 3048,Core,Dumbbell,Advanced,Back,4.61,0.690
3049,Kettlebell Squat Variation 3049,Power,Kettlebell,Elite,Full Body,3.85,0.524
3050,Machine Squat Variation 3050,Endurance,Machine,Advanced,Legs,9.63,0.592
3051,Bodyweight Overhead Press Variation 3051,Endurance,Bodyweight,Advanced,Full Body,8.03,0.836
3052,Bands Calf Raise Variation 3052,Strength,Bands,Beginner,Chest,10.43,0.625
3053,Cable Tricep Extension Variation 3053,Endurance,Cable,Intermediate,Core,8.64,0.583
3054,Bands Bench Press Variation 3054,Strength,Bands,Intermediate,Back,4.61,0.739
3055,Cable Barbell Row Variation 3055,Rehab,Cable,Intermediate,Legs,10.09,0.869
3056,Kettlebell Crunch Variation 3056,Endurance,Kettlebell,Advanced,Arms,9.16,0.619
3057,Cable Leg Press Variation 3057,Endurance,Cable,Intermediate,Arms,4.41,0.569
3058,Machine Cable Fly Variation 3058,Endurance,Machine,Intermediate,Full Body,5.73,0.756
3059,Kettlebell Calf Raise Variation 3059,Core,Kettlebell,Beginner,Full Body,8.64,0.125
3060,Cable Plank Variation 3060,Endurance,Cable,Advanced,Full Body,7.46,0.330
3061,Bands Squat Variation 3061,Hypertrophy,Bands,Advanced,Back,7.03,0.766
3062,Cable Crunch Variation 3062,Strength,Cable,Beginner,Core,6.14,0.571
3063,Bands Calf Raise Variation 3063,Hypertrophy,Bands,Beginner,Legs,10.93,0.754
3064,Barbell Plank Variation 3064,Endurance,Barbell,Advanced,Full Body,8.04,0.539
3065,Bodyweight Pull-up Variation 3065,Power,Bodyweight,Beginner,Chest,6.37,0.655
3066,Bodyweight Squat Variation 3066,Hypertrophy,Bodyweight,Beginner,Chest,5.05,0.757
3067,Dumbbell Bench Press Variation 3067,Endurance,Dumbbell,Intermediate,Back,9.82,0.299
3068,Bands Bench Press Variation 3068,Core,Bands,Intermediate,Arms,11.03,0.561
3069,Bodyweight Barbell Row Variation 3069,Strength,Bodyweight,Elite,Arms,4.42,0.819
3070,Barbell Plank Variation 3070,Hypertrophy,Barbell,Beginner,Full Body,4.07,0.124
3071,Kettlebell Overhead Press Variation 3071,Endurance,Kettlebell,Beginner,Arms,7.15,0.309
3072,Barbell Deadlift Variation 3072,Strength,Barbell,Elite,Full Body,3.27,0.166
3073,Cable Dumbbell Curl Variation 3073,Core,Cable,Advanced,Arms,3.69,0.571
3074,Kettlebell Lat Pulldown Variation 3074,Core,Kettlebell,Advanced,Core,7.32,0.713
3075,Bodyweight Leg Press Variation 3075,Strength,Bodyweight,Elite,Core,9.54,0.531
3076,Dumbbell Deadlift Variation 3076,Hypertrophy,Dumbbell,Elite,Arms,9.17,0.428
3077,Dumbbell Squat Variation 3077,Strength,Dumbbell,Intermediate,Chest,10.20,0.129
3078,Bands Tricep Extension Variation 3078,Endurance,Bands,Elite,Shoulders,6.26,0.488
3079,Dumbbell Lunge Variation 3079,Endurance,Dumbbell,Elite,Legs,8.67,0.872
3080,Bands Lunge Variation 3080,Endurance,Bands,Beginner,Legs,9.44,0.794
3081,Bodyweight Lunge Variation 3081,Hypertrophy,Bodyweight,Elite,Chest,7.59,0.580
3082,Bodyweight Lat Pulldown Variation 3082,Hypertrophy,Bodyweight,Beginner,Legs,3.74,0.656
3083,Cable Bench Press Variation 3083,Rehab,Cable,Advanced,Arms,8.13,0.104
3084,Bodyweight Leg Press Variation 3084,Hypertrophy,Bodyweight,Beginner,Arms,5.80,0.459
3085,Barbell Pull-up Variation 3085,Rehab,Barbell,Elite,Chest,4.49,0.235
3086,Bodyweight Cable Fly Variation 3086,Endurance,Bodyweight,Advanced,Shoulders,10.28,0.686
3087,Bodyweight Overhead Press Variation 3087,Power,Bodyweight,Intermediate,Chest,8.74,0.765
3088,Machine Pull-up Variation 3088,Power,Machine,Elite,Chest,5.08,0.723
3089,Bands Crunch Variation 3089,Strength,Bands,Advanced,Legs,3.21,0.798
3090,Kettlebell Squat Variation 3090,Rehab,Kettlebell,Advanced,Full Body,9.25,0.859
3091,Bodyweight Lat Pulldown Variation 3091,Rehab,Bodyweight,Elite,Chest,4.50,0.559
3092,Machine Cable Fly Variation 3092,Rehab,Machine,Beginner,Legs,6.37,0.615
3093,Bodyweight Bench Press Variation 3093,Power,Bodyweight,Elite,Chest,10.06,0.460
3094,Kettlebell Leg Press Variation 3094,Endurance,Kettlebell,Elite,Shoulders,5.02,0.408
3095,Bodyweight Cable Fly Variation 3095,Strength,Bodyweight,Beginner,Core,5.69,0.711
3096,Dumbbell Pull-up Variation 3096,Endurance,Dumbbell,Elite,Shoulders,6.76,0.257
3097,Cable Deadlift Variation 3097,Core,Cable,Advanced,Back,5.79,0.109
3098,Bands Calf Raise Variation 3098,Rehab,Bands,Intermediate,Shoulders,9.72,0.207
3099,Bodyweight Tricep Extension Variation 3099,Strength,Bodyweight,Advanced,Full Body,5.45,0.648
3100,Bands Barbell Row Variation 3100,Strength,Bands,Beginner,Legs,5.68,0.744
3101,Bodyweight Squat Variation 3101,Endurance,Bodyweight,Intermediate,Arms,11.37,0.246
3102,Dumbbell Dumbbell Curl Variation 3102,Rehab,Dumbbell,Intermediate,Core,8.45,0.806
3103,Dumbbell Leg Press Variation 3103,Strength,Dumbbell,Intermediate,Legs,8.26,0.655
3104,Dumbbell Crunch Variation 3104,Power,Dumbbell,Intermediate,Shoulders,9.25,0.803
3105,Bands Leg Press Variation 3105,Endurance,Bands,Elite,Full Body,3.11,0.560
3106,Kettlebell Pull-up Variation 3106,Power,Kettlebell,Intermediate,Full Body,7.84,0.180
3107,Dumbbell Cable Fly Variation 3107,Hypertrophy,Dumbbell,Intermediate,Arms,11.36,0.539
3108,Machine Calf Raise Variation 3108,Endurance,Machine,Beginner,Full Body,11.07,0.468
3109,Dumbbell Calf Raise Variation 3109,Strength,Dumbbell,Beginner,Core,6.65,0.752
3110,Machine Squat Variation 3110,Core,Machine,Elite,Shoulders,4.67,0.661
3111,Dumbbell Pull-up Variation 3111,Endurance,Dumbbell,Intermediate,Arms,11.90,0.417
3112,Kettlebell Plank Variation 3112,Core,Kettlebell,Elite,Chest,8.05,0.600
3113,Bands Calf Raise Variation 3113,Power,Bands,Beginner,Back,5.00,0.854
3114,Barbell Barbell Row Variation 3114,Power,Barbell,Advanced,Chest,3.89,0.213
3115,Bodyweight Lunge Variation 3115,Core,Bodyweight,Elite,Full Body,8.45,0.126
3116,Dumbbell Cable Fly Variation 3116,Power,Dumbbell,Elite,Core,11.96,0.257
3117,Cable Plank Variation 3117,Power,Cable,Beginner,Back,4.47,0.762
3118,Cable Cable Fly Variation 3118,Core,Cable,Intermediate,Core,6.20,0.342
3119,Bodyweight Lat Pulldown Variation 3119,Power,Bodyweight,Intermediate,Chest,9.20,0.329
3120,Machine Calf Raise Variation 3120,Hypertrophy,Machine,Elite,Core,10.94,0.354
3121,Bodyweight Tricep Extension Variation 3121,Rehab,Bodyweight,Intermediate,Legs,8.50,0.441
3122,Bands Squat Variation 3122,Strength,Bands,Beginner,Full Body,10.43,0.215
3123,Machine Lunge Variation 3123,Strength,Machine,Beginner,Shoulders,4.66,0.124
3124,Kettlebell Lunge Variation 3124,Endurance,Kettlebell,Advanced,Legs,6.67,0.472
3125,Bands Barbell Row Variation 3125,Endurance,Bands,Elite,Legs,4.33,0.792
3126,Barbell Lunge Variation 3126,Hypertrophy,Barbell,Elite,Back,8.27,0.243
3127,Cable Deadlift Variation 3127,Rehab,Cable,Beginner,Arms,10.64,0.664
3128,Cable Crunch Variation 3128,Rehab,Cable,Beginner,Core,4.85,0.632
3129,Barbell Plank Variation 3129,Rehab,Barbell,Beginner,Full Body,5.70,0.840
3130,Cable Deadlift Variation 3130,Power,Cable,Intermediate,Shoulders,3.18,0.624
3131,Bodyweight Plank Variation 3131,Strength,Bodyweight,Beginner,Full Body,8.16,0.327
3132,Machine Lat Pulldown Variation 3132,Core,Machine,Advanced,Shoulders,5.33,0.299
3133,Machine Cable Fly Variation 3133,Strength,Machine,Elite,Arms,7.38,0.727
3134,Cable Dumbbell Curl Variation 3134,Strength,Cable,Beginner,Back,4.26,0.655
3135,Barbell Overhead Press Variation 3135,Endurance,Barbell,Advanced,Shoulders,10.86,0.185
3136,Dumbbell Squat Variation 3136,Power,Dumbbell,Advanced,Full Body,7.86,0.772
3137,Cable Dumbbell Curl Variation 3137,Core,Cable,Intermediate,Chest,3.42,0.424
3138,Kettlebell Tricep Extension Variation 3138,Power,Kettlebell,Intermediate,Core,3.76,0.750
3139,Cable Pull-up Variation 3139,Rehab,Cable,Intermediate,Core,4.71,0.410
3140,Kettlebell Lunge Variation 3140,Power,Kettlebell,Beginner,Core,5.34,0.244
3141,Dumbbell Lunge Variation 3141,Hypertrophy,Dumbbell,Beginner,Arms,5.85,0.835
3142,Dumbbell Cable Fly Variation 3142,Endurance,Dumbbell,Elite,Arms,5.19,0.194
3143,Barbell Deadlift Variation 3143,Core,Barbell,Advanced,Chest,8.44,0.311
3144,Kettlebell Pull-up Variation 3144,Core,Kettlebell,Beginner,Chest,3.72,0.377
3145,Machine Pull-up Variation 3145,Rehab,Machine,Elite,Chest,10.31,0.707
3146,Dumbbell Cable Fly Variation 3146,Core,Dumbbell,Elite,Core,11.37,0.853
3147,Kettlebell Lat Pulldown Variation 3147,Rehab,Kettlebell,Intermediate,Legs,7.47,0.462
3148,Kettlebell Dumbbell Curl Variation 3148,Core,Kettlebell,Beginner,Chest,5.88,0.235
3149,Bodyweight Bench Press Variation 3149,Power,Bodyweight,Intermediate,Back,5.32,0.496
3150,Cable Plank Variation 3150,Hypertrophy,Cable,Intermediate,Core,4.84,0.476
3151,Dumbbell Tricep Extension Variation 3151,Strength,Dumbbell,Beginner,Arms,3.42,0.809
3152,Machine Lunge Variation 3152,Hypertrophy,Machine,Beginner,Legs,3.77,0.599
3153,Barbell Lunge Variation 3153,Hypertrophy,Barbell,Elite,Chest,7.50,0.700
3154,Bodyweight Dumbbell Curl Variation 3154,Power,Bodyweight,Advanced,Arms,7.64,0.726
3155,Cable Plank Variation 3155,Core,Cable,Elite,Shoulders,5.89,0.893
3156,Bodyweight Bench Press Variation 3156,Core,Bodyweight,Intermediate,Shoulders,9.05,0.803
3157,Bands Barbell Row Variation 3157,Endurance,Bands,Elite,Full Body,6.95,0.407
3158,Barbell Plank Variation 3158,Core,Barbell,Elite,Arms,4.43,0.476
3159,Bands Lat Pulldown Variation 3159,Core,Bands,Beginner,Full Body,9.27,0.536
3160,Kettlebell Dumbbell Curl Variation 3160,Endurance,Kettlebell,Beginner,Full Body,7.40,0.558
3161,Cable Leg Press Variation 3161,Rehab,Cable,Intermediate,Full Body,6.57,0.265
3162,Machine Leg Press Variation 3162,Hypertrophy,Machine,Intermediate,Legs,8.08,0.809
3163,Barbell Lunge Variation 3163,Rehab,Barbell,Advanced,Legs,5.46,0.491
3164,Barbell Pull-up Variation 3164,Hypertrophy,Barbell,Intermediate,Legs,11.04,0.485
3165,Bands Pull-up Variation 3165,Strength,Bands,Advanced,Shoulders,11.81,0.372
3166,Dumbbell Plank Variation 3166,Endurance,Dumbbell,Advanced,Core,7.66,0.644
3167,Kettlebell Dumbbell Curl Variation 3167,Power,Kettlebell,Intermediate,Legs,7.91,0.614
3168,Kettlebell Pull-up Variation 3168,Hypertrophy,Kettlebell,Elite,Full Body,8.46,0.868
3169,Dumbbell Calf Raise Variation 3169,Endurance,Dumbbell,Beginner,Shoulders,10.16,0.681
3170,Kettlebell Overhead Press Variation 3170,Core,Kettlebell,Beginner,Chest,6.32,0.719
3171,Bodyweight Lat Pulldown Variation 3171,Hypertrophy,Bodyweight,Advanced,Back,4.95,0.550
3172,Bodyweight Deadlift Variation 3172,Strength,Bodyweight,Intermediate,Back,5.06,0.295
3173,Kettlebell Pull-up Variation 3173,Strength,Kettlebell,Advanced,Core,11.00,0.518
3174,Barbell Lat Pulldown Variation 3174,Rehab,Barbell,Elite,Chest,11.46,0.151
3175,Cable Tricep Extension Variation 3175,Hypertrophy,Cable,Intermediate,Full Body,5.37,0.407
3176,Barbell Squat Variation 3176,Rehab,Barbell,Intermediate,Arms,5.71,0.726
3177,Bands Crunch Variation 3177,Rehab,Bands,Intermediate,Full Body,9.61,0.745
3178,Kettlebell Lunge Variation 3178,Rehab,Kettlebell,Beginner,Legs,9.30,0.488
3179,Cable Dumbbell Curl Variation 3179,Endurance,Cable,Beginner,Back,11.75,0.774
3180,Machine Deadlift Variation 3180,Rehab,Machine,Elite,Shoulders,7.37,0.503
3181,Machine Leg Press Variation 3181,Endurance,Machine,Advanced,Core,5.19,0.113
3182,Dumbbell Dumbbell Curl Variation 3182,Hypertrophy,Dumbbell,Elite,Arms,5.69,0.405
3183,Kettlebell Bench Press Variation 3183,Endurance,Kettlebell,Intermediate,Shoulders,5.09,0.548
3184,Barbell Lunge Variation 3184,Hypertrophy,Barbell,Beginner,Arms,3.79,0.796
3185,Dumbbell Calf Raise Variation 3185,Core,Dumbbell,Advanced,Legs,4.59,0.654
3186,Kettlebell Bench Press Variation 3186,Power,Kettlebell,Elite,Chest,10.54,0.578
3187,Bodyweight Dumbbell Curl Variation 3187,Rehab,Bodyweight,Beginner,Back,10.95,0.852
3188,Cable Deadlift Variation 3188,Strength,Cable,Advanced,Core,8.22,0.133
3189,Bands Squat Variation 3189,Power,Bands,Beginner,Back,3.53,0.108
3190,Barbell Squat Variation 3190,Rehab,Barbell,Intermediate,Arms,4.75,0.201
3191,Bodyweight Lat Pulldown Variation 3191,Core,Bodyweight,Beginner,Arms,5.39,0.760
3192,Barbell Cable Fly Variation 3192,Hypertrophy,Barbell,Advanced,Core,11.56,0.225
3193,Bodyweight Pull-up Variation 3193,Rehab,Bodyweight,Elite,Full Body,9.23,0.535
3194,Bands Bench Press Variation 3194,Power,Bands,Intermediate,Chest,10.22,0.499
3195,Kettlebell Lat Pulldown Variation 3195,Core,Kettlebell,Beginner,Arms,8.68,0.180
3196,Barbell Pull-up Variation 3196,Rehab,Barbell,Advanced,Full Body,7.23,0.779
3197,Cable Lat Pulldown Variation 3197,Hypertrophy,Cable,Advanced,Back,7.07,0.680
3198,Bands Lat Pulldown Variation 3198,Rehab,Bands,Intermediate,Chest,5.48,0.735
3199,Kettlebell Lunge Variation 3199,Power,Kettlebell,Elite,Back,8.82,0.836
3200,Cable Bench Press Variation 3200,Strength,Cable,Elite,Arms,8.65,0.725
3201,Barbell Barbell Row Variation 3201,Rehab,Barbell,Elite,Core,9.12,0.233
3202,Bands Cable Fly Variation 3202,Core,Bands,Advanced,Legs,9.85,0.564
3203,Machine Dumbbell Curl Variation 3203,Power,Machine,Elite,Core,8.64,0.157
3204,Dumbbell Dumbbell Curl Variation 3204,Hypertrophy,Dumbbell,Intermediate,Legs,5.36,0.245
3205,Bands Lat Pulldown Variation 3205,Endurance,Bands,Elite,Back,9.39,0.439
3206,Kettlebell Cable Fly Variation 3206,Strength,Kettlebell,Intermediate,Full Body,5.39,0.732
3207,Machine Crunch Variation 3207,Core,Machine,Advanced,Arms,9.60,0.703
3208,Bodyweight Dumbbell Curl Variation 3208,Power,Bodyweight,Beginner,Full Body,4.42,0.698
3209,Machine Pull-up Variation 3209,Core,Machine,Intermediate,Shoulders,6.09,0.316
3210,Machine Pull-up Variation 3210,Hypertrophy,Machine,Elite,Shoulders,9.81,0.720
3211,Machine Overhead Press Variation 3211,Endurance,Machine,Advanced,Legs,11.33,0.312
3212,Bodyweight Plank Variation 3212,Power,Bodyweight,Elite,Back,11.21,0.775
3213,Dumbbell Barbell Row Variation 3213,Endurance,Dumbbell,Elite,Core,8.36,0.133
3214,Dumbbell Barbell Row Variation 3214,Power,Dumbbell,Intermediate,Core,6.99,0.742
3215,Bodyweight Leg Press Variation 3215,Hypertrophy,Bodyweight,Beginner,Shoulders,5.55,0.193
3216,Bands Calf Raise Variation 3216,Core,Bands,Beginner,Shoulders,4.14,0.208
3217,Barbell Squat Variation 3217,Power,Barbell,Advanced,Shoulders,4.94,0.817
3218,Bodyweight Plank Variation 3218,Power,Bodyweight,Beginner,Core,6.46,0.819
3219,Machine Cable Fly Variation 3219,Hypertrophy,Machine,Intermediate,Shoulders,5.83,0.615
3220,Bodyweight Tricep Extension Variation 3220,Hypertrophy,Bodyweight,Beginner,Back,4.39,0.435
3221,Cable Crunch Variation 3221,Strength,Cable,Elite,Arms,7.87,0.491
3222,Dumbbell Leg Press Variation 3222,Strength,Dumbbell,Intermediate,Core,4.46,0.367
3223,Kettlebell Dumbbell Curl Variation 3223,Strength,Kettlebell,Advanced,Chest,11.58,0.664
3224,Machine Bench Press Variation 3224,Rehab,Machine,Beginner,Shoulders,3.11,0.862
3225,Machine Dumbbell Curl Variation 3225,Rehab,Machine,Beginner,Shoulders,8.00,0.862
3226,Cable Crunch Variation 3226,Hypertrophy,Cable,Intermediate,Back,6.56,0.606
3227,Barbell Bench Press Variation 3227,Core,Barbell,Elite,Core,6.50,0.627
3228,Dumbbell Tricep Extension Variation 3228,Core,Dumbbell,Advanced,Legs,4.43,0.500
3229,Barbell Barbell Row Variation 3229,Rehab,Barbell,Beginner,Back,7.52,0.584
3230,Kettlebell Tricep Extension Variation 3230,Rehab,Kettlebell,Advanced,Shoulders,5.91,0.752
3231,Bodyweight Lat Pulldown Variation 3231,Core,Bodyweight,Advanced,Core,10.99,0.736
3232,Bands Overhead Press Variation 3232,Core,Bands,Advanced,Full Body,11.61,0.663
3233,Bands Plank Variation 3233,Power,Bands,Elite,Arms,6.04,0.317
3234,Kettlebell Lunge Variation 3234,Hypertrophy,Kettlebell,Elite,Chest,9.61,0.125
3235,Dumbbell Pull-up Variation 3235,Core,Dumbbell,Elite,Back,8.15,0.123
3236,Dumbbell Barbell Row Variation 3236,Power,Dumbbell,Advanced,Back,4.63,0.334
3237,Machine Leg Press Variation 3237,Core,Machine,Advanced,Arms,7.99,0.468
3238,Bands Squat Variation 3238,Hypertrophy,Bands,Advanced,Chest,6.44,0.379
3239,Machine Barbell Row Variation 3239,Power,Machine,Elite,Legs,9.55,0.333
3240,Bands Pull-up Variation 3240,Core,Bands,Elite,Legs,5.30,0.333
3241,Kettlebell Overhead Press Variation 3241,Power,Kettlebell,Beginner,Arms,10.99,0.639
3242,Kettlebell Deadlift Variation 3242,Endurance,Kettlebell,Advanced,Full Body,9.69,0.767
3243,Barbell Leg Press Variation 3243,Rehab,Barbell,Beginner,Shoulders,4.84,0.422
3244,Cable Barbell Row Variation 3244,Strength,Cable,Elite,Chest,9.68,0.465
3245,Kettlebell Tricep Extension Variation 3245,Rehab,Kettlebell,Beginner,Core,4.48,0.513
3246,Dumbbell Plank Variation 3246,Rehab,Dumbbell,Intermediate,Back,3.79,0.490
3247,Dumbbell Lunge Variation 3247,Endurance,Dumbbell,Elite,Full Body,4.60,0.847
3248,Bodyweight Lat Pulldown Variation 3248,Rehab,Bodyweight,Intermediate,Legs,7.92,0.531
3249,Cable Bench Press Variation 3249,Rehab,Cable,Beginner,Full Body,7.52,0.295
3250,Bodyweight Cable Fly Variation 3250,Core,Bodyweight,Advanced,Back,7.70,0.431
3251,Kettlebell Deadlift Variation 3251,Strength,Kettlebell,Beginner,Back,5.68,0.332
3252,Barbell Lat Pulldown Variation 3252,Rehab,Barbell,Intermediate,Arms,4.35,0.361
3253,Dumbbell Lat Pulldown Variation 3253,Strength,Dumbbell,Intermediate,Legs,11.77,0.708
3254,Barbell Squat Variation 3254,Endurance,Barbell,Beginner,Arms,6.59,0.761
3255,Cable Pull-up Variation 3255,Core,Cable,Elite,Legs,3.66,0.895
3256,Barbell Plank Variation 3256,Core,Barbell,Intermediate,Shoulders,8.27,0.862
3257,Bodyweight Overhead Press Variation 3257,Endurance,Bodyweight,Beginner,Legs,4.99,0.886
3258,Barbell Plank Variation 3258,Rehab,Barbell,Advanced,Legs,6.22,0.407
3259,Bodyweight Deadlift Variation 3259,Rehab,Bodyweight,Elite,Arms,11.22,0.485
3260,Bodyweight Barbell Row Variation 3260,Rehab,Bodyweight,Elite,Chest,8.15,0.260
3261,Bands Pull-up Variation 3261,Strength,Bands,Elite,Legs,7.23,0.881
3262,Machine Cable Fly Variation 3262,Endurance,Machine,Intermediate,Chest,11.16,0.342
3263,Dumbbell Tricep Extension Variation 3263,Strength,Dumbbell,Advanced,Arms,10.31,0.422
3264,Kettlebell Cable Fly Variation 3264,Hypertrophy,Kettlebell,Beginner,Legs,5.18,0.373
3265,Bands Lunge Variation 3265,Core,Bands,Beginner,Back,5.98,0.497
3266,Machine Plank Variation 3266,Power,Machine,Advanced,Arms,6.51,0.521
3267,Machine Tricep Extension Variation 3267,Core,Machine,Elite,Back,10.87,0.812
3268,Machine Overhead Press Variation 3268,Strength,Machine,Elite,Chest,9.06,0.788
3269,Bands Bench Press Variation 3269,Core,Bands,Advanced,Legs,5.00,0.282
3270,Machine Overhead Press Variation 3270,Core,Machine,Intermediate,Chest,10.95,0.421
3271,Machine Bench Press Variation 3271,Power,Machine,Elite,Shoulders,4.58,0.388
3272,Kettlebell Bench Press Variation 3272,Hypertrophy,Kettlebell,Beginner,Arms,8.46,0.611
3273,Machine Crunch Variation 3273,Hypertrophy,Machine,Beginner,Chest,4.15,0.612
3274,Cable Barbell Row Variation 3274,Hypertrophy,Cable,Advanced,Legs,5.24,0.741
3275,Bodyweight Squat Variation 3275,Endurance,Bodyweight,Elite,Full Body,6.41,0.302
3276,Machine Deadlift Variation 3276,Hypertrophy,Machine,Beginner,Legs,10.27,0.138
3277,Cable Overhead Press Variation 3277,Endurance,Cable,Elite,Chest,4.07,0.505
3278,Dumbbell Leg Press Variation 3278,Hypertrophy,Dumbbell,Beginner,Legs,9.63,0.396
3279,Bodyweight Plank Variation 3279,Endurance,Bodyweight,Advanced,Chest,11.09,0.343
3280,Bodyweight Squat Variation 3280,Core,Bodyweight,Advanced,Shoulders,10.63,0.815
3281,Cable Calf Raise Variation 3281,Endurance,Cable,Intermediate,Chest,8.17,0.744
3282,Bodyweight Cable Fly Variation 3282,Power,Bodyweight,Advanced,Chest,8.52,0.319
3283,Cable Overhead Press Variation 3283,Core,Cable,Beginner,Arms,5.76,0.771
3284,Dumbbell Crunch Variation 3284,Rehab,Dumbbell,Intermediate,Legs,9.28,0.539
3285,Machine Bench Press Variation 3285,Endurance,Machine,Advanced,Chest,11.07,0.180
3286,Kettlebell Pull-up Variation 3286,Strength,Kettlebell,Intermediate,Legs,7.56,0.644
3287,Kettlebell Leg Press Variation 3287,Hypertrophy,Kettlebell,Intermediate,Chest,7.26,0.660
3288,Barbell Pull-up Variation 3288,Power,Barbell,Beginner,Core,11.80,0.734
3289,Bands Dumbbell Curl Variation 3289,Power,Bands,Elite,Back,6.65,0.616
3290,Bodyweight Tricep Extension Variation 3290,Rehab,Bodyweight,Intermediate,Core,5.02,0.615
3291,Dumbbell Crunch Variation 3291,Power,Dumbbell,Intermediate,Shoulders,5.05,0.728
3292,Machine Lunge Variation 3292,Power,Machine,Intermediate,Core,5.64,0.845
3293,Bodyweight Barbell Row Variation 3293,Rehab,Bodyweight,Beginner,Back,6.63,0.457
3294,Dumbbell Cable Fly Variation 3294,Rehab,Dumbbell,Advanced,Core,6.01,0.765
3295,Cable Tricep Extension Variation 3295,Power,Cable,Elite,Arms,9.67,0.133
3296,Bands Cable Fly Variation 3296,Core,Bands,Elite,Chest,10.12,0.185
3297,Bodyweight Calf Raise Variation 3297,Hypertrophy,Bodyweight,Elite,Full Body,6.09,0.142
3298,Barbell Plank Variation 3298,Core,Barbell,Elite,Core,6.58,0.604
3299,Barbell Squat Variation 3299,Power,Barbell,Intermediate,Full Body,8.07,0.278
3300,Machine Lunge Variation 3300,Endurance,Machine,Beginner,Chest,4.88,0.851
3301,Machine Cable Fly Variation 3301,Power,Machine,Intermediate,Legs,6.83,0.308
3302,Machine Calf Raise Variation 3302,Strength,Machine,Beginner,Legs,3.60,0.232
3303,Cable Dumbbell Curl Variation 3303,Rehab,Cable,Intermediate,Back,3.98,0.248
3304,Barbell Barbell Row Variation 3304,Rehab,Barbell,Elite,Chest,4.51,0.192
3305,Dumbbell Barbell Row Variation 3305,Core,Dumbbell,Elite,Arms,5.62,0.876
3306,Machine Deadlift Variation 3306,Hypertrophy,Machine,Intermediate,Legs,3.44,0.644
3307,Bodyweight Lunge Variation 3307,Hypertrophy,Bodyweight,Intermediate,Chest,7.00,0.825
3308,Machine Tricep Extension Variation 3308,Endurance,Machine,Elite,Back,9.95,0.497
3309,Kettlebell Crunch Variation 3309,Rehab,Kettlebell,Intermediate,Back,8.59,0.382
3310,Machine Deadlift Variation 3310,Endurance,Machine,Intermediate,Full Body,3.11,0.679
3311,Dumbbell Squat Variation 3311,Endurance,Dumbbell,Beginner,Core,5.84,0.860
3312,Bodyweight Leg Press Variation 3312,Endurance,Bodyweight,Advanced,Arms,4.08,0.412
3313,Dumbbell Overhead Press Variation 3313,Hypertrophy,Dumbbell,Beginner,Back,9.73,0.590
3314,Dumbbell Deadlift Variation 3314,Strength,Dumbbell,Elite,Arms,7.64,0.429
3315,Barbell Barbell Row Variation 3315,Rehab,Barbell,Elite,Legs,9.48,0.530
3316,Cable Lat Pulldown Variation 3316,Endurance,Cable,Elite,Chest,4.75,0.754
3317,Bands Overhead Press Variation 3317,Strength,Bands,Advanced,Arms,11.61,0.374
3318,Bands Calf Raise Variation 3318,Strength,Bands,Beginner,Chest,9.10,0.696
3319,Dumbbell Crunch Variation 3319,Core,Dumbbell,Beginner,Arms,8.76,0.436
3320,Bodyweight Leg Press Variation 3320,Strength,Bodyweight,Elite,Core,11.02,0.508
3321,Kettlebell Lunge Variation 3321,Rehab,Kettlebell,Advanced,Back,10.43,0.230
3322,Bands Bench Press Variation 3322,Rehab,Bands,Elite,Chest,3.93,0.844
3323,Dumbbell Dumbbell Curl Variation 3323,Power,Dumbbell,Intermediate,Arms,6.51,0.438
3324,Bodyweight Lunge Variation 3324,Core,Bodyweight,Elite,Back,10.96,0.191
3325,Bodyweight Deadlift Variation 3325,Core,Bodyweight,Advanced,Arms,9.84,0.108
3326,Barbell Plank Variation 3326,Core,Barbell,Elite,Full Body,4.33,0.549
3327,Dumbbell Leg Press Variation 3327,Strength,Dumbbell,Beginner,Shoulders,7.77,0.216
3328,Dumbbell Squat Variation 3328,Power,Dumbbell,Advanced,Chest,3.73,0.639
3329,Machine Leg Press Variation 3329,Strength,Machine,Intermediate,Shoulders,9.74,0.559
3330,Kettlebell Leg Press Variation 3330,Rehab,Kettlebell,Beginner,Shoulders,7.76,0.667
3331,Bands Plank Variation 3331,Rehab,Bands,Beginner,Core,3.61,0.374
3332,Barbell Tricep Extension Variation 3332,Endurance,Barbell,Beginner,Back,7.41,0.164
3333,Machine Dumbbell Curl Variation 3333,Endurance,Machine,Intermediate,Shoulders,11.16,0.697
3334,Barbell Pull-up Variation 3334,Endurance,Barbell,Beginner,Core,7.99,0.455
3335,Bodyweight Pull-up Variation 3335,Strength,Bodyweight,Beginner,Legs,9.33,0.329
3336,Bodyweight Dumbbell Curl Variation 3336,Hypertrophy,Bodyweight,Elite,Back,7.29,0.837
3337,Bodyweight Bench Press Variation 3337,Power,Bodyweight,Elite,Shoulders,11.57,0.293
3338,Cable Plank Variation 3338,Endurance,Cable,Beginner,Full Body,4.47,0.346
3339,Dumbbell Lat Pulldown Variation 3339,Rehab,Dumbbell,Advanced,Arms,10.86,0.887
3340,Machine Plank Variation 3340,Core,Machine,Intermediate,Legs,3.44,0.165
3341,Dumbbell Squat Variation 3341,Core,Dumbbell,Advanced,Back,6.91,0.210
3342,Barbell Squat Variation 3342,Hypertrophy,Barbell,Beginner,Legs,5.04,0.507
3343,Cable Dumbbell Curl Variation 3343,Strength,Cable,Elite,Core,7.36,0.191
3344,Barbell Plank Variation 3344,Hypertrophy,Barbell,Intermediate,Full Body,7.23,0.521
3345,Cable Plank Variation 3345,Strength,Cable,Advanced,Shoulders,7.76,0.623
3346,Kettlebell Pull-up Variation 3346,Endurance,Kettlebell,Intermediate,Legs,3.55,0.641
3347,Machine Plank Variation 3347,Hypertrophy,Machine,Beginner,Shoulders,5.38,0.169
3348,Cable Lat Pulldown Variation 3348,Hypertrophy,Cable,Intermediate,Chest,4.72,0.441
3349,Barbell Squat Variation 3349,Rehab,Barbell,Advanced,Chest,7.34,0.859
3350,Barbell Cable Fly Variation 3350,Rehab,Barbell,Intermediate,Legs,3.90,0.861
3351,Machine Cable Fly Variation 3351,Endurance,Machine,Beginner,Back,3.58,0.322
3352,Bodyweight Pull-up Variation 3352,Core,Bodyweight,Intermediate,Arms,5.10,0.636
3353,Kettlebell Bench Press Variation 3353,Rehab,Kettlebell,Beginner,Full Body,4.03,0.429
3354,Bodyweight Barbell Row Variation 3354,Core,Bodyweight,Advanced,Back,8.24,0.365
3355,Barbell Bench Press Variation 3355,Strength,Barbell,Intermediate,Arms,8.49,0.180
3356,Bands Bench Press Variation 3356,Core,Bands,Intermediate,Full Body,8.38,0.156
3357,Kettlebell Leg Press Variation 3357,Power,Kettlebell,Beginner,Back,10.07,0.465
3358,Machine Pull-up Variation 3358,Strength,Machine,Elite,Arms,7.24,0.303
3359,Kettlebell Lat Pulldown Variation 3359,Power,Kettlebell,Elite,Full Body,3.17,0.705
3360,Bodyweight Overhead Press Variation 3360,Hypertrophy,Bodyweight,Elite,Chest,8.23,0.602
3361,Machine Overhead Press Variation 3361,Strength,Machine,Intermediate,Back,7.63,0.148
3362,Bands Overhead Press Variation 3362,Strength,Bands,Intermediate,Back,8.55,0.447
3363,Barbell Plank Variation 3363,Rehab,Barbell,Elite,Core,6.45,0.207
3364,Machine Lat Pulldown Variation 3364,Power,Machine,Intermediate,Full Body,10.82,0.565
3365,Kettlebell Lunge Variation 3365,Power,Kettlebell,Elite,Core,11.53,0.878
3366,Kettlebell Lat Pulldown Variation 3366,Endurance,Kettlebell,Intermediate,Core,6.82,0.639
3367,Kettlebell Bench Press Variation 3367,Core,Kettlebell,Intermediate,Arms,3.57,0.247
3368,Cable Bench Press Variation 3368,Rehab,Cable,Beginner,Arms,11.98,0.507
3369,Dumbbell Leg Press Variation 3369,Rehab,Dumbbell,Advanced,Full Body,8.04,0.790
3370,Dumbbell Lunge Variation 3370,Strength,Dumbbell,Intermediate,Legs,9.81,0.816
3371,Bands Calf Raise Variation 3371,Endurance,Bands,Intermediate,Shoulders,8.45,0.379
3372,Dumbbell Plank Variation 3372,Core,Dumbbell,Advanced,Core,4.40,0.334
3373,Dumbbell Deadlift Variation 3373,Rehab,Dumbbell,Beginner,Core,5.19,0.439
3374,Bands Deadlift Variation 3374,Core,Bands,Elite,Arms,11.30,0.227
3375,Barbell Crunch Variation 3375,Endurance,Barbell,Beginner,Back,9.29,0.516
3376,Bands Overhead Press Variation 3376,Rehab,Bands,Elite,Back,11.20,0.104
3377,Barbell Deadlift Variation 3377,Core,Barbell,Beginner,Arms,10.77,0.761
3378,Machine Cable Fly Variation 3378,Core,Machine,Beginner,Arms,9.82,0.210
3379,Dumbbell Dumbbell Curl Variation 3379,Strength,Dumbbell,Intermediate,Arms,5.14,0.455
3380,Kettlebell Pull-up Variation 3380,Hypertrophy,Kettlebell,Elite,Back,8.96,0.885
3381,Bands Deadlift Variation 3381,Strength,Bands,Intermediate,Arms,11.97,0.578
3382,Bodyweight Crunch Variation 3382,Rehab,Bodyweight,Elite,Legs,5.45,0.565
3383,Machine Dumbbell Curl Variation 3383,Power,Machine,Advanced,Arms,7.59,0.564
3384,Kettlebell Pull-up Variation 3384,Core,Kettlebell,Advanced,Legs,6.95,0.133
3385,Machine Pull-up Variation 3385,Hypertrophy,Machine,Elite,Core,6.66,0.283
3386,Machine Deadlift Variation 3386,Power,Machine,Elite,Core,6.37,0.258
3387,Barbell Tricep Extension Variation 3387,Rehab,Barbell,Elite,Shoulders,10.49,0.752
3388,Machine Overhead Press Variation 3388,Strength,Machine,Intermediate,Shoulders,11.20,0.852
3389,Barbell Dumbbell Curl Variation 3389,Hypertrophy,Barbell,Intermediate,Full Body,9.85,0.644
3390,Kettlebell Pull-up Variation 3390,Rehab,Kettlebell,Advanced,Core,8.96,0.524
3391,Cable Cable Fly Variation 3391,Strength,Cable,Intermediate,Legs,9.71,0.502
3392,Machine Squat Variation 3392,Rehab,Machine,Advanced,Chest,8.86,0.135
3393,Machine Tricep Extension Variation 3393,Endurance,Machine,Advanced,Full Body,8.30,0.620
3394,Machine Tricep Extension Variation 3394,Endurance,Machine,Advanced,Chest,10.05,0.787
3395,Kettlebell Barbell Row Variation 3395,Strength,Kettlebell,Elite,Legs,3.78,0.278
3396,Bands Plank Variation 3396,Strength,Bands,Advanced,Chest,6.06,0.357
3397,Dumbbell Pull-up Variation 3397,Strength,Dumbbell,Elite,Chest,7.25,0.863
3398,Bands Barbell Row Variation 3398,Hypertrophy,Bands,Beginner,Arms,9.73,0.760
3399,Dumbbell Lat Pulldown Variation 3399,Hypertrophy,Dumbbell,Intermediate,Shoulders,3.14,0.869
3400,Barbell Cable Fly Variation 3400,Strength,Barbell,Elite,Back,8.24,0.755
3401,Cable Overhead Press Variation 3401,Endurance,Cable,Elite,Arms,8.64,0.524
3402,Kettlebell Deadlift Variation 3402,Endurance,Kettlebell,Advanced,Shoulders,8.20,0.364
3403,Bodyweight Crunch Variation 3403,Core,Bodyweight,Elite,Back,3.70,0.411
3404,Bands Lat Pulldown Variation 3404,Strength,Bands,Beginner,Chest,8.08,0.796
3405,Dumbbell Cable Fly Variation 3405,Endurance,Dumbbell,Beginner,Shoulders,8.88,0.359
3406,Bands Leg Press Variation 3406,Power,Bands,Elite,Legs,9.11,0.466
3407,Machine Barbell Row Variation 3407,Power,Machine,Advanced,Arms,10.19,0.885
3408,Bodyweight Pull-up Variation 3408,Hypertrophy,Bodyweight,Intermediate,Back,10.61,0.274
3409,Bodyweight Calf Raise Variation 3409,Strength,Bodyweight,Beginner,Shoulders,6.55,0.803
3410,Machine Bench Press Variation 3410,Endurance,Machine,Advanced,Back,8.67,0.690
3411,Bands Pull-up Variation 3411,Hypertrophy,Bands,Advanced,Chest,9.31,0.641
3412,Kettlebell Tricep Extension Variation 3412,Power,Kettlebell,Elite,Core,9.96,0.193
3413,Barbell Calf Raise Variation 3413,Rehab,Barbell,Advanced,Legs,6.05,0.873
3414,Kettlebell Dumbbell Curl Variation 3414,Hypertrophy,Kettlebell,Intermediate,Arms,6.25,0.606
3415,Dumbbell Dumbbell Curl Variation 3415,Core,Dumbbell,Elite,Shoulders,9.91,0.869
3416,Dumbbell Lunge Variation 3416,Core,Dumbbell,Advanced,Chest,7.87,0.420
3417,Bands Tricep Extension Variation 3417,Rehab,Bands,Intermediate,Back,4.39,0.707
3418,Cable Cable Fly Variation 3418,Rehab,Cable,Elite,Core,9.37,0.654
3419,Kettlebell Tricep Extension Variation 3419,Core,Kettlebell,Intermediate,Chest,11.67,0.731
3420,Bodyweight Squat Variation 3420,Hypertrophy,Bodyweight,Beginner,Arms,4.58,0.812
3421,Cable Tricep Extension Variation 3421,Endurance,Cable,Advanced,Core,5.34,0.866
3422,Machine Bench Press Variation 3422,Core,Machine,Advanced,Shoulders,3.74,0.171
3423,Dumbbell Dumbbell Curl Variation 3423,Hypertrophy,Dumbbell,Intermediate,Legs,8.61,0.818
3424,Machine Crunch Variation 3424,Rehab,Machine,Advanced,Chest,10.96,0.353
3425,Kettlebell Bench Press Variation 3425,Strength,Kettlebell,Elite,Back,8.93,0.660
3426,Cable Bench Press Variation 3426,Power,Cable,Advanced,Shoulders,5.80,0.260
3427,Bands Cable Fly Variation 3427,Core,Bands,Intermediate,Legs,5.78,0.865
3428,Bodyweight Overhead Press Variation 3428,Hypertrophy,Bodyweight,Advanced,Core,8.93,0.696
3429,Machine Dumbbell Curl Variation 3429,Strength,Machine,Intermediate,Chest,8.79,0.152
3430,Machine Bench Press Variation 3430,Power,Machine,Intermediate,Legs,3.89,0.239
3431,Cable Calf Raise Variation 3431,Endurance,Cable,Beginner,Core,8.68,0.540
3432,Barbell Bench Press Variation 3432,Strength,Barbell,Intermediate,Arms,8.71,0.190
3433,Cable Lat Pulldown Variation 3433,Core,Cable,Elite,Chest,9.12,0.224
3434,Dumbbell Dumbbell Curl Variation 3434,Core,Dumbbell,Intermediate,Arms,11.46,0.394
3435,Dumbbell Crunch Variation 3435,Power,Dumbbell,Intermediate,Core,6.46,0.562
3436,Cable Calf Raise Variation 3436,Power,Cable,Elite,Full Body,7.08,0.345
3437,Barbell Leg Press Variation 3437,Strength,Barbell,Beginner,Full Body,9.97,0.353
3438,Cable Lunge Variation 3438,Hypertrophy,Cable,Intermediate,Core,5.49,0.815
3439,Bodyweight Pull-up Variation 3439,Rehab,Bodyweight,Advanced,Shoulders,9.64,0.389
3440,Bands Tricep Extension Variation 3440,Hypertrophy,Bands,Intermediate,Core,10.89,0.686
3441,Bands Pull-up Variation 3441,Hypertrophy,Bands,Advanced,Chest,7.80,0.718
3442,Machine Crunch Variation 3442,Rehab,Machine,Elite,Chest,3.65,0.589
3443,Cable Lat Pulldown Variation 3443,Core,Cable,Elite,Full Body,6.26,0.403
3444,Cable Lat Pulldown Variation 3444,Rehab,Cable,Intermediate,Shoulders,10.61,0.296
3445,Dumbbell Plank Variation 3445,Strength,Dumbbell,Beginner,Full Body,10.36,0.220
3446,Machine Pull-up Variation 3446,Core,Machine,Elite,Back,9.37,0.547
3447,Machine Pull-up Variation 3447,Core,Machine,Beginner,Full Body,11.68,0.870
3448,Dumbbell Dumbbell Curl Variation 3448,Hypertrophy,Dumbbell,Beginner,Back,8.96,0.271
3449,Kettlebell Plank Variation 3449,Rehab,Kettlebell,Intermediate,Back,4.95,0.212
3450,Kettlebell Squat Variation 3450,Power,Kettlebell,Elite,Arms,4.08,0.414
3451,Barbell Crunch Variation 3451,Hypertrophy,Barbell,Elite,Full Body,7.17,0.678
3452,Machine Barbell Row Variation 3452,Rehab,Machine,Beginner,Core,6.21,0.448
3453,Kettlebell Leg Press Variation 3453,Hypertrophy,Kettlebell,Intermediate,Back,3.35,0.307
3454,Bands Overhead Press Variation 3454,Strength,Bands,Advanced,Arms,9.45,0.588
3455,Machine Calf Raise Variation 3455,Hypertrophy,Machine,Beginner,Arms,9.05,0.851
3456,Machine Cable Fly Variation 3456,Rehab,Machine,Advanced,Arms,4.18,0.542
3457,Bands Deadlift Variation 3457,Endurance,Bands,Beginner,Back,10.13,0.384
3458,Bands Barbell Row Variation 3458,Hypertrophy,Bands,Elite,Arms,6.66,0.569
3459,Kettlebell Dumbbell Curl Variation 3459,Hypertrophy,Kettlebell,Elite,Arms,3.55,0.720
3460,Dumbbell Cable Fly Variation 3460,Rehab,Dumbbell,Intermediate,Full Body,11.94,0.878
3461,Cable Plank Variation 3461,Strength,Cable,Beginner,Arms,6.08,0.782
3462,Cable Barbell Row Variation 3462,Endurance,Cable,Intermediate,Chest,3.26,0.254
3463,Bands Calf Raise Variation 3463,Power,Bands,Intermediate,Legs,6.50,0.539
3464,Bodyweight Barbell Row Variation 3464,Rehab,Bodyweight,Intermediate,Full Body,7.05,0.583
3465,Bodyweight Leg Press Variation 3465,Rehab,Bodyweight,Advanced,Back,11.05,0.677
3466,Bodyweight Dumbbell Curl Variation 3466,Rehab,Bodyweight,Advanced,Core,11.17,0.355
3467,Dumbbell Overhead Press Variation 3467,Power,Dumbbell,Elite,Core,6.33,0.422
3468,Kettlebell Squat Variation 3468,Power,Kettlebell,Elite,Full Body,3.96,0.620
3469,Cable Pull-up Variation 3469,Core,Cable,Intermediate,Core,6.58,0.350
3470,Barbell Overhead Press Variation 3470,Hypertrophy,Barbell,Advanced,Chest,6.62,0.747
3471,Barbell Calf Raise Variation 3471,Strength,Barbell,Advanced,Shoulders,11.06,0.785
3472,Dumbbell Crunch Variation 3472,Rehab,Dumbbell,Intermediate,Shoulders,9.71,0.277
3473,Kettlebell Lat Pulldown Variation 3473,Rehab,Kettlebell,Intermediate,Arms,8.95,0.156
3474,Barbell Tricep Extension Variation 3474,Power,Barbell,Elite,Legs,5.42,0.385
3475,Bodyweight Bench Press Variation 3475,Rehab,Bodyweight,Intermediate,Shoulders,4.00,0.793
3476,Machine Barbell Row Variation 3476,Rehab,Machine,Advanced,Legs,4.89,0.794
3477,Bands Cable Fly Variation 3477,Strength,Bands,Elite,Core,9.56,0.725
3478,Bodyweight Dumbbell Curl Variation 3478,Strength,Bodyweight,Advanced,Arms,5.80,0.828
3479,Machine Bench Press Variation 3479,Hypertrophy,Machine,Advanced,Back,11.74,0.676
3480,Bands Dumbbell Curl Variation 3480,Strength,Bands,Elite,Back,10.48,0.269
3481,Kettlebell Crunch Variation 3481,Strength,Kettlebell,Elite,Chest,5.07,0.523
3482,Barbell Bench Press Variation 3482,Strength,Barbell,Elite,Full Body,5.05,0.899
3483,Machine Plank Variation 3483,Hypertrophy,Machine,Advanced,Shoulders,10.94,0.714
3484,Barbell Overhead Press Variation 3484,Strength,Barbell,Beginner,Shoulders,5.09,0.215
3485,Kettlebell Leg Press Variation 3485,Endurance,Kettlebell,Beginner,Shoulders,7.77,0.459
3486,Machine Lunge Variation 3486,Power,Machine,Elite,Full Body,7.95,0.458
3487,Cable Bench Press Variation 3487,Endurance,Cable,Intermediate,Legs,5.71,0.845
3488,Kettlebell Squat Variation 3488,Hypertrophy,Kettlebell,Beginner,Legs,7.73,0.323
3489,Kettlebell Leg Press Variation 3489,Hypertrophy,Kettlebell,Intermediate,Back,6.92,0.481
3490,Dumbbell Calf Raise Variation 3490,Core,Dumbbell,Advanced,Back,3.35,0.456
3491,Bodyweight Plank Variation 3491,Rehab,Bodyweight,Advanced,Back,9.70,0.381
3492,Kettlebell Plank Variation 3492,Hypertrophy,Kettlebell,Intermediate,Arms,8.96,0.685
3493,Cable Deadlift Variation 3493,Core,Cable,Advanced,Core,6.15,0.826
3494,Kettlebell Pull-up Variation 3494,Endurance,Kettlebell,Elite,Legs,8.88,0.127
3495,Machine Leg Press Variation 3495,Endurance,Machine,Advanced,Chest,5.46,0.581
3496,Bands Lunge Variation 3496,Endurance,Bands,Elite,Chest,5.02,0.545
3497,Cable Bench Press Variation 3497,Hypertrophy,Cable,Advanced,Core,6.29,0.651
3498,Bands Cable Fly Variation 3498,Core,Bands,Intermediate,Legs,4.08,0.369
3499,Bodyweight Bench Press Variation 3499,Rehab,Bodyweight,Elite,Chest,5.84,0.433
3500,Kettlebell Squat Variation 3500,Core,Kettlebell,Intermediate,Full Body,5.34,0.421
3501,Kettlebell Crunch Variation 3501,Strength,Kettlebell,Beginner,Full Body,7.80,0.679
3502,Bands Dumbbell Curl Variation 3502,Endurance,Bands,Advanced,Shoulders,11.88,0.749
3503,Barbell Deadlift Variation 3503,Core,Barbell,Elite,Chest,10.47,0.464
3504,Bands Tricep Extension Variation 3504,Power,Bands,Beginner,Shoulders,5.50,0.161
3505,Barbell Deadlift Variation 3505,Power,Barbell,Advanced,Arms,5.77,0.448
3506,Dumbbell Deadlift Variation 3506,Hypertrophy,Dumbbell,Intermediate,Shoulders,5.31,0.463
3507,Dumbbell Bench Press Variation 3507,Strength,Dumbbell,Intermediate,Arms,10.51,0.200
3508,Dumbbell Barbell Row Variation 3508,Strength,Dumbbell,Elite,Core,10.45,0.617
3509,Bands Leg Press Variation 3509,Rehab,Bands,Advanced,Shoulders,6.74,0.522
3510,Bodyweight Cable Fly Variation 3510,Endurance,Bodyweight,Elite,Back,5.51,0.176
3511,Barbell Lunge Variation 3511,Hypertrophy,Barbell,Intermediate,Back,7.12,0.851
3512,Bodyweight Plank Variation 3512,Core,Bodyweight,Intermediate,Core,9.28,0.428
3513,Bodyweight Crunch Variation 3513,Strength,Bodyweight,Advanced,Chest,3.22,0.681
3514,Bodyweight Deadlift Variation 3514,Power,Bodyweight,Beginner,Back,10.99,0.358
3515,Kettlebell Calf Raise Variation 3515,Rehab,Kettlebell,Advanced,Legs,8.75,0.101
3516,Kettlebell Overhead Press Variation 3516,Rehab,Kettlebell,Advanced,Full Body,11.08,0.170
3517,Barbell Pull-up Variation 3517,Hypertrophy,Barbell,Intermediate,Shoulders,5.01,0.678
3518,Dumbbell Lunge Variation 3518,Endurance,Dumbbell,Advanced,Chest,5.02,0.655
3519,Bodyweight Leg Press Variation 3519,Hypertrophy,Bodyweight,Intermediate,Full Body,7.50,0.559
3520,Machine Cable Fly Variation 3520,Hypertrophy,Machine,Beginner,Core,10.74,0.461
3521,Machine Lunge Variation 3521,Strength,Machine,Elite,Chest,7.71,0.583
3522,Barbell Bench Press Variation 3522,Rehab,Barbell,Intermediate,Full Body,10.82,0.178
3523,Kettlebell Lunge Variation 3523,Hypertrophy,Kettlebell,Elite,Chest,4.60,0.409
3524,Bodyweight Crunch Variation 3524,Hypertrophy,Bodyweight,Beginner,Arms,11.37,0.857
3525,Kettlebell Lunge Variation 3525,Core,Kettlebell,Advanced,Shoulders,7.32,0.626
3526,Cable Dumbbell Curl Variation 3526,Strength,Cable,Advanced,Core,3.82,0.143
3527,Bodyweight Bench Press Variation 3527,Core,Bodyweight,Intermediate,Shoulders,6.21,0.276
3528,Dumbbell Cable Fly Variation 3528,Endurance,Dumbbell,Beginner,Legs,6.11,0.845
3529,Cable Pull-up Variation 3529,Endurance,Cable,Elite,Core,3.91,0.527
3530,Barbell Tricep Extension Variation 3530,Rehab,Barbell,Advanced,Back,9.69,0.706
3531,Bodyweight Leg Press Variation 3531,Strength,Bodyweight,Elite,Core,6.75,0.471
3532,Bands Tricep Extension Variation 3532,Strength,Bands,Advanced,Back,10.21,0.637
3533,Kettlebell Cable Fly Variation 3533,Strength,Kettlebell,Advanced,Shoulders,8.61,0.839
3534,Dumbbell Dumbbell Curl Variation 3534,Power,Dumbbell,Advanced,Legs,3.23,0.238
3535,Dumbbell Calf Raise Variation 3535,Endurance,Dumbbell,Beginner,Arms,8.24,0.334
3536,Cable Dumbbell Curl Variation 3536,Endurance,Cable,Advanced,Legs,9.86,0.393
3537,Machine Squat Variation 3537,Endurance,Machine,Elite,Chest,5.34,0.576
3538,Bands Leg Press Variation 3538,Strength,Bands,Elite,Legs,9.98,0.573
3539,Barbell Barbell Row Variation 3539,Core,Barbell,Beginner,Arms,5.14,0.383
3540,Bands Overhead Press Variation 3540,Hypertrophy,Bands,Intermediate,Back,11.28,0.190
3541,Bands Deadlift Variation 3541,Power,Bands,Beginner,Core,9.04,0.223
3542,Kettlebell Barbell Row Variation 3542,Endurance,Kettlebell,Elite,Full Body,5.70,0.263
3543,Kettlebell Lat Pulldown Variation 3543,Endurance,Kettlebell,Elite,Legs,3.27,0.739
3544,Kettlebell Calf Raise Variation 3544,Core,Kettlebell,Advanced,Core,7.45,0.134
3545,Barbell Leg Press Variation 3545,Rehab,Barbell,Advanced,Arms,6.94,0.836
3546,Dumbbell Cable Fly Variation 3546,Hypertrophy,Dumbbell,Intermediate,Full Body,7.99,0.549
3547,Dumbbell Barbell Row Variation 3547,Endurance,Dumbbell,Advanced,Core,5.80,0.380
3548,Machine Tricep Extension Variation 3548,Power,Machine,Elite,Chest,10.89,0.653
3549,Bands Overhead Press Variation 3549,Rehab,Bands,Beginner,Full Body,11.33,0.110
3550,Barbell Plank Variation 3550,Strength,Barbell,Beginner,Chest,10.12,0.432
3551,Bodyweight Dumbbell Curl Variation 3551,Strength,Bodyweight,Beginner,Chest,3.60,0.529
3552,Dumbbell Lat Pulldown Variation 3552,Strength,Dumbbell,Intermediate,Chest,4.73,0.574
3553,Machine Crunch Variation 3553,Endurance,Machine,Intermediate,Arms,9.92,0.865
3554,Cable Lat Pulldown Variation 3554,Power,Cable,Elite,Shoulders,9.07,0.550
3555,Machine Leg Press Variation 3555,Strength,Machine,Elite,Chest,4.15,0.877
3556,Machine Pull-up Variation 3556,Rehab,Machine,Elite,Core,3.98,0.482
3557,Dumbbell Crunch Variation 3557,Rehab,Dumbbell,Advanced,Shoulders,5.50,0.429
3558,Bands Crunch Variation 3558,Hypertrophy,Bands,Beginner,Full Body,7.80,0.131
3559,Cable Pull-up Variation 3559,Rehab,Cable,Advanced,Full Body,7.57,0.605
3560,Barbell Crunch Variation 3560,Rehab,Barbell,Advanced,Arms,5.41,0.827
3561,Bands Deadlift Variation 3561,Hypertrophy,Bands,Elite,Legs,8.41,0.767
3562,Bands Plank Variation 3562,Rehab,Bands,Advanced,Core,7.57,0.269
3563,Cable Pull-up Variation 3563,Core,Cable,Advanced,Shoulders,8.01,0.589
3564,Kettlebell Squat Variation 3564,Hypertrophy,Kettlebell,Intermediate,Core,10.97,0.501
3565,Kettlebell Calf Raise Variation 3565,Strength,Kettlebell,Elite,Full Body,9.73,0.832
3566,Cable Dumbbell Curl Variation 3566,Core,Cable,Beginner,Shoulders,5.12,0.842
3567,Barbell Lunge Variation 3567,Rehab,Barbell,Elite,Full Body,4.45,0.620
3568,Barbell Bench Press Variation 3568,Endurance,Barbell,Elite,Shoulders,11.91,0.271
3569,Dumbbell Squat Variation 3569,Core,Dumbbell,Beginner,Shoulders,11.24,0.130
3570,Cable Lunge Variation 3570,Power,Cable,Intermediate,Core,10.08,0.130
3571,Cable Dumbbell Curl Variation 3571,Core,Cable,Intermediate,Legs,5.51,0.361
3572,Dumbbell Calf Raise Variation 3572,Core,Dumbbell,Elite,Full Body,10.52,0.218
3573,Kettlebell Overhead Press Variation 3573,Rehab,Kettlebell,Elite,Full Body,5.41,0.390
3574,Barbell Pull-up Variation 3574,Endurance,Barbell,Advanced,Back,3.13,0.321
3575,Bodyweight Crunch Variation 3575,Core,Bodyweight,Elite,Core,6.74,0.794
3576,Machine Barbell Row Variation 3576,Power,Machine,Intermediate,Full Body,4.92,0.289
3577,Bands Overhead Press Variation 3577,Endurance,Bands,Advanced,Shoulders,8.94,0.250
3578,Bodyweight Tricep Extension Variation 3578,Rehab,Bodyweight,Advanced,Legs,11.75,0.498
3579,Dumbbell Crunch Variation 3579,Strength,Dumbbell,Beginner,Shoulders,6.89,0.137
3580,Cable Bench Press Variation 3580,Rehab,Cable,Intermediate,Legs,4.18,0.365
3581,Machine Tricep Extension Variation 3581,Strength,Machine,Advanced,Core,7.71,0.567
3582,Barbell Lat Pulldown Variation 3582,Endurance,Barbell,Elite,Chest,5.51,0.647
3583,Bands Bench Press Variation 3583,Strength,Bands,Intermediate,Legs,11.60,0.522
3584,Dumbbell Plank Variation 3584,Strength,Dumbbell,Intermediate,Back,8.93,0.438
3585,Bodyweight Barbell Row Variation 3585,Rehab,Bodyweight,Intermediate,Core,8.92,0.777
3586,Barbell Bench Press Variation 3586,Strength,Barbell,Beginner,Legs,5.16,0.142
3587,Bodyweight Squat Variation 3587,Core,Bodyweight,Advanced,Arms,3.80,0.212
3588,Kettlebell Bench Press Variation 3588,Strength,Kettlebell,Elite,Back,5.48,0.404
3589,Bands Cable Fly Variation 3589,Strength,Bands,Elite,Chest,5.35,0.435
3590,Bodyweight Crunch Variation 3590,Power,Bodyweight,Intermediate,Full Body,7.60,0.812
3591,Dumbbell Calf Raise Variation 3591,Endurance,Dumbbell,Beginner,Chest,9.15,0.768
3592,Bodyweight Cable Fly Variation 3592,Rehab,Bodyweight,Intermediate,Shoulders,11.17,0.230
3593,Barbell Overhead Press Variation 3593,Power,Barbell,Elite,Arms,6.89,0.326
3594,Kettlebell Overhead Press Variation 3594,Hypertrophy,Kettlebell,Beginner,Full Body,11.65,0.794
3595,Dumbbell Barbell Row Variation 3595,Strength,Dumbbell,Elite,Back,8.00,0.197
3596,Bands Deadlift Variation 3596,Hypertrophy,Bands,Elite,Full Body,10.30,0.417
3597,Barbell Cable Fly Variation 3597,Power,Barbell,Beginner,Shoulders,11.88,0.845
3598,Bodyweight Barbell Row Variation 3598,Endurance,Bodyweight,Advanced,Core,6.55,0.894
3599,Dumbbell Pull-up Variation 3599,Endurance,Dumbbell,Intermediate,Core,4.64,0.574
3600,Barbell Pull-up Variation 3600,Power,Barbell,Elite,Shoulders,10.49,0.114
3601,Barbell Cable Fly Variation 3601,Endurance,Barbell,Elite,Arms,6.87,0.117
3602,Kettlebell Squat Variation 3602,Rehab,Kettlebell,Elite,Full Body,7.79,0.184
3603,Machine Dumbbell Curl Variation 3603,Strength,Machine,Intermediate,Legs,9.82,0.637
3604,Machine Calf Raise Variation 3604,Core,Machine,Intermediate,Arms,11.34,0.655
3605,Machine Barbell Row Variation 3605,Core,Machine,Elite,Chest,8.69,0.248
3606,Cable Pull-up Variation 3606,Core,Cable,Beginner,Full Body,4.96,0.114
3607,Barbell Overhead Press Variation 3607,Rehab,Barbell,Advanced,Shoulders,9.16,0.649
3608,Barbell Crunch Variation 3608,Strength,Barbell,Advanced,Arms,10.65,0.341
3609,Machine Leg Press Variation 3609,Endurance,Machine,Intermediate,Back,7.59,0.655
3610,Kettlebell Leg Press Variation 3610,Core,Kettlebell,Advanced,Legs,8.31,0.898
3611,Barbell Leg Press Variation 3611,Rehab,Barbell,Intermediate,Legs,7.39,0.457
3612,Barbell Dumbbell Curl Variation 3612,Endurance,Barbell,Elite,Shoulders,3.23,0.810
3613,Bands Leg Press Variation 3613,Rehab,Bands,Intermediate,Full Body,6.43,0.378
3614,Dumbbell Dumbbell Curl Variation 3614,Strength,Dumbbell,Intermediate,Core,6.73,0.361
3615,Kettlebell Lat Pulldown Variation 3615,Rehab,Kettlebell,Beginner,Chest,3.76,0.281
3616,Bands Overhead Press Variation 3616,Power,Bands,Beginner,Arms,4.84,0.555
3617,Machine Calf Raise Variation 3617,Power,Machine,Intermediate,Legs,11.73,0.197
3618,Cable Cable Fly Variation 3618,Strength,Cable,Elite,Back,3.82,0.545
3619,Machine Lat Pulldown Variation 3619,Endurance,Machine,Advanced,Full Body,5.60,0.157
3620,Cable Lunge Variation 3620,Endurance,Cable,Elite,Chest,5.56,0.554
3621,Barbell Crunch Variation 3621,Endurance,Barbell,Beginner,Core,3.73,0.672
3622,Bands Squat Variation 3622,Endurance,Bands,Elite,Legs,3.72,0.562
3623,Bodyweight Lat Pulldown Variation 3623,Hypertrophy,Bodyweight,Elite,Full Body,5.61,0.846
3624,Machine Lat Pulldown Variation 3624,Core,Machine,Intermediate,Legs,6.72,0.367
3625,Machine Cable Fly Variation 3625,Strength,Machine,Beginner,Core,7.39,0.647
3626,Barbell Barbell Row Variation 3626,Power,Barbell,Elite,Arms,7.96,0.503
3627,Barbell Pull-up Variation 3627,Endurance,Barbell,Advanced,Shoulders,9.98,0.352
3628,Cable Bench Press Variation 3628,Strength,Cable,Beginner,Shoulders,9.69,0.884
3629,Bodyweight Deadlift Variation 3629,Endurance,Bodyweight,Beginner,Core,6.75,0.569
3630,Bodyweight Squat Variation 3630,Power,Bodyweight,Elite,Legs,3.85,0.856
3631,Bands Lat Pulldown Variation 3631,Endurance,Bands,Intermediate,Chest,6.77,0.678
3632,Bodyweight Crunch Variation 3632,Strength,Bodyweight,Beginner,Chest,5.52,0.688
3633,Bodyweight Lat Pulldown Variation 3633,Strength,Bodyweight,Intermediate,Chest,4.35,0.352
3634,Cable Overhead Press Variation 3634,Strength,Cable,Beginner,Shoulders,10.74,0.588
3635,Cable Lunge Variation 3635,Hypertrophy,Cable,Beginner,Chest,9.79,0.679
3636,Barbell Overhead Press Variation 3636,Endurance,Barbell,Advanced,Chest,6.43,0.825
3637,Kettlebell Cable Fly Variation 3637,Strength,Kettlebell,Intermediate,Back,9.87,0.575
3638,Barbell Leg Press Variation 3638,Strength,Barbell,Advanced,Chest,10.82,0.155
3639,Machine Bench Press Variation 3639,Power,Machine,Advanced,Core,7.59,0.221
3640,Bands Cable Fly Variation 3640,Core,Bands,Intermediate,Back,11.51,0.137
3641,Cable Squat Variation 3641,Rehab,Cable,Advanced,Arms,7.95,0.693
3642,Dumbbell Deadlift Variation 3642,Power,Dumbbell,Advanced,Back,11.85,0.878
3643,Machine Lat Pulldown Variation 3643,Strength,Machine,Elite,Legs,3.91,0.184
3644,Bodyweight Pull-up Variation 3644,Rehab,Bodyweight,Advanced,Back,11.66,0.671
3645,Bodyweight Tricep Extension Variation 3645,Hypertrophy,Bodyweight,Beginner,Core,5.57,0.426
3646,Machine Deadlift Variation 3646,Rehab,Machine,Elite,Back,8.20,0.725
3647,Kettlebell Leg Press Variation 3647,Endurance,Kettlebell,Elite,Full Body,6.41,0.865
3648,Cable Lunge Variation 3648,Strength,Cable,Elite,Chest,4.04,0.761
3649,Bands Bench Press Variation 3649,Hypertrophy,Bands,Intermediate,Legs,11.54,0.772
3650,Dumbbell Overhead Press Variation 3650,Endurance,Dumbbell,Advanced,Back,4.82,0.231
3651,Dumbbell Calf Raise Variation 3651,Strength,Dumbbell,Advanced,Back,3.28,0.870
3652,Kettlebell Plank Variation 3652,Endurance,Kettlebell,Intermediate,Core,9.51,0.328
3653,Barbell Leg Press Variation 3653,Power,Barbell,Beginner,Arms,8.52,0.891
3654,Kettlebell Calf Raise Variation 3654,Core,Kettlebell,Elite,Legs,10.83,0.888
3655,Bands Lat Pulldown Variation 3655,Endurance,Bands,Advanced,Core,11.71,0.392
3656,Machine Calf Raise Variation 3656,Strength,Machine,Beginner,Shoulders,8.36,0.790
3657,Bands Overhead Press Variation 3657,Endurance,Bands,Intermediate,Chest,3.66,0.753
3658,Bodyweight Tricep Extension Variation 3658,Strength,Bodyweight,Beginner,Legs,10.87,0.511
3659,Kettlebell Cable Fly Variation 3659,Core,Kettlebell,Elite,Shoulders,5.64,0.266
3660,Dumbbell Lat Pulldown Variation 3660,Hypertrophy,Dumbbell,Advanced,Legs,8.10,0.856
3661,Kettlebell Deadlift Variation 3661,Rehab,Kettlebell,Beginner,Full Body,10.24,0.397
3662,Machine Cable Fly Variation 3662,Rehab,Machine,Elite,Core,10.23,0.710
3663,Cable Dumbbell Curl Variation 3663,Rehab,Cable,Intermediate,Core,10.02,0.842
3664,Cable Lunge Variation 3664,Strength,Cable,Elite,Full Body,8.20,0.316
3665,Bands Plank Variation 3665,Hypertrophy,Bands,Beginner,Core,10.59,0.251
3666,Machine Pull-up Variation 3666,Strength,Machine,Intermediate,Back,9.42,0.120
3667,Barbell Plank Variation 3667,Rehab,Barbell,Beginner,Chest,7.60,0.168
3668,Bands Lat Pulldown Variation 3668,Core,Bands,Elite,Legs,4.22,0.816
3669,Bands Plank Variation 3669,Strength,Bands,Elite,Back,11.37,0.619
3670,Bodyweight Lat Pulldown Variation 3670,Endurance,Bodyweight,Elite,Shoulders,9.78,0.792
3671,Machine Dumbbell Curl Variation 3671,Strength,Machine,Intermediate,Back,11.23,0.550
3672,Barbell Cable Fly Variation 3672,Core,Barbell,Advanced,Core,6.27,0.660
3673,Kettlebell Deadlift Variation 3673,Rehab,Kettlebell,Intermediate,Core,4.84,0.522
3674,Barbell Leg Press Variation 3674,Hypertrophy,Barbell,Advanced,Legs,11.60,0.491
3675,Machine Leg Press Variation 3675,Rehab,Machine,Elite,Arms,8.67,0.227
3676,Dumbbell Squat Variation 3676,Rehab,Dumbbell,Intermediate,Core,3.45,0.769
3677,Dumbbell Leg Press Variation 3677,Endurance,Dumbbell,Advanced,Core,11.23,0.541
3678,Bands Lat Pulldown Variation 3678,Strength,Bands,Beginner,Core,8.80,0.572
3679,Machine Lunge Variation 3679,Power,Machine,Advanced,Shoulders,6.25,0.381
3680,Cable Crunch Variation 3680,Endurance,Cable,Beginner,Legs,8.16,0.359
3681,Dumbbell Crunch Variation 3681,Strength,Dumbbell,Elite,Shoulders,4.06,0.707
3682,Cable Lat Pulldown Variation 3682,Power,Cable,Intermediate,Chest,3.92,0.525
3683,Bodyweight Calf Raise Variation 3683,Endurance,Bodyweight,Elite,Legs,7.24,0.265
3684,Bodyweight Tricep Extension Variation 3684,Endurance,Bodyweight,Elite,Core,6.72,0.592
3685,Dumbbell Plank Variation 3685,Strength,Dumbbell,Advanced,Shoulders,8.46,0.677
3686,Machine Calf Raise Variation 3686,Core,Machine,Beginner,Full Body,8.31,0.196
3687,Dumbbell Lat Pulldown Variation 3687,Hypertrophy,Dumbbell,Elite,Chest,7.58,0.844
3688,Machine Tricep Extension Variation 3688,Core,Machine,Advanced,Back,4.50,0.337
3689,Machine Lat Pulldown Variation 3689,Hypertrophy,Machine,Beginner,Back,5.35,0.532
3690,Bands Deadlift Variation 3690,Power,Bands,Beginner,Chest,7.85,0.384
3691,Barbell Overhead Press Variation 3691,Rehab,Barbell,Intermediate,Back,3.07,0.606
3692,Bodyweight Plank Variation 3692,Core,Bodyweight,Elite,Shoulders,4.01,0.185
3693,Barbell Overhead Press Variation 3693,Endurance,Barbell,Intermediate,Chest,8.37,0.138
3694,Dumbbell Cable Fly Variation 3694,Endurance,Dumbbell,Intermediate,Arms,5.11,0.218
3695,Dumbbell Leg Press Variation 3695,Power,Dumbbell,Intermediate,Shoulders,4.54,0.536
3696,Machine Pull-up Variation 3696,Hypertrophy,Machine,Advanced,Core,10.11,0.636
3697,Barbell Plank Variation 3697,Strength,Barbell,Elite,Arms,11.78,0.837
3698,Cable Calf Raise Variation 3698,Rehab,Cable,Elite,Shoulders,10.87,0.627
3699,Bodyweight Plank Variation 3699,Rehab,Bodyweight,Elite,Back,10.42,0.876
3700,Bodyweight Lunge Variation 3700,Core,Bodyweight,Intermediate,Shoulders,9.82,0.882
3701,Cable Squat Variation 3701,Rehab,Cable,Beginner,Legs,7.36,0.158
3702,Bands Bench Press Variation 3702,Hypertrophy,Bands,Elite,Legs,10.78,0.549
3703,Dumbbell Tricep Extension Variation 3703,Rehab,Dumbbell,Beginner,Legs,3.55,0.545
3704,Machine Barbell Row Variation 3704,Power,Machine,Beginner,Arms,8.97,0.119
3705,Barbell Lunge Variation 3705,Core,Barbell,Elite,Shoulders,3.42,0.620
3706,Machine Lat Pulldown Variation 3706,Endurance,Machine,Beginner,Arms,7.75,0.604
3707,Barbell Pull-up Variation 3707,Rehab,Barbell,Advanced,Core,8.24,0.782
3708,Bands Pull-up Variation 3708,Power,Bands,Beginner,Arms,7.60,0.633
3709,Dumbbell Lunge Variation 3709,Power,Dumbbell,Intermediate,Arms,11.60,0.180
3710,Bands Bench Press Variation 3710,Power,Bands,Elite,Shoulders,7.36,0.860
3711,Bands Pull-up Variation 3711,Core,Bands,Intermediate,Shoulders,3.27,0.869
3712,Machine Cable Fly Variation 3712,Strength,Machine,Intermediate,Full Body,9.22,0.851
3713,Machine Overhead Press Variation 3713,Rehab,Machine,Intermediate,Legs,11.52,0.529
3714,Machine Leg Press Variation 3714,Core,Machine,Advanced,Shoulders,7.81,0.186
3715,Dumbbell Barbell Row Variation 3715,Strength,Dumbbell,Beginner,Legs,9.16,0.783
3716,Bands Lunge Variation 3716,Endurance,Bands,Advanced,Chest,4.80,0.182
3717,Bands Tricep Extension Variation 3717,Strength,Bands,Intermediate,Arms,7.63,0.440
3718,Kettlebell Squat Variation 3718,Rehab,Kettlebell,Advanced,Back,5.76,0.394
3719,Cable Crunch Variation 3719,Core,Cable,Beginner,Full Body,8.56,0.874
3720,Cable Crunch Variation 3720,Core,Cable,Intermediate,Legs,3.05,0.665
3721,Cable Leg Press Variation 3721,Hypertrophy,Cable,Elite,Core,3.06,0.521
3722,Barbell Plank Variation 3722,Hypertrophy,Barbell,Advanced,Legs,7.09,0.166
3723,Kettlebell Barbell Row Variation 3723,Power,Kettlebell,Elite,Back,6.61,0.144
3724,Machine Deadlift Variation 3724,Endurance,Machine,Advanced,Chest,4.91,0.897
3725,Cable Bench Press Variation 3725,Core,Cable,Elite,Back,7.90,0.713
3726,Dumbbell Leg Press Variation 3726,Strength,Dumbbell,Intermediate,Core,5.05,0.574
3727,Kettlebell Plank Variation 3727,Hypertrophy,Kettlebell,Elite,Core,3.27,0.820
3728,Machine Dumbbell Curl Variation 3728,Endurance,Machine,Intermediate,Full Body,7.87,0.755
3729,Barbell Overhead Press Variation 3729,Core,Barbell,Elite,Full Body,3.46,0.415
3730,Dumbbell Tricep Extension Variation 3730,Rehab,Dumbbell,Advanced,Shoulders,11.09,0.596
3731,Dumbbell Bench Press Variation 3731,Core,Dumbbell,Advanced,Shoulders,4.15,0.204
3732,Bands Squat Variation 3732,Core,Bands,Elite,Chest,7.02,0.361
3733,Kettlebell Lunge Variation 3733,Rehab,Kettlebell,Advanced,Arms,11.03,0.865
3734,Barbell Lat Pulldown Variation 3734,Rehab,Barbell,Elite,Core,9.69,0.188
3735,Barbell Leg Press Variation 3735,Endurance,Barbell,Beginner,Legs,11.83,0.731
3736,Kettlebell Pull-up Variation 3736,Core,Kettlebell,Advanced,Legs,3.94,0.668
3737,Cable Dumbbell Curl Variation 3737,Strength,Cable,Intermediate,Arms,7.02,0.875
3738,Dumbbell Squat Variation 3738,Strength,Dumbbell,Advanced,Arms,7.29,0.620
3739,Bands Bench Press Variation 3739,Rehab,Bands,Intermediate,Legs,9.80,0.450
3740,Machine Lat Pulldown Variation 3740,Hypertrophy,Machine,Beginner,Back,7.59,0.532
3741,Bodyweight Dumbbell Curl Variation 3741,Core,Bodyweight,Intermediate,Chest,11.83,0.253
3742,Kettlebell Deadlift Variation 3742,Rehab,Kettlebell,Advanced,Full Body,9.09,0.671
3743,Bodyweight Leg Press Variation 3743,Endurance,Bodyweight,Advanced,Shoulders,8.85,0.442
3744,Bodyweight Calf Raise Variation 3744,Strength,Bodyweight,Intermediate,Shoulders,11.57,0.136
3745,Cable Leg Press Variation 3745,Power,Cable,Advanced,Chest,8.90,0.474
3746,Dumbbell Barbell Row Variation 3746,Endurance,Dumbbell,Beginner,Shoulders,7.81,0.618
3747,Kettlebell Overhead Press Variation 3747,Hypertrophy,Kettlebell,Intermediate,Legs,7.30,0.836
3748,Bands Crunch Variation 3748,Core,Bands,Beginner,Arms,11.53,0.770
3749,Machine Dumbbell Curl Variation 3749,Power,Machine,Elite,Chest,10.73,0.540
3750,Cable Bench Press Variation 3750,Power,Cable,Elite,Arms,5.29,0.135
3751,Bodyweight Squat Variation 3751,Strength,Bodyweight,Intermediate,Core,5.40,0.368
3752,Cable Tricep Extension Variation 3752,Strength,Cable,Beginner,Full Body,8.57,0.882
3753,Dumbbell Calf Raise Variation 3753,Rehab,Dumbbell,Beginner,Legs,9.55,0.743
3754,Bands Crunch Variation 3754,Core,Bands,Advanced,Back,3.42,0.718
3755,Bodyweight Squat Variation 3755,Rehab,Bodyweight,Elite,Core,3.42,0.707
3756,Machine Pull-up Variation 3756,Rehab,Machine,Elite,Arms,5.37,0.447
3757,Kettlebell Lat Pulldown Variation 3757,Power,Kettlebell,Beginner,Full Body,8.90,0.519
3758,Machine Squat Variation 3758,Endurance,Machine,Beginner,Full Body,5.30,0.327
3759,Kettlebell Calf Raise Variation 3759,Rehab,Kettlebell,Advanced,Shoulders,11.01,0.855
3760,Barbell Lat Pulldown Variation 3760,Strength,Barbell,Beginner,Core,5.22,0.495
3761,Machine Tricep Extension Variation 3761,Rehab,Machine,Elite,Shoulders,10.97,0.505
3762,Cable Leg Press Variation 3762,Hypertrophy,Cable,Advanced,Shoulders,9.99,0.400
3763,Machine Lunge Variation 3763,Hypertrophy,Machine,Advanced,Chest,4.13,0.643
3764,Kettlebell Dumbbell Curl Variation 3764,Strength,Kettlebell,Elite,Core,6.35,0.411
3765,Bands Crunch Variation 3765,Power,Bands,Elite,Legs,4.19,0.428
3766,Kettlebell Crunch Variation 3766,Power,Kettlebell,Elite,Legs,8.08,0.147
3767,Cable Crunch Variation 3767,Rehab,Cable,Advanced,Core,3.43,0.705
3768,Machine Overhead Press Variation 3768,Strength,Machine,Elite,Legs,6.79,0.243
3769,Bodyweight Crunch Variation 3769,Rehab,Bodyweight,Intermediate,Arms,5.00,0.256
3770,Bodyweight Bench Press Variation 3770,Endurance,Bodyweight,Advanced,Arms,4.93,0.737
3771,Cable Bench Press Variation 3771,Core,Cable,Intermediate,Core,10.19,0.627
3772,Bands Pull-up Variation 3772,Strength,Bands,Intermediate,Back,9.58,0.815
3773,Dumbbell Bench Press Variation 3773,Endurance,Dumbbell,Elite,Shoulders,9.71,0.216
3774,Barbell Lat Pulldown Variation 3774,Core,Barbell,Elite,Chest,4.23,0.250
3775,Bodyweight Calf Raise Variation 3775,Power,Bodyweight,Beginner,Arms,4.16,0.144
3776,Cable Leg Press Variation 3776,Strength,Cable,Elite,Chest,4.65,0.156
3777,Cable Leg Press Variation 3777,Endurance,Cable,Advanced,Legs,11.99,0.619
3778,Dumbbell Lunge Variation 3778,Strength,Dumbbell,Intermediate,Full Body,8.36,0.548
3779,Machine Lat Pulldown Variation 3779,Core,Machine,Beginner,Full Body,10.74,0.687
3780,Bands Squat Variation 3780,Power,Bands,Beginner,Legs,6.22,0.227
3781,Bands Pull-up Variation 3781,Hypertrophy,Bands,Intermediate,Back,4.57,0.546
3782,Kettlebell Pull-up Variation 3782,Hypertrophy,Kettlebell,Intermediate,Legs,3.97,0.606
3783,Bands Calf Raise Variation 3783,Power,Bands,Beginner,Core,3.87,0.620
3784,Kettlebell Plank Variation 3784,Endurance,Kettlebell,Elite,Core,10.92,0.482
3785,Kettlebell Pull-up Variation 3785,Hypertrophy,Kettlebell,Elite,Back,9.67,0.643
3786,Dumbbell Deadlift Variation 3786,Power,Dumbbell,Intermediate,Back,7.93,0.768
3787,Machine Overhead Press Variation 3787,Endurance,Machine,Elite,Arms,10.12,0.443
3788,Kettlebell Squat Variation 3788,Endurance,Kettlebell,Intermediate,Arms,5.83,0.207
3789,Kettlebell Deadlift Variation 3789,Strength,Kettlebell,Elite,Core,11.59,0.536
3790,Machine Deadlift Variation 3790,Endurance,Machine,Beginner,Legs,9.01,0.203
3791,Cable Dumbbell Curl Variation 3791,Core,Cable,Advanced,Shoulders,7.70,0.546
3792,Bands Crunch Variation 3792,Strength,Bands,Elite,Full Body,4.01,0.160
3793,Bodyweight Lunge Variation 3793,Power,Bodyweight,Elite,Chest,4.07,0.646
3794,Bodyweight Barbell Row Variation 3794,Endurance,Bodyweight,Advanced,Core,9.81,0.404
3795,Kettlebell Lunge Variation 3795,Hypertrophy,Kettlebell,Elite,Full Body,10.52,0.454
3796,Dumbbell Cable Fly Variation 3796,Hypertrophy,Dumbbell,Advanced,Chest,3.64,0.311
3797,Barbell Cable Fly Variation 3797,Strength,Barbell,Advanced,Full Body,3.92,0.738
3798,Barbell Dumbbell Curl Variation 3798,Power,Barbell,Beginner,Arms,11.99,0.585
3799,Bodyweight Pull-up Variation 3799,Rehab,Bodyweight,Beginner,Shoulders,8.19,0.596
3800,Bodyweight Cable Fly Variation 3800,Strength,Bodyweight,Advanced,Shoulders,11.86,0.587
3801,Bodyweight Squat Variation 3801,Power,Bodyweight,Advanced,Chest,11.30,0.131
3802,Bodyweight Crunch Variation 3802,Endurance,Bodyweight,Beginner,Chest,8.17,0.340
3803,Kettlebell Crunch Variation 3803,Core,Kettlebell,Intermediate,Back,3.01,0.256
3804,Bodyweight Barbell Row Variation 3804,Rehab,Bodyweight,Advanced,Full Body,6.99,0.755
3805,Kettlebell Calf Raise Variation 3805,Core,Kettlebell,Elite,Legs,8.82,0.876
3806,Dumbbell Deadlift Variation 3806,Rehab,Dumbbell,Advanced,Arms,8.54,0.385
3807,Bands Dumbbell Curl Variation 3807,Strength,Bands,Advanced,Full Body,10.21,0.525
3808,Bands Deadlift Variation 3808,Core,Bands,Intermediate,Shoulders,5.38,0.705
3809,Dumbbell Overhead Press Variation 3809,Endurance,Dumbbell,Intermediate,Core,9.40,0.785
3810,Machine Lunge Variation 3810,Rehab,Machine,Intermediate,Chest,7.03,0.502
3811,Bodyweight Pull-up Variation 3811,Core,Bodyweight,Elite,Shoulders,8.09,0.580
3812,Dumbbell Dumbbell Curl Variation 3812,Hypertrophy,Dumbbell,Intermediate,Core,6.22,0.415
3813,Barbell Lat Pulldown Variation 3813,Strength,Barbell,Beginner,Back,7.41,0.275
3814,Bodyweight Squat Variation 3814,Strength,Bodyweight,Elite,Back,5.56,0.732
3815,Bodyweight Barbell Row Variation 3815,Strength,Bodyweight,Intermediate,Arms,11.56,0.474
3816,Bands Deadlift Variation 3816,Hypertrophy,Bands,Elite,Back,7.03,0.763
3817,Kettlebell Barbell Row Variation 3817,Rehab,Kettlebell,Advanced,Core,10.98,0.235
3818,Cable Cable Fly Variation 3818,Core,Cable,Beginner,Arms,10.93,0.864
3819,Dumbbell Squat Variation 3819,Power,Dumbbell,Intermediate,Arms,6.33,0.624
3820,Barbell Tricep Extension Variation 3820,Power,Barbell,Beginner,Full Body,8.24,0.224
3821,Bands Squat Variation 3821,Rehab,Bands,Intermediate,Chest,8.06,0.369
3822,Barbell Overhead Press Variation 3822,Strength,Barbell,Beginner,Back,3.56,0.200
3823,Bodyweight Dumbbell Curl Variation 3823,Power,Bodyweight,Advanced,Legs,7.38,0.638
3824,Cable Leg Press Variation 3824,Power,Cable,Elite,Chest,7.99,0.772
3825,Bodyweight Leg Press Variation 3825,Strength,Bodyweight,Beginner,Shoulders,8.21,0.512
3826,Dumbbell Deadlift Variation 3826,Strength,Dumbbell,Beginner,Legs,5.17,0.215
3827,Machine Calf Raise Variation 3827,Power,Machine,Intermediate,Legs,9.29,0.546
3828,Bodyweight Squat Variation 3828,Rehab,Bodyweight,Elite,Full Body,7.80,0.218
3829,Dumbbell Plank Variation 3829,Power,Dumbbell,Elite,Full Body,7.35,0.258
3830,Cable Bench Press Variation 3830,Hypertrophy,Cable,Intermediate,Chest,8.14,0.203
3831,Cable Crunch Variation 3831,Strength,Cable,Beginner,Core,11.49,0.721
3832,Bodyweight Leg Press Variation 3832,Core,Bodyweight,Beginner,Shoulders,8.16,0.694
3833,Bands Lunge Variation 3833,Power,Bands,Beginner,Arms,5.45,0.847
3834,Bodyweight Plank Variation 3834,Hypertrophy,Bodyweight,Elite,Shoulders,11.70,0.736
3835,Bands Squat Variation 3835,Core,Bands,Intermediate,Back,8.56,0.460
3836,Dumbbell Leg Press Variation 3836,Power,Dumbbell,Advanced,Core,7.72,0.260
3837,Machine Deadlift Variation 3837,Power,Machine,Intermediate,Shoulders,11.03,0.306
3838,Dumbbell Lunge Variation 3838,Rehab,Dumbbell,Beginner,Back,6.45,0.225
3839,Kettlebell Deadlift Variation 3839,Core,Kettlebell,Beginner,Core,9.19,0.467
3840,Bodyweight Dumbbell Curl Variation 3840,Endurance,Bodyweight,Advanced,Full Body,9.68,0.431
3841,Bodyweight Cable Fly Variation 3841,Hypertrophy,Bodyweight,Beginner,Shoulders,3.59,0.569
3842,Dumbbell Dumbbell Curl Variation 3842,Strength,Dumbbell,Advanced,Legs,7.53,0.430
3843,Kettlebell Dumbbell Curl Variation 3843,Strength,Kettlebell,Elite,Core,3.68,0.253
3844,Bands Cable Fly Variation 3844,Hypertrophy,Bands,Elite,Core,3.52,0.251
3845,Dumbbell Plank Variation 3845,Endurance,Dumbbell,Elite,Shoulders,7.95,0.497
3846,Dumbbell Cable Fly Variation 3846,Power,Dumbbell,Intermediate,Chest,3.31,0.761
3847,Bodyweight Calf Raise Variation 3847,Core,Bodyweight,Intermediate,Core,8.76,0.115
3848,Bodyweight Squat Variation 3848,Power,Bodyweight,Beginner,Shoulders,4.49,0.201
3849,Kettlebell Bench Press Variation 3849,Power,Kettlebell,Beginner,Full Body,10.25,0.236
3850,Machine Plank Variation 3850,Core,Machine,Elite,Core,4.99,0.583
3851,Machine Deadlift Variation 3851,Hypertrophy,Machine,Beginner,Back,11.04,0.542
3852,Bands Plank Variation 3852,Hypertrophy,Bands,Elite,Chest,4.68,0.319
3853,Bodyweight Bench Press Variation 3853,Endurance,Bodyweight,Beginner,Shoulders,5.94,0.481
3854,Barbell Cable Fly Variation 3854,Hypertrophy,Barbell,Elite,Full Body,10.18,0.104
3855,Bands Cable Fly Variation 3855,Hypertrophy,Bands,Advanced,Shoulders,11.75,0.273
3856,Kettlebell Barbell Row Variation 3856,Strength,Kettlebell,Elite,Shoulders,6.29,0.149
3857,Barbell Squat Variation 3857,Hypertrophy,Barbell,Beginner,Chest,11.05,0.706
3858,Bodyweight Lunge Variation 3858,Strength,Bodyweight,Advanced,Core,6.05,0.764
3859,Bands Plank Variation 3859,Power,Bands,Advanced,Shoulders,11.14,0.758
3860,Kettlebell Calf Raise Variation 3860,Endurance,Kettlebell,Advanced,Full Body,9.70,0.612
3861,Barbell Plank Variation 3861,Rehab,Barbell,Advanced,Legs,11.76,0.111
3862,Barbell Barbell Row Variation 3862,Strength,Barbell,Intermediate,Legs,4.23,0.414
3863,Bodyweight Squat Variation 3863,Power,Bodyweight,Elite,Back,6.09,0.784
3864,Cable Overhead Press Variation 3864,Strength,Cable,Beginner,Chest,10.21,0.228
3865,Kettlebell Pull-up Variation 3865,Endurance,Kettlebell,Beginner,Back,8.32,0.552
3866,Dumbbell Lunge Variation 3866,Power,Dumbbell,Elite,Back,4.46,0.334
3867,Bodyweight Crunch Variation 3867,Hypertrophy,Bodyweight,Elite,Back,7.29,0.324
3868,Dumbbell Deadlift Variation 3868,Hypertrophy,Dumbbell,Elite,Shoulders,4.18,0.566
3869,Machine Lunge Variation 3869,Strength,Machine,Intermediate,Full Body,6.99,0.466
3870,Dumbbell Bench Press Variation 3870,Endurance,Dumbbell,Beginner,Back,7.90,0.627
3871,Dumbbell Plank Variation 3871,Endurance,Dumbbell,Elite,Chest,5.07,0.850
3872,Bodyweight Tricep Extension Variation 3872,Hypertrophy,Bodyweight,Advanced,Back,7.26,0.143
3873,Machine Squat Variation 3873,Strength,Machine,Intermediate,Full Body,7.91,0.683
3874,Machine Lat Pulldown Variation 3874,Rehab,Machine,Beginner,Chest,8.66,0.401
3875,Kettlebell Plank Variation 3875,Endurance,Kettlebell,Intermediate,Shoulders,11.81,0.526
3876,Barbell Cable Fly Variation 3876,Power,Barbell,Beginner,Legs,4.42,0.893
3877,Cable Dumbbell Curl Variation 3877,Rehab,Cable,Beginner,Core,3.15,0.532
3878,Bands Lat Pulldown Variation 3878,Strength,Bands,Elite,Back,4.97,0.508
3879,Bands Squat Variation 3879,Strength,Bands,Elite,Core,8.93,0.619
3880,Bodyweight Calf Raise Variation 3880,Core,Bodyweight,Beginner,Chest,5.88,0.462
3881,Dumbbell Tricep Extension Variation 3881,Core,Dumbbell,Beginner,Core,7.93,0.542
3882,Bands Lunge Variation 3882,Power,Bands,Beginner,Shoulders,8.66,0.307
3883,Bodyweight Bench Press Variation 3883,Hypertrophy,Bodyweight,Intermediate,Core,7.49,0.816
3884,Barbell Leg Press Variation 3884,Power,Barbell,Elite,Shoulders,7.86,0.192
3885,Dumbbell Tricep Extension Variation 3885,Rehab,Dumbbell,Elite,Back,10.94,0.776
3886,Dumbbell Plank Variation 3886,Hypertrophy,Dumbbell,Beginner,Full Body,3.42,0.494
3887,Bodyweight Plank Variation 3887,Core,Bodyweight,Intermediate,Legs,8.65,0.674
3888,Machine Lat Pulldown Variation 3888,Power,Machine,Beginner,Full Body,6.55,0.764
3889,Cable Barbell Row Variation 3889,Endurance,Cable,Elite,Chest,4.50,0.626
3890,Bodyweight Cable Fly Variation 3890,Endurance,Bodyweight,Advanced,Core,3.03,0.730
3891,Bands Plank Variation 3891,Hypertrophy,Bands,Advanced,Full Body,10.18,0.431
3892,Bands Lunge Variation 3892,Endurance,Bands,Elite,Core,4.47,0.859
3893,Bands Dumbbell Curl Variation 3893,Endurance,Bands,Advanced,Chest,8.46,0.869
3894,Machine Tricep Extension Variation 3894,Strength,Machine,Intermediate,Legs,7.28,0.198
3895,Cable Cable Fly Variation 3895,Hypertrophy,Cable,Intermediate,Legs,4.48,0.204
3896,Machine Overhead Press Variation 3896,Endurance,Machine,Beginner,Arms,11.50,0.850
3897,Bodyweight Barbell Row Variation 3897,Power,Bodyweight,Intermediate,Legs,5.61,0.202
3898,Cable Tricep Extension Variation 3898,Hypertrophy,Cable,Intermediate,Arms,5.77,0.121
3899,Kettlebell Tricep Extension Variation 3899,Hypertrophy,Kettlebell,Elite,Arms,10.52,0.779
3900,Bands Lunge Variation 3900,Power,Bands,Elite,Core,7.08,0.696
3901,Kettlebell Plank Variation 3901,Power,Kettlebell,Advanced,Chest,3.96,0.206
3902,Kettlebell Lunge Variation 3902,Strength,Kettlebell,Intermediate,Legs,5.44,0.353
3903,Machine Deadlift Variation 3903,Strength,Machine,Beginner,Arms,9.88,0.637
3904,Cable Dumbbell Curl Variation 3904,Hypertrophy,Cable,Advanced,Back,8.12,0.266
3905,Bodyweight Plank Variation 3905,Hypertrophy,Bodyweight,Elite,Legs,9.10,0.128
3906,Kettlebell Bench Press Variation 3906,Endurance,Kettlebell,Intermediate,Full Body,7.19,0.755
3907,Dumbbell Plank Variation 3907,Hypertrophy,Dumbbell,Beginner,Legs,6.63,0.369
3908,Bodyweight Pull-up Variation 3908,Rehab,Bodyweight,Intermediate,Full Body,7.61,0.651
3909,Kettlebell Calf Raise Variation 3909,Strength,Kettlebell,Beginner,Chest,6.13,0.367
3910,Bodyweight Squat Variation 3910,Rehab,Bodyweight,Advanced,Back,9.91,0.210
3911,Barbell Plank Variation 3911,Strength,Barbell,Advanced,Arms,7.48,0.226
3912,Dumbbell Squat Variation 3912,Endurance,Dumbbell,Beginner,Arms,3.62,0.401
3913,Dumbbell Deadlift Variation 3913,Power,Dumbbell,Beginner,Chest,4.29,0.620
3914,Dumbbell Barbell Row Variation 3914,Endurance,Dumbbell,Elite,Chest,4.64,0.276
3915,Bodyweight Cable Fly Variation 3915,Core,Bodyweight,Beginner,Shoulders,4.60,0.193
3916,Machine Bench Press Variation 3916,Hypertrophy,Machine,Advanced,Chest,6.06,0.196
3917,Bodyweight Dumbbell Curl Variation 3917,Endurance,Bodyweight,Intermediate,Shoulders,6.73,0.333
3918,Bands Barbell Row Variation 3918,Strength,Bands,Elite,Arms,3.92,0.511
3919,Kettlebell Lat Pulldown Variation 3919,Endurance,Kettlebell,Advanced,Full Body,3.28,0.166
3920,Kettlebell Bench Press Variation 3920,Strength,Kettlebell,Advanced,Chest,8.48,0.204
3921,Kettlebell Bench Press Variation 3921,Core,Kettlebell,Advanced,Full Body,10.76,0.688
3922,Barbell Leg Press Variation 3922,Strength,Barbell,Beginner,Full Body,10.04,0.740
3923,Cable Crunch Variation 3923,Strength,Cable,Elite,Back,9.21,0.517
3924,Dumbbell Lat Pulldown Variation 3924,Power,Dumbbell,Advanced,Full Body,6.97,0.320
3925,Bodyweight Plank Variation 3925,Strength,Bodyweight,Intermediate,Chest,3.17,0.412
3926,Bodyweight Pull-up Variation 3926,Core,Bodyweight,Advanced,Chest,10.86,0.506
3927,Bands Crunch Variation 3927,Endurance,Bands,Intermediate,Back,9.20,0.569
3928,Bodyweight Lat Pulldown Variation 3928,Core,Bodyweight,Advanced,Chest,7.10,0.560
3929,Barbell Barbell Row Variation 3929,Rehab,Barbell,Intermediate,Back,3.55,0.423
3930,Barbell Bench Press Variation 3930,Hypertrophy,Barbell,Elite,Legs,3.88,0.505
3931,Cable Crunch Variation 3931,Power,Cable,Intermediate,Legs,5.36,0.542
3932,Barbell Deadlift Variation 3932,Hypertrophy,Barbell,Beginner,Chest,7.55,0.321
3933,Barbell Deadlift Variation 3933,Hypertrophy,Barbell,Intermediate,Arms,7.98,0.499
3934,Cable Lat Pulldown Variation 3934,Power,Cable,Intermediate,Back,9.12,0.424
3935,Bodyweight Lat Pulldown Variation 3935,Core,Bodyweight,Intermediate,Core,4.12,0.293
3936,Bands Cable Fly Variation 3936,Strength,Bands,Intermediate,Legs,5.96,0.411
3937,Bands Deadlift Variation 3937,Hypertrophy,Bands,Intermediate,Legs,9.98,0.272
3938,Kettlebell Tricep Extension Variation 3938,Rehab,Kettlebell,Advanced,Shoulders,10.34,0.510
3939,Kettlebell Lat Pulldown Variation 3939,Strength,Kettlebell,Elite,Core,6.60,0.361
3940,Machine Lat Pulldown Variation 3940,Core,Machine,Advanced,Arms,11.56,0.477
3941,Machine Plank Variation 3941,Hypertrophy,Machine,Elite,Chest,11.48,0.743
3942,Bodyweight Deadlift Variation 3942,Strength,Bodyweight,Elite,Full Body,6.54,0.184
3943,Bands Tricep Extension Variation 3943,Core,Bands,Advanced,Arms,11.19,0.873
3944,Dumbbell Lunge Variation 3944,Core,Dumbbell,Advanced,Core,7.36,0.388
3945,Dumbbell Crunch Variation 3945,Strength,Dumbbell,Intermediate,Shoulders,6.70,0.790
3946,Bands Calf Raise Variation 3946,Hypertrophy,Bands,Beginner,Legs,4.69,0.357
3947,Kettlebell Cable Fly Variation 3947,Endurance,Kettlebell,Advanced,Chest,7.77,0.120
3948,Machine Overhead Press Variation 3948,Rehab,Machine,Elite,Core,8.68,0.216
3949,Dumbbell Deadlift Variation 3949,Endurance,Dumbbell,Intermediate,Back,8.33,0.846
3950,Barbell Barbell Row Variation 3950,Strength,Barbell,Elite,Shoulders,4.33,0.422
3951,Bands Squat Variation 3951,Rehab,Bands,Advanced,Core,3.71,0.868
3952,Barbell Calf Raise Variation 3952,Hypertrophy,Barbell,Beginner,Back,4.31,0.678
3953,Barbell Dumbbell Curl Variation 3953,Endurance,Barbell,Beginner,Legs,7.28,0.267
3954,Kettlebell Bench Press Variation 3954,Hypertrophy,Kettlebell,Advanced,Full Body,11.06,0.391
3955,Bands Tricep Extension Variation 3955,Core,Bands,Beginner,Chest,9.36,0.117
3956,Bands Crunch Variation 3956,Endurance,Bands,Beginner,Arms,11.09,0.342
3957,Bands Lat Pulldown Variation 3957,Endurance,Bands,Advanced,Arms,10.55,0.832
3958,Cable Deadlift Variation 3958,Strength,Cable,Beginner,Shoulders,4.58,0.771
3959,Barbell Pull-up Variation 3959,Power,Barbell,Beginner,Legs,9.51,0.141
3960,Cable Bench Press Variation 3960,Power,Cable,Elite,Chest,7.06,0.385
3961,Machine Dumbbell Curl Variation 3961,Core,Machine,Advanced,Core,10.96,0.256
3962,Dumbbell Dumbbell Curl Variation 3962,Power,Dumbbell,Beginner,Full Body,4.07,0.839
3963,Bands Lunge Variation 3963,Core,Bands,Elite,Arms,10.67,0.633
3964,Machine Dumbbell Curl Variation 3964,Strength,Machine,Beginner,Legs,5.04,0.316
3965,Cable Lat Pulldown Variation 3965,Rehab,Cable,Advanced,Core,5.95,0.293
3966,Cable Tricep Extension Variation 3966,Core,Cable,Elite,Chest,7.09,0.170
3967,Barbell Bench Press Variation 3967,Hypertrophy,Barbell,Intermediate,Shoulders,11.70,0.779
3968,Bodyweight Dumbbell Curl Variation 3968,Strength,Bodyweight,Intermediate,Chest,9.97,0.304
3969,Machine Leg Press Variation 3969,Core,Machine,Beginner,Core,4.22,0.238
3970,Kettlebell Barbell Row Variation 3970,Core,Kettlebell,Advanced,Legs,3.56,0.224
3971,Barbell Pull-up Variation 3971,Power,Barbell,Advanced,Core,9.06,0.668
3972,Bands Bench Press Variation 3972,Hypertrophy,Bands,Intermediate,Full Body,4.46,0.821
3973,Machine Lat Pulldown Variation 3973,Core,Machine,Elite,Back,3.81,0.767
3974,Bodyweight Barbell Row Variation 3974,Hypertrophy,Bodyweight,Intermediate,Chest,8.66,0.819
3975,Cable Barbell Row Variation 3975,Endurance,Cable,Intermediate,Chest,11.42,0.335
3976,Dumbbell Deadlift Variation 3976,Core,Dumbbell,Intermediate,Core,9.78,0.229
3977,Barbell Cable Fly Variation 3977,Strength,Barbell,Advanced,Core,9.51,0.537
3978,Dumbbell Leg Press Variation 3978,Power,Dumbbell,Elite,Core,3.12,0.349
3979,Dumbbell Barbell Row Variation 3979,Endurance,Dumbbell,Elite,Back,11.58,0.248
3980,Machine Squat Variation 3980,Power,Machine,Advanced,Arms,9.62,0.850
3981,Cable Pull-up Variation 3981,Core,Cable,Elite,Shoulders,8.73,0.241
3982,Barbell Squat Variation 3982,Hypertrophy,Barbell,Advanced,Full Body,7.80,0.349
3983,Bands Plank Variation 3983,Core,Bands,Advanced,Chest,3.80,0.493
3984,Bodyweight Deadlift Variation 3984,Hypertrophy,Bodyweight,Advanced,Back,4.61,0.148
3985,Kettlebell Overhead Press Variation 3985,Core,Kettlebell,Advanced,Legs,5.88,0.507
3986,Bands Pull-up Variation 3986,Rehab,Bands,Intermediate,Core,8.45,0.329
3987,Barbell Squat Variation 3987,Rehab,Barbell,Intermediate,Core,3.07,0.115
3988,Bodyweight Pull-up Variation 3988,Hypertrophy,Bodyweight,Elite,Arms,3.77,0.271
3989,Dumbbell Leg Press Variation 3989,Hypertrophy,Dumbbell,Beginner,Legs,9.16,0.858
3990,Bands Tricep Extension Variation 3990,Rehab,Bands,Elite,Legs,7.03,0.711
3991,Bodyweight Bench Press Variation 3991,Endurance,Bodyweight,Advanced,Legs,5.57,0.371
3992,Machine Dumbbell Curl Variation 3992,Strength,Machine,Beginner,Arms,7.57,0.562
3993,Barbell Barbell Row Variation 3993,Endurance,Barbell,Elite,Back,9.24,0.333
3994,Dumbbell Overhead Press Variation 3994,Strength,Dumbbell,Elite,Arms,11.71,0.816
3995,Machine Pull-up Variation 3995,Hypertrophy,Machine,Intermediate,Shoulders,10.89,0.214
3996,Machine Pull-up Variation 3996,Endurance,Machine,Elite,Legs,9.65,0.819
3997,Kettlebell Dumbbell Curl Variation 3997,Hypertrophy,Kettlebell,Elite,Back,6.60,0.452
3998,Bodyweight Deadlift Variation 3998,Hypertrophy,Bodyweight,Advanced,Core,11.23,0.461
3999,Barbell Cable Fly Variation 3999,Strength,Barbell,Advanced,Back,3.67,0.331
4000,Bodyweight Pull-up Variation 4000,Rehab,Bodyweight,Advanced,Arms,4.90,0.209
4001,Cable Barbell Row Variation 4001,Strength,Cable,Intermediate,Chest,7.51,0.441
4002,Bodyweight Overhead Press Variation 4002,Rehab,Bodyweight,Elite,Arms,11.22,0.433
4003,Bodyweight Squat Variation 4003,Strength,Bodyweight,Intermediate,Core,10.17,0.233
4004,Barbell Bench Press Variation 4004,Core,Barbell,Advanced,Legs,3.88,0.812
4005,Bands Plank Variation 4005,Strength,Bands,Beginner,Arms,11.55,0.501
4006,Bodyweight Bench Press Variation 4006,Hypertrophy,Bodyweight,Beginner,Full Body,4.24,0.847
4007,Barbell Bench Press Variation 4007,Endurance,Barbell,Elite,Full Body,10.89,0.358
4008,Barbell Overhead Press Variation 4008,Strength,Barbell,Beginner,Full Body,11.38,0.315
4009,Bodyweight Crunch Variation 4009,Power,Bodyweight,Advanced,Core,10.35,0.218
4010,Bands Lunge Variation 4010,Power,Bands,Beginner,Back,4.05,0.837
4011,Cable Barbell Row Variation 4011,Strength,Cable,Elite,Full Body,7.95,0.896
4012,Dumbbell Crunch Variation 4012,Strength,Dumbbell,Intermediate,Chest,4.25,0.703
4013,Bodyweight Lat Pulldown Variation 4013,Core,Bodyweight,Elite,Core,9.75,0.392
4014,Machine Deadlift Variation 4014,Power,Machine,Advanced,Chest,5.17,0.536
4015,Bodyweight Overhead Press Variation 4015,Endurance,Bodyweight,Intermediate,Arms,10.30,0.871
4016,Dumbbell Bench Press Variation 4016,Power,Dumbbell,Intermediate,Core,11.75,0.113
4017,Bodyweight Pull-up Variation 4017,Power,Bodyweight,Intermediate,Legs,8.59,0.209
4018,Dumbbell Dumbbell Curl Variation 4018,Endurance,Dumbbell,Elite,Chest,11.11,0.619
4019,Bodyweight Bench Press Variation 4019,Rehab,Bodyweight,Elite,Legs,9.22,0.181
4020,Dumbbell Lat Pulldown Variation 4020,Hypertrophy,Dumbbell,Elite,Back,6.44,0.175
4021,Machine Lunge Variation 4021,Power,Machine,Beginner,Legs,11.24,0.671
4022,Cable Pull-up Variation 4022,Power,Cable,Beginner,Legs,10.26,0.871
4023,Bands Bench Press Variation 4023,Core,Bands,Intermediate,Arms,3.51,0.783
4024,Cable Cable Fly Variation 4024,Strength,Cable,Beginner,Core,7.83,0.866
4025,Dumbbell Pull-up Variation 4025,Hypertrophy,Dumbbell,Intermediate,Chest,3.86,0.699
4026,Bodyweight Crunch Variation 4026,Rehab,Bodyweight,Advanced,Full Body,10.36,0.269
4027,Kettlebell Bench Press Variation 4027,Endurance,Kettlebell,Intermediate,Full Body,9.33,0.750
4028,Dumbbell Calf Raise Variation 4028,Power,Dumbbell,Intermediate,Chest,8.84,0.326
4029,Kettlebell Calf Raise Variation 4029,Strength,Kettlebell,Advanced,Shoulders,11.29,0.378
4030,Barbell Lat Pulldown Variation 4030,Endurance,Barbell,Advanced,Arms,6.24,0.368
4031,Bodyweight Dumbbell Curl Variation 4031,Hypertrophy,Bodyweight,Beginner,Shoulders,11.11,0.581
4032,Barbell Lat Pulldown Variation 4032,Rehab,Barbell,Beginner,Chest,8.31,0.831
4033,Cable Lunge Variation 4033,Core,Cable,Elite,Chest,11.36,0.403
4034,Cable Lat Pulldown Variation 4034,Strength,Cable,Elite,Legs,7.52,0.437
4035,Dumbbell Plank Variation 4035,Rehab,Dumbbell,Advanced,Full Body,4.48,0.312
4036,Machine Tricep Extension Variation 4036,Strength,Machine,Intermediate,Arms,8.53,0.615
4037,Barbell Squat Variation 4037,Core,Barbell,Intermediate,Chest,11.37,0.581
4038,Cable Dumbbell Curl Variation 4038,Core,Cable,Intermediate,Legs,7.21,0.814
4039,Barbell Tricep Extension Variation 4039,Strength,Barbell,Advanced,Legs,7.35,0.733
4040,Dumbbell Plank Variation 4040,Rehab,Dumbbell,Beginner,Chest,6.93,0.269
4041,Machine Plank Variation 4041,Core,Machine,Advanced,Legs,7.93,0.202
4042,Bodyweight Deadlift Variation 4042,Core,Bodyweight,Elite,Core,8.51,0.814
4043,Cable Lat Pulldown Variation 4043,Hypertrophy,Cable,Beginner,Chest,10.93,0.181
4044,Dumbbell Deadlift Variation 4044,Strength,Dumbbell,Beginner,Core,3.03,0.643
4045,Machine Leg Press Variation 4045,Endurance,Machine,Elite,Legs,5.21,0.430
4046,Machine Lunge Variation 4046,Hypertrophy,Machine,Elite,Back,8.78,0.506
4047,Cable Tricep Extension Variation 4047,Strength,Cable,Beginner,Full Body,7.90,0.430
4048,Dumbbell Dumbbell Curl Variation 4048,Hypertrophy,Dumbbell,Elite,Full Body,11.20,0.723
4049,Bodyweight Leg Press Variation 4049,Endurance,Bodyweight,Elite,Full Body,3.97,0.148
4050,Bands Tricep Extension Variation 4050,Hypertrophy,Bands,Elite,Full Body,3.94,0.323
4051,Barbell Crunch Variation 4051,Rehab,Barbell,Beginner,Core,8.26,0.672
4052,Cable Lunge Variation 4052,Core,Cable,Advanced,Core,11.17,0.616
4053,Barbell Crunch Variation 4053,Rehab,Barbell,Elite,Arms,8.30,0.738
4054,Barbell Pull-up Variation 4054,Rehab,Barbell,Beginner,Core,6.88,0.684
4055,Machine Barbell Row Variation 4055,Hypertrophy,Machine,Intermediate,Back,11.07,0.269
4056,Barbell Deadlift Variation 4056,Core,Barbell,Elite,Back,3.36,0.145
4057,Dumbbell Squat Variation 4057,Hypertrophy,Dumbbell,Beginner,Full Body,6.34,0.342
4058,Bands Deadlift Variation 4058,Power,Bands,Elite,Back,11.34,0.634
4059,Dumbbell Barbell Row Variation 4059,Hypertrophy,Dumbbell,Advanced,Legs,10.79,0.145
4060,Machine Tricep Extension Variation 4060,Hypertrophy,Machine,Intermediate,Back,7.79,0.542
4061,Bodyweight Pull-up Variation 4061,Core,Bodyweight,Beginner,Shoulders,11.55,0.678
4062,Barbell Lunge Variation 4062,Power,Barbell,Beginner,Shoulders,9.92,0.812
4063,Machine Barbell Row Variation 4063,Strength,Machine,Advanced,Shoulders,11.60,0.228
4064,Machine Leg Press Variation 4064,Hypertrophy,Machine,Intermediate,Arms,4.86,0.528
4065,Bodyweight Lat Pulldown Variation 4065,Endurance,Bodyweight,Beginner,Full Body,3.62,0.120
4066,Bands Cable Fly Variation 4066,Power,Bands,Advanced,Arms,11.50,0.435
4067,Kettlebell Squat Variation 4067,Endurance,Kettlebell,Elite,Arms,8.68,0.736
4068,Bodyweight Leg Press Variation 4068,Core,Bodyweight,Advanced,Full Body,4.07,0.281
4069,Barbell Crunch Variation 4069,Hypertrophy,Barbell,Advanced,Shoulders,8.36,0.625
4070,Bodyweight Leg Press Variation 4070,Hypertrophy,Bodyweight,Intermediate,Shoulders,10.73,0.385
4071,Machine Dumbbell Curl Variation 4071,Strength,Machine,Intermediate,Chest,10.11,0.168
4072,Dumbbell Pull-up Variation 4072,Core,Dumbbell,Intermediate,Core,6.22,0.285
4073,Cable Crunch Variation 4073,Core,Cable,Elite,Full Body,7.02,0.458
4074,Dumbbell Lunge Variation 4074,Power,Dumbbell,Advanced,Back,6.56,0.381
4075,Cable Lunge Variation 4075,Rehab,Cable,Intermediate,Legs,3.75,0.753
4076,Bands Dumbbell Curl Variation 4076,Power,Bands,Elite,Legs,10.34,0.393
4077,Dumbbell Crunch Variation 4077,Endurance,Dumbbell,Beginner,Shoulders,7.19,0.720
4078,Machine Lunge Variation 4078,Power,Machine,Advanced,Back,9.34,0.440
4079,Bodyweight Leg Press Variation 4079,Hypertrophy,Bodyweight,Intermediate,Chest,11.78,0.501
4080,Machine Overhead Press Variation 4080,Core,Machine,Beginner,Full Body,10.94,0.418
4081,Bodyweight Pull-up Variation 4081,Rehab,Bodyweight,Elite,Full Body,10.71,0.599
4082,Machine Barbell Row Variation 4082,Rehab,Machine,Elite,Shoulders,6.25,0.876
4083,Kettlebell Lunge Variation 4083,Hypertrophy,Kettlebell,Beginner,Arms,8.14,0.541
4084,Bands Pull-up Variation 4084,Power,Bands,Intermediate,Core,5.24,0.779
4085,Bodyweight Cable Fly Variation 4085,Core,Bodyweight,Advanced,Full Body,4.88,0.457
4086,Machine Lunge Variation 4086,Strength,Machine,Intermediate,Core,10.91,0.505
4087,Bodyweight Pull-up Variation 4087,Hypertrophy,Bodyweight,Advanced,Core,4.65,0.753
4088,Bodyweight Lunge Variation 4088,Strength,Bodyweight,Beginner,Shoulders,5.33,0.741
4089,Kettlebell Bench Press Variation 4089,Power,Kettlebell,Advanced,Legs,9.00,0.842
4090,Bodyweight Overhead Press Variation 4090,Strength,Bodyweight,Advanced,Full Body,3.01,0.890
4091,Bands Pull-up Variation 4091,Rehab,Bands,Intermediate,Arms,5.49,0.262
4092,Barbell Lat Pulldown Variation 4092,Power,Barbell,Beginner,Legs,6.19,0.893
4093,Bodyweight Dumbbell Curl Variation 4093,Power,Bodyweight,Intermediate,Full Body,4.68,0.264
4094,Cable Lat Pulldown Variation 4094,Power,Cable,Beginner,Shoulders,11.80,0.461
4095,Kettlebell Barbell Row Variation 4095,Endurance,Kettlebell,Elite,Legs,10.88,0.120
4096,Bodyweight Plank Variation 4096,Hypertrophy,Bodyweight,Advanced,Shoulders,4.45,0.831
4097,Bodyweight Dumbbell Curl Variation 4097,Strength,Bodyweight,Advanced,Arms,6.35,0.704
4098,Cable Tricep Extension Variation 4098,Strength,Cable,Advanced,Back,6.99,0.804
4099,Bodyweight Squat Variation 4099,Power,Bodyweight,Advanced,Back,8.68,0.584
4100,Dumbbell Lunge Variation 4100,Power,Dumbbell,Elite,Arms,11.93,0.781
4101,Cable Barbell Row Variation 4101,Rehab,Cable,Intermediate,Back,6.94,0.486
4102,Dumbbell Pull-up Variation 4102,Power,Dumbbell,Elite,Chest,4.82,0.174
4103,Dumbbell Overhead Press Variation 4103,Hypertrophy,Dumbbell,Advanced,Core,3.26,0.473
4104,Bands Dumbbell Curl Variation 4104,Rehab,Bands,Beginner,Arms,5.81,0.796
4105,Bands Squat Variation 4105,Core,Bands,Beginner,Core,3.61,0.104
4106,Dumbbell Tricep Extension Variation 4106,Rehab,Dumbbell,Intermediate,Full Body,5.62,0.251
4107,Kettlebell Leg Press Variation 4107,Power,Kettlebell,Beginner,Legs,5.45,0.554
4108,Barbell Bench Press Variation 4108,Strength,Barbell,Beginner,Legs,11.95,0.806
4109,Dumbbell Crunch Variation 4109,Hypertrophy,Dumbbell,Beginner,Core,11.03,0.695
4110,Barbell Barbell Row Variation 4110,Strength,Barbell,Intermediate,Back,10.75,0.662
4111,Cable Barbell Row Variation 4111,Power,Cable,Beginner,Arms,9.91,0.167
4112,Bands Lat Pulldown Variation 4112,Hypertrophy,Bands,Elite,Legs,7.30,0.352
4113,Barbell Plank Variation 4113,Core,Barbell,Intermediate,Full Body,7.78,0.637
4114,Cable Overhead Press Variation 4114,Strength,Cable,Intermediate,Shoulders,7.95,0.852
4115,Kettlebell Plank Variation 4115,Rehab,Kettlebell,Intermediate,Back,11.55,0.480
4116,Kettlebell Crunch Variation 4116,Endurance,Kettlebell,Beginner,Core,8.49,0.260
4117,Machine Cable Fly Variation 4117,Hypertrophy,Machine,Intermediate,Chest,4.86,0.586
4118,Kettlebell Deadlift Variation 4118,Hypertrophy,Kettlebell,Beginner,Chest,4.66,0.299
4119,Dumbbell Leg Press Variation 4119,Rehab,Dumbbell,Intermediate,Full Body,10.69,0.260
4120,Barbell Bench Press Variation 4120,Strength,Barbell,Beginner,Back,5.52,0.228
4121,Bands Lat Pulldown Variation 4121,Hypertrophy,Bands,Elite,Legs,5.00,0.789
4122,Bands Plank Variation 4122,Hypertrophy,Bands,Elite,Arms,3.90,0.220
4123,Barbell Overhead Press Variation 4123,Strength,Barbell,Advanced,Core,7.81,0.246
4124,Kettlebell Tricep Extension Variation 4124,Core,Kettlebell,Advanced,Chest,9.80,0.560
4125,Barbell Lunge Variation 4125,Core,Barbell,Elite,Legs,11.39,0.702
4126,Machine Overhead Press Variation 4126,Endurance,Machine,Advanced,Shoulders,3.64,0.374
4127,Cable Lunge Variation 4127,Endurance,Cable,Intermediate,Arms,5.06,0.399
4128,Kettlebell Squat Variation 4128,Power,Kettlebell,Beginner,Core,7.89,0.407
4129,Cable Dumbbell Curl Variation 4129,Endurance,Cable,Elite,Arms,5.18,0.613
4130,Barbell Pull-up Variation 4130,Core,Barbell,Elite,Full Body,11.69,0.674
4131,Bands Cable Fly Variation 4131,Strength,Bands,Beginner,Back,5.83,0.282
4132,Machine Leg Press Variation 4132,Hypertrophy,Machine,Advanced,Full Body,9.38,0.619
4133,Bands Overhead Press Variation 4133,Rehab,Bands,Beginner,Arms,8.78,0.737
4134,Barbell Tricep Extension Variation 4134,Strength,Barbell,Elite,Chest,8.35,0.263
4135,Bands Crunch Variation 4135,Core,Bands,Intermediate,Back,5.35,0.532
4136,Bands Bench Press Variation 4136,Rehab,Bands,Elite,Arms,7.79,0.794
4137,Bodyweight Pull-up Variation 4137,Strength,Bodyweight,Elite,Shoulders,9.60,0.673
4138,Kettlebell Lunge Variation 4138,Endurance,Kettlebell,Intermediate,Legs,8.49,0.636
4139,Kettlebell Lunge Variation 4139,Core,Kettlebell,Elite,Legs,9.27,0.665
4140,Machine Squat Variation 4140,Power,Machine,Advanced,Legs,9.62,0.216
4141,Barbell Dumbbell Curl Variation 4141,Rehab,Barbell,Beginner,Core,4.06,0.894
4142,Barbell Dumbbell Curl Variation 4142,Core,Barbell,Beginner,Legs,8.49,0.599
4143,Cable Pull-up Variation 4143,Power,Cable,Elite,Shoulders,7.42,0.456
4144,Dumbbell Squat Variation 4144,Strength,Dumbbell,Elite,Full Body,7.85,0.115
4145,Machine Tricep Extension Variation 4145,Power,Machine,Beginner,Back,8.02,0.889
4146,Bands Bench Press Variation 4146,Core,Bands,Elite,Back,7.04,0.458
4147,Barbell Tricep Extension Variation 4147,Hypertrophy,Barbell,Elite,Shoulders,11.96,0.404
4148,Kettlebell Pull-up Variation 4148,Hypertrophy,Kettlebell,Advanced,Shoulders,4.29,0.585
4149,Cable Overhead Press Variation 4149,Hypertrophy,Cable,Beginner,Shoulders,3.05,0.221
4150,Bands Tricep Extension Variation 4150,Core,Bands,Intermediate,Chest,8.08,0.504
4151,Bodyweight Overhead Press Variation 4151,Strength,Bodyweight,Advanced,Full Body,9.40,0.537
4152,Kettlebell Leg Press Variation 4152,Core,Kettlebell,Elite,Arms,8.71,0.712
4153,Kettlebell Tricep Extension Variation 4153,Core,Kettlebell,Advanced,Arms,3.08,0.839
4154,Bodyweight Leg Press Variation 4154,Hypertrophy,Bodyweight,Advanced,Shoulders,6.43,0.569
4155,Dumbbell Plank Variation 4155,Power,Dumbbell,Intermediate,Shoulders,7.88,0.645
4156,Barbell Pull-up Variation 4156,Hypertrophy,Barbell,Advanced,Core,4.67,0.776
4157,Bands Dumbbell Curl Variation 4157,Hypertrophy,Bands,Elite,Shoulders,5.63,0.733
4158,Machine Deadlift Variation 4158,Rehab,Machine,Intermediate,Arms,7.38,0.372
4159,Cable Bench Press Variation 4159,Core,Cable,Beginner,Legs,8.55,0.371
4160,Bands Lat Pulldown Variation 4160,Power,Bands,Intermediate,Arms,7.97,0.442
4161,Dumbbell Tricep Extension Variation 4161,Strength,Dumbbell,Elite,Back,5.82,0.723
4162,Machine Squat Variation 4162,Rehab,Machine,Elite,Shoulders,8.80,0.510
4163,Bands Barbell Row Variation 4163,Power,Bands,Intermediate,Back,11.87,0.387
4164,Dumbbell Calf Raise Variation 4164,Power,Dumbbell,Intermediate,Full Body,7.05,0.232
4165,Bodyweight Cable Fly Variation 4165,Hypertrophy,Bodyweight,Beginner,Core,4.25,0.231
4166,Bands Deadlift Variation 4166,Rehab,Bands,Advanced,Legs,8.35,0.301
4167,Bands Crunch Variation 4167,Core,Bands,Beginner,Core,6.10,0.352
4168,Cable Crunch Variation 4168,Core,Cable,Beginner,Full Body,8.64,0.325
4169,Machine Crunch Variation 4169,Rehab,Machine,Beginner,Legs,4.95,0.495
4170,Machine Dumbbell Curl Variation 4170,Power,Machine,Advanced,Full Body,8.52,0.664
4171,Dumbbell Leg Press Variation 4171,Endurance,Dumbbell,Elite,Legs,8.52,0.742
4172,Dumbbell Pull-up Variation 4172,Endurance,Dumbbell,Beginner,Full Body,10.69,0.690
4173,Cable Tricep Extension Variation 4173,Core,Cable,Advanced,Arms,8.09,0.123
4174,Dumbbell Barbell Row Variation 4174,Power,Dumbbell,Intermediate,Legs,7.74,0.222
4175,Bands Tricep Extension Variation 4175,Strength,Bands,Beginner,Core,8.73,0.689
4176,Barbell Leg Press Variation 4176,Rehab,Barbell,Elite,Legs,7.26,0.420
4177,Cable Deadlift Variation 4177,Rehab,Cable,Elite,Legs,11.47,0.735
4178,Barbell Barbell Row Variation 4178,Core,Barbell,Advanced,Core,9.16,0.413
4179,Bands Lunge Variation 4179,Core,Bands,Intermediate,Chest,10.79,0.732
4180,Bodyweight Tricep Extension Variation 4180,Rehab,Bodyweight,Intermediate,Legs,4.49,0.897
4181,Kettlebell Leg Press Variation 4181,Power,Kettlebell,Intermediate,Core,3.81,0.375
4182,Machine Crunch Variation 4182,Endurance,Machine,Intermediate,Back,7.23,0.322
4183,Kettlebell Crunch Variation 4183,Hypertrophy,Kettlebell,Elite,Chest,11.54,0.755
4184,Kettlebell Deadlift Variation 4184,Strength,Kettlebell,Intermediate,Back,7.84,0.760
4185,Barbell Tricep Extension Variation 4185,Core,Barbell,Beginner,Legs,4.21,0.419
4186,Bands Bench Press Variation 4186,Rehab,Bands,Beginner,Arms,9.28,0.655
4187,Bodyweight Cable Fly Variation 4187,Hypertrophy,Bodyweight,Elite,Chest,8.02,0.447
4188,Barbell Lat Pulldown Variation 4188,Core,Barbell,Elite,Chest,3.23,0.880
4189,Bands Lunge Variation 4189,Core,Bands,Advanced,Core,6.09,0.866
4190,Bands Cable Fly Variation 4190,Rehab,Bands,Intermediate,Full Body,7.94,0.818
4191,Kettlebell Deadlift Variation 4191,Power,Kettlebell,Beginner,Full Body,6.25,0.807
4192,Dumbbell Bench Press Variation 4192,Strength,Dumbbell,Elite,Arms,7.13,0.196
4193,Bands Leg Press Variation 4193,Rehab,Bands,Elite,Chest,5.25,0.803
4194,Cable Squat Variation 4194,Rehab,Cable,Elite,Back,3.97,0.161
4195,Bands Leg Press Variation 4195,Strength,Bands,Intermediate,Shoulders,7.30,0.386
4196,Dumbbell Dumbbell Curl Variation 4196,Hypertrophy,Dumbbell,Elite,Full Body,11.74,0.813
4197,Barbell Leg Press Variation 4197,Power,Barbell,Beginner,Legs,4.20,0.292
4198,Barbell Squat Variation 4198,Endurance,Barbell,Advanced,Arms,6.84,0.132
4199,Cable Tricep Extension Variation 4199,Core,Cable,Elite,Shoulders,9.09,0.861
4200,Dumbbell Tricep Extension Variation 4200,Hypertrophy,Dumbbell,Advanced,Back,9.06,0.608
4201,Machine Plank Variation 4201,Strength,Machine,Elite,Core,7.40,0.823
4202,Cable Pull-up Variation 4202,Core,Cable,Beginner,Arms,8.83,0.373
4203,Bodyweight Lat Pulldown Variation 4203,Power,Bodyweight,Beginner,Back,8.45,0.549
4204,Barbell Lunge Variation 4204,Endurance,Barbell,Advanced,Back,10.99,0.481
4205,Dumbbell Pull-up Variation 4205,Core,Dumbbell,Elite,Core,3.63,0.606
4206,Cable Lunge Variation 4206,Core,Cable,Elite,Back,3.95,0.465
4207,Barbell Pull-up Variation 4207,Rehab,Barbell,Beginner,Full Body,9.09,0.705
4208,Bands Deadlift Variation 4208,Endurance,Bands,Elite,Legs,3.17,0.585
4209,Dumbbell Cable Fly Variation 4209,Power,Dumbbell,Intermediate,Legs,3.17,0.104
4210,Barbell Tricep Extension Variation 4210,Rehab,Barbell,Intermediate,Shoulders,3.32,0.317
4211,Dumbbell Tricep Extension Variation 4211,Endurance,Dumbbell,Elite,Chest,4.86,0.263
4212,Bodyweight Leg Press Variation 4212,Core,Bodyweight,Intermediate,Legs,9.96,0.108
4213,Cable Cable Fly Variation 4213,Strength,Cable,Intermediate,Core,8.37,0.717
4214,Machine Calf Raise Variation 4214,Power,Machine,Advanced,Back,5.72,0.540
4215,Bands Deadlift Variation 4215,Rehab,Bands,Beginner,Shoulders,8.62,0.175
4216,Kettlebell Cable Fly Variation 4216,Power,Kettlebell,Advanced,Core,6.47,0.488
4217,Dumbbell Crunch Variation 4217,Hypertrophy,Dumbbell,Beginner,Legs,11.36,0.368
4218,Bodyweight Crunch Variation 4218,Core,Bodyweight,Intermediate,Chest,6.42,0.312
4219,Kettlebell Lunge Variation 4219,Power,Kettlebell,Intermediate,Core,11.31,0.102
4220,Bands Overhead Press Variation 4220,Hypertrophy,Bands,Advanced,Full Body,9.82,0.700
4221,Kettlebell Cable Fly Variation 4221,Power,Kettlebell,Advanced,Chest,6.76,0.286
4222,Barbell Calf Raise Variation 4222,Endurance,Barbell,Beginner,Arms,10.16,0.868
4223,Bodyweight Lat Pulldown Variation 4223,Endurance,Bodyweight,Elite,Chest,11.89,0.894
4224,Machine Cable Fly Variation 4224,Strength,Machine,Beginner,Legs,4.86,0.533
4225,Kettlebell Bench Press Variation 4225,Hypertrophy,Kettlebell,Advanced,Full Body,9.39,0.441
4226,Dumbbell Lat Pulldown Variation 4226,Rehab,Dumbbell,Beginner,Core,3.72,0.468
4227,Bands Plank Variation 4227,Endurance,Bands,Intermediate,Full Body,9.68,0.209
4228,Bodyweight Pull-up Variation 4228,Strength,Bodyweight,Intermediate,Back,10.99,0.255
4229,Kettlebell Barbell Row Variation 4229,Endurance,Kettlebell,Elite,Shoulders,6.76,0.544
4230,Kettlebell Plank Variation 4230,Power,Kettlebell,Intermediate,Arms,5.64,0.641
4231,Cable Cable Fly Variation 4231,Hypertrophy,Cable,Beginner,Shoulders,3.85,0.363
4232,Bands Crunch Variation 4232,Rehab,Bands,Advanced,Chest,9.09,0.155
4233,Kettlebell Barbell Row Variation 4233,Strength,Kettlebell,Intermediate,Chest,11.61,0.516
4234,Kettlebell Pull-up Variation 4234,Hypertrophy,Kettlebell,Elite,Arms,3.59,0.439
4235,Bodyweight Tricep Extension Variation 4235,Rehab,Bodyweight,Advanced,Back,5.06,0.471
4236,Cable Dumbbell Curl Variation 4236,Hypertrophy,Cable,Elite,Full Body,9.94,0.318
4237,Kettlebell Dumbbell Curl Variation 4237,Hypertrophy,Kettlebell,Elite,Core,8.86,0.318
4238,Machine Overhead Press Variation 4238,Rehab,Machine,Advanced,Core,4.04,0.378
4239,Bands Dumbbell Curl Variation 4239,Core,Bands,Intermediate,Arms,3.97,0.832
4240,Bodyweight Bench Press Variation 4240,Strength,Bodyweight,Advanced,Core,10.15,0.158
4241,Barbell Calf Raise Variation 4241,Strength,Barbell,Intermediate,Arms,9.75,0.476
4242,Bodyweight Leg Press Variation 4242,Core,Bodyweight,Intermediate,Arms,4.89,0.482
4243,Cable Cable Fly Variation 4243,Core,Cable,Elite,Legs,3.46,0.595
4244,Dumbbell Lat Pulldown Variation 4244,Endurance,Dumbbell,Intermediate,Back,7.51,0.229
4245,Bands Calf Raise Variation 4245,Endurance,Bands,Intermediate,Chest,4.79,0.290
4246,Bands Dumbbell Curl Variation 4246,Endurance,Bands,Beginner,Legs,9.36,0.509
4247,Machine Barbell Row Variation 4247,Endurance,Machine,Intermediate,Back,4.13,0.531
4248,Bands Squat Variation 4248,Rehab,Bands,Advanced,Full Body,3.82,0.209
4249,Barbell Lunge Variation 4249,Power,Barbell,Advanced,Chest,5.18,0.105
4250,Kettlebell Crunch Variation 4250,Rehab,Kettlebell,Elite,Shoulders,10.05,0.316
4251,Machine Deadlift Variation 4251,Endurance,Machine,Intermediate,Legs,3.84,0.593
4252,Machine Plank Variation 4252,Rehab,Machine,Elite,Arms,10.34,0.317
4253,Bands Plank Variation 4253,Core,Bands,Advanced,Legs,9.36,0.548
4254,Dumbbell Cable Fly Variation 4254,Strength,Dumbbell,Elite,Core,5.03,0.430
4255,Kettlebell Overhead Press Variation 4255,Rehab,Kettlebell,Beginner,Back,3.62,0.548
4256,Barbell Lunge Variation 4256,Strength,Barbell,Elite,Legs,8.23,0.871
4257,Dumbbell Pull-up Variation 4257,Endurance,Dumbbell,Elite,Core,6.74,0.858
4258,Bodyweight Leg Press Variation 4258,Strength,Bodyweight,Beginner,Legs,10.09,0.784
4259,Bodyweight Plank Variation 4259,Power,Bodyweight,Elite,Core,4.73,0.143
4260,Barbell Crunch Variation 4260,Strength,Barbell,Intermediate,Chest,8.98,0.175
4261,Bands Lunge Variation 4261,Power,Bands,Intermediate,Shoulders,8.39,0.393
4262,Cable Deadlift Variation 4262,Power,Cable,Advanced,Chest,10.90,0.811
4263,Bands Leg Press Variation 4263,Power,Bands,Beginner,Arms,8.36,0.340
4264,Dumbbell Tricep Extension Variation 4264,Power,Dumbbell,Intermediate,Shoulders,5.95,0.757
4265,Bodyweight Lunge Variation 4265,Strength,Bodyweight,Intermediate,Back,9.20,0.549
4266,Bands Lunge Variation 4266,Endurance,Bands,Intermediate,Chest,10.86,0.241
4267,Cable Overhead Press Variation 4267,Power,Cable,Advanced,Back,4.28,0.205
4268,Kettlebell Lat Pulldown Variation 4268,Hypertrophy,Kettlebell,Intermediate,Arms,9.79,0.632
4269,Dumbbell Dumbbell Curl Variation 4269,Endurance,Dumbbell,Elite,Chest,7.33,0.232
4270,Machine Overhead Press Variation 4270,Rehab,Machine,Beginner,Core,3.20,0.878
4271,Machine Crunch Variation 4271,Strength,Machine,Elite,Core,6.73,0.321
4272,Barbell Overhead Press Variation 4272,Power,Barbell,Intermediate,Arms,3.70,0.212
4273,Dumbbell Deadlift Variation 4273,Endurance,Dumbbell,Advanced,Back,3.10,0.535
4274,Barbell Pull-up Variation 4274,Hypertrophy,Barbell,Advanced,Core,8.34,0.642
4275,Cable Deadlift Variation 4275,Power,Cable,Elite,Back,9.67,0.119
4276,Barbell Tricep Extension Variation 4276,Hypertrophy,Barbell,Elite,Chest,5.05,0.568
4277,Kettlebell Calf Raise Variation 4277,Endurance,Kettlebell,Beginner,Core,8.10,0.186
4278,Bands Lat Pulldown Variation 4278,Core,Bands,Advanced,Shoulders,11.18,0.192
4279,Machine Plank Variation 4279,Power,Machine,Intermediate,Arms,3.74,0.316
4280,Dumbbell Leg Press Variation 4280,Hypertrophy,Dumbbell,Intermediate,Arms,9.42,0.414
4281,Bands Bench Press Variation 4281,Core,Bands,Intermediate,Legs,7.52,0.400
4282,Cable Crunch Variation 4282,Core,Cable,Elite,Full Body,3.65,0.545
4283,Bands Overhead Press Variation 4283,Core,Bands,Intermediate,Full Body,10.79,0.766
4284,Cable Deadlift Variation 4284,Power,Cable,Advanced,Full Body,9.97,0.372
4285,Cable Pull-up Variation 4285,Hypertrophy,Cable,Beginner,Back,6.62,0.370
4286,Bodyweight Overhead Press Variation 4286,Core,Bodyweight,Beginner,Core,10.64,0.815
4287,Cable Bench Press Variation 4287,Power,Cable,Advanced,Legs,10.81,0.346
4288,Barbell Cable Fly Variation 4288,Hypertrophy,Barbell,Elite,Core,10.27,0.661
4289,Bands Squat Variation 4289,Strength,Bands,Advanced,Chest,4.51,0.682
4290,Dumbbell Lat Pulldown Variation 4290,Strength,Dumbbell,Beginner,Chest,11.54,0.464
4291,Bodyweight Cable Fly Variation 4291,Strength,Bodyweight,Elite,Full Body,4.64,0.784
4292,Bodyweight Plank Variation 4292,Endurance,Bodyweight,Beginner,Shoulders,3.60,0.190
4293,Machine Barbell Row Variation 4293,Rehab,Machine,Beginner,Core,11.46,0.795
4294,Barbell Cable Fly Variation 4294,Hypertrophy,Barbell,Elite,Back,9.94,0.551
4295,Cable Deadlift Variation 4295,Endurance,Cable,Beginner,Arms,5.68,0.154
4296,Barbell Calf Raise Variation 4296,Hypertrophy,Barbell,Elite,Chest,6.34,0.240
4297,Kettlebell Tricep Extension Variation 4297,Rehab,Kettlebell,Advanced,Arms,7.13,0.557
4298,Machine Dumbbell Curl Variation 4298,Endurance,Machine,Advanced,Back,3.05,0.210
4299,Cable Plank Variation 4299,Hypertrophy,Cable,Intermediate,Back,9.24,0.777
4300,Kettlebell Lunge Variation 4300,Hypertrophy,Kettlebell,Elite,Arms,9.00,0.733
4301,Cable Cable Fly Variation 4301,Strength,Cable,Advanced,Arms,5.77,0.743
4302,Bands Deadlift Variation 4302,Rehab,Bands,Advanced,Back,11.56,0.522
4303,Barbell Overhead Press Variation 4303,Hypertrophy,Barbell,Intermediate,Chest,6.34,0.250
4304,Dumbbell Squat Variation 4304,Endurance,Dumbbell,Elite,Core,3.54,0.204
4305,Barbell Lunge Variation 4305,Power,Barbell,Elite,Legs,7.87,0.283
4306,Bodyweight Calf Raise Variation 4306,Endurance,Bodyweight,Elite,Shoulders,10.60,0.198
4307,Bands Overhead Press Variation 4307,Rehab,Bands,Elite,Shoulders,3.54,0.112
4308,Kettlebell Lat Pulldown Variation 4308,Strength,Kettlebell,Intermediate,Core,7.44,0.766
4309,Kettlebell Tricep Extension Variation 4309,Endurance,Kettlebell,Advanced,Core,9.22,0.191
4310,Barbell Crunch Variation 4310,Core,Barbell,Intermediate,Legs,6.82,0.591
4311,Bands Cable Fly Variation 4311,Strength,Bands,Advanced,Legs,9.10,0.516
4312,Dumbbell Cable Fly Variation 4312,Strength,Dumbbell,Advanced,Legs,9.16,0.302
4313,Bands Dumbbell Curl Variation 4313,Endurance,Bands,Elite,Back,9.64,0.429
4314,Bands Calf Raise Variation 4314,Endurance,Bands,Beginner,Core,8.17,0.822
4315,Dumbbell Calf Raise Variation 4315,Rehab,Dumbbell,Beginner,Core,8.17,0.836
4316,Cable Lat Pulldown Variation 4316,Power,Cable,Advanced,Legs,4.69,0.849
4317,Cable Deadlift Variation 4317,Endurance,Cable,Beginner,Legs,8.80,0.515
4318,Bands Plank Variation 4318,Rehab,Bands,Elite,Full Body,4.02,0.562
4319,Barbell Lat Pulldown Variation 4319,Endurance,Barbell,Elite,Arms,7.56,0.139
4320,Bands Lat Pulldown Variation 4320,Power,Bands,Advanced,Arms,4.56,0.343
4321,Dumbbell Lunge Variation 4321,Hypertrophy,Dumbbell,Advanced,Shoulders,7.97,0.742
4322,Bodyweight Bench Press Variation 4322,Rehab,Bodyweight,Elite,Legs,8.56,0.691
4323,Bands Squat Variation 4323,Hypertrophy,Bands,Elite,Core,5.76,0.856
4324,Kettlebell Pull-up Variation 4324,Power,Kettlebell,Elite,Full Body,11.07,0.610
4325,Dumbbell Squat Variation 4325,Hypertrophy,Dumbbell,Elite,Core,5.32,0.799
4326,Cable Plank Variation 4326,Strength,Cable,Advanced,Shoulders,6.05,0.811
4327,Bodyweight Pull-up Variation 4327,Power,Bodyweight,Elite,Chest,7.26,0.386
4328,Kettlebell Pull-up Variation 4328,Power,Kettlebell,Intermediate,Back,6.44,0.683
4329,Dumbbell Barbell Row Variation 4329,Rehab,Dumbbell,Advanced,Full Body,9.98,0.667
4330,Kettlebell Deadlift Variation 4330,Power,Kettlebell,Beginner,Core,7.93,0.154
4331,Bands Cable Fly Variation 4331,Rehab,Bands,Advanced,Back,9.51,0.829
4332,Cable Deadlift Variation 4332,Hypertrophy,Cable,Elite,Back,10.66,0.703
4333,Barbell Dumbbell Curl Variation 4333,Endurance,Barbell,Advanced,Full Body,11.20,0.302
4334,Cable Tricep Extension Variation 4334,Endurance,Cable,Advanced,Full Body,8.54,0.288
4335,Machine Leg Press Variation 4335,Rehab,Machine,Elite,Legs,5.12,0.891
4336,Cable Leg Press Variation 4336,Rehab,Cable,Elite,Shoulders,7.61,0.283
4337,Cable Leg Press Variation 4337,Hypertrophy,Cable,Elite,Chest,5.08,0.516
4338,Bodyweight Tricep Extension Variation 4338,Rehab,Bodyweight,Beginner,Back,11.53,0.540
4339,Machine Tricep Extension Variation 4339,Endurance,Machine,Advanced,Legs,6.01,0.511
4340,Machine Lat Pulldown Variation 4340,Endurance,Machine,Elite,Core,5.91,0.402
4341,Bands Lunge Variation 4341,Hypertrophy,Bands,Intermediate,Chest,7.55,0.626
4342,Cable Lat Pulldown Variation 4342,Rehab,Cable,Advanced,Shoulders,3.44,0.504
4343,Barbell Pull-up Variation 4343,Hypertrophy,Barbell,Elite,Core,5.34,0.276
4344,Bands Dumbbell Curl Variation 4344,Core,Bands,Intermediate,Shoulders,3.95,0.690
4345,Cable Plank Variation 4345,Rehab,Cable,Advanced,Back,10.15,0.545
4346,Kettlebell Deadlift Variation 4346,Core,Kettlebell,Beginner,Back,7.06,0.183
4347,Dumbbell Overhead Press Variation 4347,Hypertrophy,Dumbbell,Elite,Arms,10.79,0.623
4348,Dumbbell Bench Press Variation 4348,Endurance,Dumbbell,Intermediate,Back,3.12,0.327
4349,Cable Calf Raise Variation 4349,Power,Cable,Elite,Back,8.80,0.798
4350,Kettlebell Bench Press Variation 4350,Core,Kettlebell,Elite,Legs,3.42,0.743
4351,Bodyweight Tricep Extension Variation 4351,Hypertrophy,Bodyweight,Intermediate,Core,3.52,0.515
4352,Cable Plank Variation 4352,Rehab,Cable,Intermediate,Core,6.13,0.694
4353,Kettlebell Pull-up Variation 4353,Strength,Kettlebell,Elite,Core,7.93,0.597
4354,Dumbbell Dumbbell Curl Variation 4354,Endurance,Dumbbell,Intermediate,Legs,5.69,0.341
4355,Kettlebell Squat Variation 4355,Rehab,Kettlebell,Elite,Chest,7.23,0.325
4356,Machine Deadlift Variation 4356,Power,Machine,Elite,Legs,4.65,0.547
4357,Bodyweight Leg Press Variation 4357,Hypertrophy,Bodyweight,Elite,Shoulders,4.98,0.536
4358,Barbell Pull-up Variation 4358,Rehab,Barbell,Advanced,Shoulders,9.83,0.115
4359,Kettlebell Lat Pulldown Variation 4359,Endurance,Kettlebell,Advanced,Chest,4.58,0.848
4360,Machine Barbell Row Variation 4360,Core,Machine,Elite,Arms,11.26,0.206
4361,Machine Lat Pulldown Variation 4361,Power,Machine,Elite,Core,11.32,0.526
4362,Barbell Leg Press Variation 4362,Power,Barbell,Elite,Full Body,7.41,0.166
4363,Bodyweight Deadlift Variation 4363,Power,Bodyweight,Advanced,Chest,6.57,0.652
4364,Kettlebell Leg Press Variation 4364,Power,Kettlebell,Advanced,Back,10.62,0.553
4365,Cable Cable Fly Variation 4365,Endurance,Cable,Beginner,Full Body,10.40,0.152
4366,Cable Cable Fly Variation 4366,Endurance,Cable,Elite,Core,4.60,0.234
4367,Bodyweight Cable Fly Variation 4367,Endurance,Bodyweight,Beginner,Chest,6.34,0.445
4368,Dumbbell Lunge Variation 4368,Core,Dumbbell,Elite,Legs,6.56,0.801
4369,Barbell Barbell Row Variation 4369,Hypertrophy,Barbell,Beginner,Chest,7.67,0.217
4370,Bands Plank Variation 4370,Core,Bands,Intermediate,Shoulders,6.77,0.828
4371,Barbell Crunch Variation 4371,Power,Barbell,Advanced,Arms,7.74,0.800
4372,Barbell Lat Pulldown Variation 4372,Rehab,Barbell,Intermediate,Full Body,3.78,0.896
4373,Kettlebell Plank Variation 4373,Core,Kettlebell,Intermediate,Arms,6.54,0.796
4374,Machine Crunch Variation 4374,Core,Machine,Elite,Arms,3.27,0.813
4375,Dumbbell Dumbbell Curl Variation 4375,Endurance,Dumbbell,Advanced,Core,3.32,0.300
4376,Barbell Lat Pulldown Variation 4376,Rehab,Barbell,Intermediate,Legs,4.13,0.638
4377,Cable Crunch Variation 4377,Power,Cable,Advanced,Shoulders,9.32,0.398
4378,Bands Cable Fly Variation 4378,Core,Bands,Beginner,Arms,6.08,0.260
4379,Dumbbell Lunge Variation 4379,Strength,Dumbbell,Elite,Shoulders,10.23,0.708
4380,Kettlebell Bench Press Variation 4380,Rehab,Kettlebell,Advanced,Chest,8.34,0.443
4381,Bodyweight Squat Variation 4381,Rehab,Bodyweight,Beginner,Chest,10.75,0.600
4382,Kettlebell Squat Variation 4382,Hypertrophy,Kettlebell,Elite,Legs,9.35,0.571
4383,Bands Calf Raise Variation 4383,Power,Bands,Intermediate,Full Body,7.61,0.803
4384,Kettlebell Leg Press Variation 4384,Power,Kettlebell,Intermediate,Chest,6.85,0.601
4385,Dumbbell Overhead Press Variation 4385,Power,Dumbbell,Elite,Full Body,5.33,0.626
4386,Machine Crunch Variation 4386,Power,Machine,Beginner,Shoulders,7.25,0.221
4387,Kettlebell Cable Fly Variation 4387,Core,Kettlebell,Advanced,Shoulders,5.34,0.693
4388,Bodyweight Tricep Extension Variation 4388,Rehab,Bodyweight,Elite,Chest,11.08,0.636
4389,Bodyweight Plank Variation 4389,Rehab,Bodyweight,Beginner,Chest,11.91,0.516
4390,Cable Lat Pulldown Variation 4390,Hypertrophy,Cable,Advanced,Core,11.63,0.647
4391,Kettlebell Overhead Press Variation 4391,Rehab,Kettlebell,Beginner,Back,8.79,0.324
4392,Barbell Cable Fly Variation 4392,Rehab,Barbell,Beginner,Arms,8.88,0.340
4393,Dumbbell Deadlift Variation 4393,Rehab,Dumbbell,Advanced,Full Body,7.78,0.532
4394,Machine Barbell Row Variation 4394,Endurance,Machine,Advanced,Arms,6.34,0.741
4395,Barbell Bench Press Variation 4395,Strength,Barbell,Elite,Back,3.46,0.194
4396,Bands Overhead Press Variation 4396,Rehab,Bands,Beginner,Shoulders,5.49,0.658
4397,Dumbbell Tricep Extension Variation 4397,Hypertrophy,Dumbbell,Elite,Legs,6.37,0.624
4398,Kettlebell Barbell Row Variation 4398,Rehab,Kettlebell,Elite,Shoulders,7.75,0.540
4399,Machine Tricep Extension Variation 4399,Core,Machine,Advanced,Full Body,4.09,0.755
4400,Dumbbell Tricep Extension Variation 4400,Power,Dumbbell,Advanced,Arms,9.74,0.411
4401,Bands Pull-up Variation 4401,Hypertrophy,Bands,Advanced,Full Body,9.03,0.472
4402,Kettlebell Squat Variation 4402,Strength,Kettlebell,Intermediate,Back,5.10,0.158
4403,Dumbbell Cable Fly Variation 4403,Rehab,Dumbbell,Elite,Full Body,8.19,0.415
4404,Kettlebell Overhead Press Variation 4404,Power,Kettlebell,Advanced,Back,10.21,0.633
4405,Dumbbell Cable Fly Variation 4405,Endurance,Dumbbell,Intermediate,Arms,6.27,0.786
4406,Machine Overhead Press Variation 4406,Strength,Machine,Elite,Full Body,3.48,0.630
4407,Bodyweight Lat Pulldown Variation 4407,Hypertrophy,Bodyweight,Elite,Chest,5.48,0.481
4408,Bands Plank Variation 4408,Hypertrophy,Bands,Beginner,Chest,5.27,0.647
4409,Bodyweight Bench Press Variation 4409,Rehab,Bodyweight,Elite,Arms,7.00,0.770
4410,Kettlebell Squat Variation 4410,Strength,Kettlebell,Elite,Core,8.59,0.735
4411,Kettlebell Dumbbell Curl Variation 4411,Rehab,Kettlebell,Beginner,Back,7.93,0.707
4412,Cable Cable Fly Variation 4412,Strength,Cable,Elite,Shoulders,3.03,0.884
4413,Bands Tricep Extension Variation 4413,Strength,Bands,Beginner,Chest,10.39,0.431
4414,Bodyweight Overhead Press Variation 4414,Strength,Bodyweight,Advanced,Back,6.53,0.305
4415,Cable Pull-up Variation 4415,Rehab,Cable,Intermediate,Shoulders,11.12,0.602
4416,Cable Tricep Extension Variation 4416,Strength,Cable,Intermediate,Chest,5.11,0.227
4417,Bands Crunch Variation 4417,Hypertrophy,Bands,Advanced,Back,7.22,0.770
4418,Kettlebell Bench Press Variation 4418,Rehab,Kettlebell,Intermediate,Legs,10.67,0.786
4419,Bodyweight Deadlift Variation 4419,Endurance,Bodyweight,Elite,Legs,9.06,0.365
4420,Kettlebell Overhead Press Variation 4420,Rehab,Kettlebell,Advanced,Chest,7.44,0.344
4421,Bodyweight Bench Press Variation 4421,Strength,Bodyweight,Beginner,Shoulders,5.52,0.815
4422,Kettlebell Pull-up Variation 4422,Strength,Kettlebell,Advanced,Shoulders,5.15,0.637
4423,Bands Dumbbell Curl Variation 4423,Hypertrophy,Bands,Intermediate,Full Body,8.26,0.513
4424,Bodyweight Calf Raise Variation 4424,Hypertrophy,Bodyweight,Intermediate,Back,4.51,0.475
4425,Kettlebell Barbell Row Variation 4425,Core,Kettlebell,Advanced,Back,7.58,0.535
4426,Barbell Lat Pulldown Variation 4426,Power,Barbell,Intermediate,Legs,11.94,0.649
4427,Cable Plank Variation 4427,Core,Cable,Intermediate,Legs,9.96,0.396
4428,Cable Crunch Variation 4428,Rehab,Cable,Advanced,Core,11.70,0.820
4429,Dumbbell Lunge Variation 4429,Core,Dumbbell,Advanced,Full Body,11.92,0.217
4430,Dumbbell Deadlift Variation 4430,Strength,Dumbbell,Elite,Shoulders,3.31,0.426
4431,Machine Dumbbell Curl Variation 4431,Core,Machine,Beginner,Full Body,10.88,0.636
4432,Dumbbell Crunch Variation 4432,Strength,Dumbbell,Elite,Chest,4.51,0.353
4433,Dumbbell Calf Raise Variation 4433,Rehab,Dumbbell,Intermediate,Full Body,10.52,0.391
4434,Bands Plank Variation 4434,Strength,Bands,Beginner,Legs,4.09,0.517
4435,Kettlebell Lat Pulldown Variation 4435,Endurance,Kettlebell,Advanced,Shoulders,9.01,0.490
4436,Machine Tricep Extension Variation 4436,Power,Machine,Advanced,Legs,7.36,0.357
4437,Bodyweight Overhead Press Variation 4437,Power,Bodyweight,Advanced,Arms,6.82,0.294
4438,Machine Crunch Variation 4438,Strength,Machine,Elite,Back,8.16,0.656
4439,Machine Bench Press Variation 4439,Endurance,Machine,Intermediate,Back,10.80,0.323
4440,Kettlebell Dumbbell Curl Variation 4440,Power,Kettlebell,Elite,Shoulders,11.88,0.685
4441,Machine Crunch Variation 4441,Strength,Machine,Intermediate,Arms,3.87,0.483
4442,Barbell Barbell Row Variation 4442,Core,Barbell,Intermediate,Core,5.30,0.278
4443,Barbell Calf Raise Variation 4443,Endurance,Barbell,Advanced,Chest,6.11,0.292
4444,Bands Tricep Extension Variation 4444,Hypertrophy,Bands,Beginner,Core,10.60,0.331
4445,Machine Overhead Press Variation 4445,Core,Machine,Intermediate,Back,6.00,0.809
4446,Machine Plank Variation 4446,Hypertrophy,Machine,Intermediate,Legs,3.10,0.806
4447,Dumbbell Squat Variation 4447,Power,Dumbbell,Intermediate,Arms,8.35,0.281
4448,Kettlebell Bench Press Variation 4448,Strength,Kettlebell,Elite,Core,11.24,0.422
4449,Bands Deadlift Variation 4449,Core,Bands,Beginner,Core,10.06,0.700
4450,Machine Crunch Variation 4450,Rehab,Machine,Beginner,Full Body,6.07,0.664
4451,Kettlebell Calf Raise Variation 4451,Core,Kettlebell,Intermediate,Back,4.64,0.798
4452,Cable Cable Fly Variation 4452,Strength,Cable,Intermediate,Legs,8.24,0.258
4453,Bodyweight Pull-up Variation 4453,Power,Bodyweight,Intermediate,Back,5.65,0.417
4454,Cable Barbell Row Variation 4454,Power,Cable,Advanced,Arms,4.37,0.492
4455,Kettlebell Squat Variation 4455,Endurance,Kettlebell,Intermediate,Arms,8.51,0.190
4456,Barbell Lat Pulldown Variation 4456,Endurance,Barbell,Intermediate,Full Body,5.28,0.825
4457,Dumbbell Lunge Variation 4457,Hypertrophy,Dumbbell,Beginner,Chest,9.36,0.692
4458,Bands Dumbbell Curl Variation 4458,Rehab,Bands,Advanced,Legs,8.10,0.657
4459,Bands Pull-up Variation 4459,Strength,Bands,Advanced,Chest,8.20,0.746
4460,Dumbbell Cable Fly Variation 4460,Rehab,Dumbbell,Advanced,Shoulders,5.87,0.350
4461,Bands Crunch Variation 4461,Endurance,Bands,Elite,Shoulders,5.24,0.148
4462,Dumbbell Bench Press Variation 4462,Core,Dumbbell,Advanced,Shoulders,10.81,0.102
4463,Bodyweight Squat Variation 4463,Endurance,Bodyweight,Beginner,Core,3.53,0.712
4464,Machine Cable Fly Variation 4464,Power,Machine,Beginner,Core,10.86,0.348
4465,Kettlebell Barbell Row Variation 4465,Strength,Kettlebell,Elite,Shoulders,3.45,0.442
4466,Bands Tricep Extension Variation 4466,Power,Bands,Advanced,Back,3.30,0.722
4467,Bands Overhead Press Variation 4467,Strength,Bands,Advanced,Chest,4.09,0.501
4468,Kettlebell Deadlift Variation 4468,Power,Kettlebell,Intermediate,Chest,8.91,0.729
4469,Barbell Pull-up Variation 4469,Core,Barbell,Elite,Full Body,8.07,0.668
4470,Bodyweight Lunge Variation 4470,Endurance,Bodyweight,Beginner,Back,3.34,0.861
4471,Barbell Pull-up Variation 4471,Strength,Barbell,Beginner,Shoulders,5.19,0.384
4472,Bodyweight Bench Press Variation 4472,Endurance,Bodyweight,Intermediate,Full Body,10.14,0.562
4473,Cable Barbell Row Variation 4473,Rehab,Cable,Elite,Arms,10.17,0.530
4474,Barbell Overhead Press Variation 4474,Rehab,Barbell,Beginner,Legs,4.70,0.597
4475,Bands Calf Raise Variation 4475,Strength,Bands,Beginner,Core,3.43,0.789
4476,Barbell Bench Press Variation 4476,Strength,Barbell,Beginner,Legs,3.76,0.790
4477,Dumbbell Squat Variation 4477,Strength,Dumbbell,Advanced,Core,7.64,0.389
4478,Cable Squat Variation 4478,Endurance,Cable,Beginner,Shoulders,8.77,0.448
4479,Cable Overhead Press Variation 4479,Core,Cable,Intermediate,Full Body,10.36,0.133
4480,Barbell Crunch Variation 4480,Hypertrophy,Barbell,Intermediate,Legs,6.88,0.452
4481,Bands Pull-up Variation 4481,Strength,Bands,Intermediate,Back,9.35,0.635
4482,Cable Calf Raise Variation 4482,Core,Cable,Intermediate,Full Body,10.57,0.377
4483,Dumbbell Lat Pulldown Variation 4483,Rehab,Dumbbell,Advanced,Core,3.67,0.110
4484,Kettlebell Pull-up Variation 4484,Strength,Kettlebell,Intermediate,Chest,3.16,0.432
4485,Dumbbell Overhead Press Variation 4485,Rehab,Dumbbell,Intermediate,Full Body,4.04,0.524
4486,Kettlebell Lunge Variation 4486,Strength,Kettlebell,Beginner,Chest,8.23,0.304
4487,Dumbbell Tricep Extension Variation 4487,Endurance,Dumbbell,Elite,Legs,3.78,0.617
4488,Cable Crunch Variation 4488,Power,Cable,Intermediate,Back,4.56,0.885
4489,Machine Tricep Extension Variation 4489,Endurance,Machine,Beginner,Legs,5.97,0.134
4490,Bodyweight Cable Fly Variation 4490,Hypertrophy,Bodyweight,Intermediate,Shoulders,9.09,0.443
4491,Bands Lat Pulldown Variation 4491,Rehab,Bands,Beginner,Full Body,8.90,0.672
4492,Cable Deadlift Variation 4492,Rehab,Cable,Beginner,Core,5.44,0.561
4493,Cable Crunch Variation 4493,Strength,Cable,Elite,Chest,5.41,0.462
4494,Kettlebell Bench Press Variation 4494,Strength,Kettlebell,Elite,Full Body,7.58,0.624
4495,Bodyweight Overhead Press Variation 4495,Rehab,Bodyweight,Intermediate,Full Body,11.57,0.473
4496,Bodyweight Squat Variation 4496,Strength,Bodyweight,Elite,Core,5.04,0.514
4497,Bands Dumbbell Curl Variation 4497,Rehab,Bands,Intermediate,Arms,7.47,0.754
4498,Machine Barbell Row Variation 4498,Power,Machine,Advanced,Arms,9.52,0.841
4499,Barbell Cable Fly Variation 4499,Endurance,Barbell,Intermediate,Chest,6.36,0.109
4500,Bodyweight Tricep Extension Variation 4500,Endurance,Bodyweight,Beginner,Chest,9.26,0.184
4501,Barbell Plank Variation 4501,Power,Barbell,Intermediate,Arms,7.07,0.669
4502,Bands Dumbbell Curl Variation 4502,Endurance,Bands,Intermediate,Legs,3.71,0.518
4503,Barbell Lat Pulldown Variation 4503,Power,Barbell,Advanced,Back,8.32,0.593
4504,Machine Barbell Row Variation 4504,Endurance,Machine,Advanced,Full Body,6.62,0.876
4505,Barbell Barbell Row Variation 4505,Power,Barbell,Elite,Core,11.53,0.746
4506,Machine Crunch Variation 4506,Core,Machine,Beginner,Shoulders,7.35,0.695
4507,Bodyweight Lat Pulldown Variation 4507,Power,Bodyweight,Beginner,Legs,11.11,0.617
4508,Cable Plank Variation 4508,Rehab,Cable,Advanced,Core,4.80,0.242
4509,Barbell Bench Press Variation 4509,Rehab,Barbell,Elite,Arms,6.51,0.650
4510,Bands Lunge Variation 4510,Rehab,Bands,Advanced,Core,5.33,0.719
4511,Bands Pull-up Variation 4511,Endurance,Bands,Advanced,Legs,3.24,0.681
4512,Machine Lunge Variation 4512,Hypertrophy,Machine,Elite,Legs,10.78,0.263
4513,Kettlebell Leg Press Variation 4513,Hypertrophy,Kettlebell,Intermediate,Shoulders,8.17,0.416
4514,Kettlebell Barbell Row Variation 4514,Core,Kettlebell,Beginner,Shoulders,6.13,0.433
4515,Bands Squat Variation 4515,Endurance,Bands,Elite,Full Body,4.87,0.227
4516,Kettlebell Crunch Variation 4516,Endurance,Kettlebell,Intermediate,Back,3.58,0.582
4517,Machine Cable Fly Variation 4517,Hypertrophy,Machine,Elite,Shoulders,8.35,0.653
4518,Dumbbell Overhead Press Variation 4518,Endurance,Dumbbell,Elite,Legs,10.63,0.224
4519,Dumbbell Calf Raise Variation 4519,Rehab,Dumbbell,Elite,Chest,3.38,0.396
4520,Bands Lunge Variation 4520,Hypertrophy,Bands,Beginner,Legs,6.24,0.469
4521,Dumbbell Bench Press Variation 4521,Power,Dumbbell,Intermediate,Shoulders,4.83,0.595
4522,Barbell Deadlift Variation 4522,Core,Barbell,Intermediate,Arms,5.17,0.585
4523,Dumbbell Calf Raise Variation 4523,Strength,Dumbbell,Intermediate,Shoulders,8.03,0.525
4524,Kettlebell Crunch Variation 4524,Endurance,Kettlebell,Beginner,Full Body,9.18,0.319
4525,Barbell Leg Press Variation 4525,Endurance,Barbell,Advanced,Back,4.99,0.578
4526,Machine Barbell Row Variation 4526,Power,Machine,Advanced,Back,11.56,0.705
4527,Cable Lat Pulldown Variation 4527,Rehab,Cable,Elite,Legs,4.71,0.504
4528,Kettlebell Cable Fly Variation 4528,Hypertrophy,Kettlebell,Beginner,Core,10.44,0.256
4529,Kettlebell Overhead Press Variation 4529,Core,Kettlebell,Advanced,Core,3.05,0.378
4530,Bands Tricep Extension Variation 4530,Strength,Bands,Beginner,Legs,9.17,0.842
4531,Barbell Deadlift Variation 4531,Power,Barbell,Intermediate,Back,6.96,0.542
4532,Cable Pull-up Variation 4532,Endurance,Cable,Beginner,Core,11.39,0.360
4533,Dumbbell Barbell Row Variation 4533,Hypertrophy,Dumbbell,Beginner,Full Body,11.32,0.734
4534,Kettlebell Bench Press Variation 4534,Endurance,Kettlebell,Elite,Back,9.89,0.200
4535,Barbell Deadlift Variation 4535,Rehab,Barbell,Beginner,Full Body,7.37,0.368
4536,Machine Squat Variation 4536,Power,Machine,Elite,Full Body,3.60,0.860
4537,Kettlebell Calf Raise Variation 4537,Endurance,Kettlebell,Beginner,Full Body,5.84,0.717
4538,Machine Tricep Extension Variation 4538,Rehab,Machine,Elite,Legs,8.12,0.517
4539,Dumbbell Bench Press Variation 4539,Endurance,Dumbbell,Elite,Back,5.99,0.193
4540,Bodyweight Tricep Extension Variation 4540,Rehab,Bodyweight,Intermediate,Core,8.02,0.699
4541,Dumbbell Dumbbell Curl Variation 4541,Core,Dumbbell,Beginner,Chest,8.78,0.833
4542,Barbell Overhead Press Variation 4542,Strength,Barbell,Elite,Full Body,6.68,0.168
4543,Machine Deadlift Variation 4543,Rehab,Machine,Intermediate,Arms,8.52,0.199
4544,Barbell Pull-up Variation 4544,Hypertrophy,Barbell,Beginner,Chest,5.70,0.476
4545,Cable Leg Press Variation 4545,Rehab,Cable,Beginner,Core,6.58,0.832
4546,Kettlebell Crunch Variation 4546,Power,Kettlebell,Beginner,Core,10.34,0.525
4547,Dumbbell Calf Raise Variation 4547,Strength,Dumbbell,Advanced,Core,9.58,0.374
4548,Bands Bench Press Variation 4548,Strength,Bands,Advanced,Shoulders,5.99,0.823
4549,Barbell Overhead Press Variation 4549,Endurance,Barbell,Advanced,Back,4.57,0.267
4550,Kettlebell Tricep Extension Variation 4550,Rehab,Kettlebell,Intermediate,Back,9.19,0.565
4551,Bands Barbell Row Variation 4551,Endurance,Bands,Advanced,Full Body,7.84,0.773
4552,Cable Barbell Row Variation 4552,Power,Cable,Elite,Core,11.55,0.789
4553,Machine Deadlift Variation 4553,Core,Machine,Beginner,Chest,8.45,0.642
4554,Barbell Plank Variation 4554,Rehab,Barbell,Advanced,Core,6.72,0.849
4555,Cable Tricep Extension Variation 4555,Hypertrophy,Cable,Elite,Legs,7.24,0.508
4556,Kettlebell Dumbbell Curl Variation 4556,Hypertrophy,Kettlebell,Intermediate,Full Body,5.00,0.862
4557,Machine Crunch Variation 4557,Core,Machine,Elite,Full Body,6.23,0.535
4558,Barbell Leg Press Variation 4558,Power,Barbell,Advanced,Back,7.21,0.428
4559,Cable Calf Raise Variation 4559,Hypertrophy,Cable,Elite,Legs,11.78,0.629
4560,Kettlebell Squat Variation 4560,Rehab,Kettlebell,Intermediate,Legs,10.87,0.882
4561,Kettlebell Crunch Variation 4561,Power,Kettlebell,Advanced,Core,10.94,0.420
4562,Machine Cable Fly Variation 4562,Strength,Machine,Intermediate,Back,8.31,0.774
4563,Kettlebell Crunch Variation 4563,Rehab,Kettlebell,Beginner,Back,10.80,0.401
4564,Barbell Cable Fly Variation 4564,Power,Barbell,Advanced,Arms,9.47,0.489
4565,Bands Barbell Row Variation 4565,Core,Bands,Elite,Shoulders,10.90,0.507
4566,Kettlebell Barbell Row Variation 4566,Endurance,Kettlebell,Intermediate,Shoulders,10.33,0.495
4567,Cable Dumbbell Curl Variation 4567,Endurance,Cable,Advanced,Chest,8.08,0.438
4568,Barbell Leg Press Variation 4568,Endurance,Barbell,Intermediate,Full Body,5.59,0.166
4569,Kettlebell Squat Variation 4569,Core,Kettlebell,Beginner,Arms,3.10,0.620
4570,Bands Leg Press Variation 4570,Hypertrophy,Bands,Elite,Arms,10.40,0.298
4571,Bodyweight Calf Raise Variation 4571,Endurance,Bodyweight,Advanced,Full Body,7.52,0.609
4572,Bodyweight Leg Press Variation 4572,Endurance,Bodyweight,Intermediate,Shoulders,5.93,0.627
4573,Machine Pull-up Variation 4573,Hypertrophy,Machine,Intermediate,Arms,11.60,0.887
4574,Machine Pull-up Variation 4574,Hypertrophy,Machine,Intermediate,Legs,7.93,0.469
4575,Kettlebell Plank Variation 4575,Hypertrophy,Kettlebell,Intermediate,Legs,7.18,0.776
4576,Dumbbell Calf Raise Variation 4576,Strength,Dumbbell,Intermediate,Core,3.35,0.819
4577,Bodyweight Squat Variation 4577,Core,Bodyweight,Beginner,Full Body,4.34,0.213
4578,Bands Bench Press Variation 4578,Strength,Bands,Advanced,Arms,4.10,0.789
4579,Barbell Lat Pulldown Variation 4579,Hypertrophy,Barbell,Advanced,Chest,10.75,0.740
4580,Bands Dumbbell Curl Variation 4580,Power,Bands,Beginner,Chest,7.28,0.255
4581,Dumbbell Lat Pulldown Variation 4581,Endurance,Dumbbell,Intermediate,Chest,8.21,0.403
4582,Cable Cable Fly Variation 4582,Rehab,Cable,Advanced,Arms,8.55,0.666
4583,Bands Tricep Extension Variation 4583,Power,Bands,Intermediate,Chest,8.87,0.373
4584,Dumbbell Cable Fly Variation 4584,Strength,Dumbbell,Beginner,Full Body,6.69,0.225
4585,Bodyweight Plank Variation 4585,Strength,Bodyweight,Intermediate,Shoulders,4.37,0.189
4586,Machine Overhead Press Variation 4586,Strength,Machine,Beginner,Core,4.48,0.287
4587,Dumbbell Squat Variation 4587,Hypertrophy,Dumbbell,Intermediate,Chest,9.46,0.516
4588,Bands Pull-up Variation 4588,Hypertrophy,Bands,Beginner,Shoulders,4.55,0.513
4589,Bodyweight Lat Pulldown Variation 4589,Hypertrophy,Bodyweight,Elite,Back,3.91,0.885
4590,Bodyweight Crunch Variation 4590,Rehab,Bodyweight,Intermediate,Legs,4.08,0.844
4591,Bands Cable Fly Variation 4591,Hypertrophy,Bands,Advanced,Chest,4.79,0.812
4592,Cable Deadlift Variation 4592,Hypertrophy,Cable,Elite,Shoulders,9.13,0.132
4593,Machine Tricep Extension Variation 4593,Core,Machine,Intermediate,Arms,11.86,0.687
4594,Dumbbell Squat Variation 4594,Endurance,Dumbbell,Beginner,Shoulders,3.87,0.392
4595,Bodyweight Squat Variation 4595,Core,Bodyweight,Advanced,Arms,7.71,0.198
4596,Barbell Cable Fly Variation 4596,Power,Barbell,Advanced,Full Body,9.69,0.899
4597,Bands Lat Pulldown Variation 4597,Power,Bands,Intermediate,Back,10.31,0.459
4598,Barbell Tricep Extension Variation 4598,Strength,Barbell,Advanced,Chest,6.45,0.782
4599,Barbell Tricep Extension Variation 4599,Endurance,Barbell,Intermediate,Core,5.19,0.624
4600,Dumbbell Squat Variation 4600,Core,Dumbbell,Elite,Legs,6.02,0.409
4601,Machine Lunge Variation 4601,Core,Machine,Intermediate,Arms,3.87,0.711
4602,Cable Plank Variation 4602,Core,Cable,Beginner,Legs,5.77,0.392
4603,Machine Leg Press Variation 4603,Rehab,Machine,Intermediate,Back,10.78,0.102
4604,Machine Barbell Row Variation 4604,Rehab,Machine,Intermediate,Full Body,3.44,0.838
4605,Bodyweight Calf Raise Variation 4605,Core,Bodyweight,Advanced,Back,11.85,0.222
4606,Bands Squat Variation 4606,Strength,Bands,Advanced,Back,10.37,0.349
4607,Bodyweight Bench Press Variation 4607,Power,Bodyweight,Elite,Legs,9.33,0.522
4608,Dumbbell Cable Fly Variation 4608,Rehab,Dumbbell,Advanced,Back,8.19,0.830
4609,Cable Crunch Variation 4609,Strength,Cable,Intermediate,Full Body,3.40,0.491
4610,Bodyweight Dumbbell Curl Variation 4610,Hypertrophy,Bodyweight,Beginner,Chest,7.51,0.175
4611,Bands Cable Fly Variation 4611,Power,Bands,Beginner,Core,4.55,0.429
4612,Bodyweight Lat Pulldown Variation 4612,Rehab,Bodyweight,Advanced,Arms,6.50,0.418
4613,Machine Tricep Extension Variation 4613,Power,Machine,Elite,Full Body,11.30,0.464
4614,Barbell Crunch Variation 4614,Core,Barbell,Intermediate,Back,7.75,0.458
4615,Dumbbell Cable Fly Variation 4615,Power,Dumbbell,Elite,Full Body,4.21,0.740
4616,Kettlebell Plank Variation 4616,Core,Kettlebell,Intermediate,Back,4.53,0.824
4617,Barbell Dumbbell Curl Variation 4617,Rehab,Barbell,Elite,Chest,9.04,0.885
4618,Cable Leg Press Variation 4618,Endurance,Cable,Intermediate,Shoulders,8.54,0.128
4619,Machine Lat Pulldown Variation 4619,Rehab,Machine,Beginner,Back,6.65,0.247
4620,Cable Cable Fly Variation 4620,Power,Cable,Elite,Back,6.51,0.843
4621,Bodyweight Dumbbell Curl Variation 4621,Core,Bodyweight,Intermediate,Chest,4.25,0.260
4622,Machine Deadlift Variation 4622,Core,Machine,Intermediate,Legs,10.25,0.884
4623,Dumbbell Leg Press Variation 4623,Power,Dumbbell,Advanced,Full Body,10.38,0.511
4624,Cable Barbell Row Variation 4624,Core,Cable,Advanced,Chest,9.60,0.681
4625,Bodyweight Barbell Row Variation 4625,Core,Bodyweight,Advanced,Legs,11.72,0.725
4626,Bodyweight Barbell Row Variation 4626,Power,Bodyweight,Intermediate,Legs,4.27,0.177
4627,Bands Pull-up Variation 4627,Strength,Bands,Beginner,Arms,8.00,0.660
4628,Kettlebell Crunch Variation 4628,Endurance,Kettlebell,Beginner,Full Body,6.10,0.666
4629,Bands Crunch Variation 4629,Strength,Bands,Elite,Core,8.53,0.109
4630,Barbell Crunch Variation 4630,Power,Barbell,Beginner,Shoulders,10.83,0.463
4631,Machine Overhead Press Variation 4631,Endurance,Machine,Beginner,Legs,10.62,0.113
4632,Cable Squat Variation 4632,Core,Cable,Beginner,Core,11.43,0.893
4633,Dumbbell Bench Press Variation 4633,Endurance,Dumbbell,Beginner,Shoulders,9.21,0.315
4634,Barbell Lunge Variation 4634,Hypertrophy,Barbell,Advanced,Chest,7.02,0.536
4635,Machine Lat Pulldown Variation 4635,Core,Machine,Beginner,Legs,6.09,0.386
4636,Dumbbell Leg Press Variation 4636,Strength,Dumbbell,Advanced,Chest,6.08,0.378
4637,Machine Crunch Variation 4637,Core,Machine,Advanced,Legs,8.76,0.776
4638,Cable Lunge Variation 4638,Hypertrophy,Cable,Advanced,Arms,4.79,0.805
4639,Kettlebell Bench Press Variation 4639,Rehab,Kettlebell,Elite,Back,4.08,0.116
4640,Bands Lunge Variation 4640,Power,Bands,Beginner,Chest,3.55,0.494
4641,Cable Barbell Row Variation 4641,Endurance,Cable,Elite,Arms,5.75,0.664
4642,Bodyweight Dumbbell Curl Variation 4642,Hypertrophy,Bodyweight,Beginner,Shoulders,5.52,0.452
4643,Barbell Barbell Row Variation 4643,Hypertrophy,Barbell,Advanced,Shoulders,7.22,0.228
4644,Kettlebell Barbell Row Variation 4644,Core,Kettlebell,Elite,Shoulders,6.34,0.304
4645,Dumbbell Cable Fly Variation 4645,Power,Dumbbell,Intermediate,Legs,10.64,0.595
4646,Bodyweight Plank Variation 4646,Core,Bodyweight,Advanced,Full Body,7.67,0.770
4647,Machine Pull-up Variation 4647,Power,Machine,Advanced,Chest,6.08,0.466
4648,Cable Squat Variation 4648,Power,Cable,Intermediate,Full Body,4.02,0.870
4649,Barbell Calf Raise Variation 4649,Strength,Barbell,Beginner,Full Body,9.99,0.580
4650,Dumbbell Squat Variation 4650,Endurance,Dumbbell,Beginner,Arms,10.73,0.226
4651,Cable Lat Pulldown Variation 4651,Core,Cable,Beginner,Arms,7.45,0.207
4652,Cable Squat Variation 4652,Core,Cable,Beginner,Full Body,9.72,0.858
4653,Bands Cable Fly Variation 4653,Strength,Bands,Intermediate,Full Body,5.46,0.429
4654,Dumbbell Squat Variation 4654,Core,Dumbbell,Intermediate,Shoulders,4.59,0.315
4655,Cable Overhead Press Variation 4655,Core,Cable,Beginner,Back,5.91,0.257
4656,Kettlebell Crunch Variation 4656,Core,Kettlebell,Intermediate,Shoulders,11.80,0.679
4657,Bodyweight Bench Press Variation 4657,Hypertrophy,Bodyweight,Advanced,Back,9.17,0.505
4658,Kettlebell Bench Press Variation 4658,Power,Kettlebell,Elite,Arms,3.09,0.392
4659,Barbell Pull-up Variation 4659,Hypertrophy,Barbell,Advanced,Full Body,8.79,0.261
4660,Barbell Bench Press Variation 4660,Rehab,Barbell,Elite,Legs,5.37,0.575
4661,Cable Calf Raise Variation 4661,Rehab,Cable,Beginner,Back,4.92,0.385
4662,Cable Bench Press Variation 4662,Rehab,Cable,Elite,Shoulders,8.58,0.594
4663,Dumbbell Lunge Variation 4663,Power,Dumbbell,Intermediate,Legs,9.23,0.882
4664,Barbell Plank Variation 4664,Endurance,Barbell,Beginner,Legs,11.09,0.805
4665,Kettlebell Tricep Extension Variation 4665,Hypertrophy,Kettlebell,Beginner,Full Body,10.35,0.418
4666,Cable Tricep Extension Variation 4666,Endurance,Cable,Intermediate,Legs,11.64,0.645
4667,Dumbbell Barbell Row Variation 4667,Endurance,Dumbbell,Intermediate,Chest,7.43,0.858
4668,Machine Plank Variation 4668,Rehab,Machine,Elite,Arms,11.28,0.335
4669,Bodyweight Cable Fly Variation 4669,Endurance,Bodyweight,Intermediate,Shoulders,8.51,0.676
4670,Bodyweight Overhead Press Variation 4670,Power,Bodyweight,Elite,Shoulders,8.73,0.249
4671,Machine Dumbbell Curl Variation 4671,Strength,Machine,Elite,Core,5.15,0.428
4672,Machine Cable Fly Variation 4672,Rehab,Machine,Beginner,Shoulders,6.46,0.160
4673,Dumbbell Pull-up Variation 4673,Core,Dumbbell,Advanced,Full Body,10.99,0.899
4674,Machine Crunch Variation 4674,Power,Machine,Beginner,Chest,3.41,0.155
4675,Dumbbell Pull-up Variation 4675,Endurance,Dumbbell,Elite,Arms,5.54,0.421
4676,Kettlebell Plank Variation 4676,Endurance,Kettlebell,Elite,Back,7.19,0.644
4677,Dumbbell Calf Raise Variation 4677,Rehab,Dumbbell,Advanced,Back,11.06,0.315
4678,Dumbbell Tricep Extension Variation 4678,Core,Dumbbell,Beginner,Back,7.27,0.270
4679,Kettlebell Tricep Extension Variation 4679,Hypertrophy,Kettlebell,Beginner,Shoulders,8.48,0.632
4680,Bodyweight Tricep Extension Variation 4680,Hypertrophy,Bodyweight,Intermediate,Chest,6.15,0.717
4681,Cable Dumbbell Curl Variation 4681,Hypertrophy,Cable,Beginner,Legs,10.82,0.371
4682,Cable Bench Press Variation 4682,Power,Cable,Advanced,Core,3.15,0.233
4683,Machine Tricep Extension Variation 4683,Hypertrophy,Machine,Elite,Back,11.32,0.275
4684,Kettlebell Plank Variation 4684,Strength,Kettlebell,Beginner,Full Body,3.07,0.138
4685,Barbell Lat Pulldown Variation 4685,Core,Barbell,Elite,Legs,3.72,0.154
4686,Kettlebell Pull-up Variation 4686,Hypertrophy,Kettlebell,Advanced,Legs,11.45,0.528
4687,Bands Deadlift Variation 4687,Power,Bands,Advanced,Legs,6.13,0.696
4688,Machine Barbell Row Variation 4688,Rehab,Machine,Intermediate,Back,10.41,0.768
4689,Barbell Leg Press Variation 4689,Core,Barbell,Intermediate,Shoulders,6.14,0.473
4690,Bands Plank Variation 4690,Rehab,Bands,Advanced,Core,5.65,0.472
4691,Bands Deadlift Variation 4691,Rehab,Bands,Beginner,Arms,6.06,0.776
4692,Bodyweight Deadlift Variation 4692,Power,Bodyweight,Elite,Shoulders,9.50,0.596
4693,Barbell Leg Press Variation 4693,Hypertrophy,Barbell,Advanced,Arms,10.39,0.464
4694,Kettlebell Deadlift Variation 4694,Rehab,Kettlebell,Elite,Core,5.43,0.347
4695,Dumbbell Crunch Variation 4695,Hypertrophy,Dumbbell,Elite,Core,10.51,0.511
4696,Barbell Overhead Press Variation 4696,Endurance,Barbell,Intermediate,Arms,6.04,0.179
4697,Kettlebell Pull-up Variation 4697,Strength,Kettlebell,Elite,Shoulders,8.25,0.628
4698,Bands Bench Press Variation 4698,Core,Bands,Advanced,Chest,3.17,0.818
4699,Machine Lat Pulldown Variation 4699,Endurance,Machine,Intermediate,Arms,3.10,0.893
4700,Bands Tricep Extension Variation 4700,Endurance,Bands,Advanced,Full Body,7.84,0.790
4701,Bands Pull-up Variation 4701,Power,Bands,Intermediate,Back,6.98,0.428
4702,Bodyweight Dumbbell Curl Variation 4702,Power,Bodyweight,Advanced,Chest,4.68,0.178
4703,Barbell Plank Variation 4703,Power,Barbell,Intermediate,Core,4.69,0.483
4704,Cable Bench Press Variation 4704,Core,Cable,Beginner,Back,9.39,0.346
4705,Dumbbell Cable Fly Variation 4705,Rehab,Dumbbell,Elite,Shoulders,9.53,0.250
4706,Kettlebell Plank Variation 4706,Power,Kettlebell,Intermediate,Legs,8.84,0.182
4707,Barbell Leg Press Variation 4707,Strength,Barbell,Elite,Arms,11.10,0.724
4708,Barbell Tricep Extension Variation 4708,Hypertrophy,Barbell,Beginner,Back,11.96,0.174
4709,Bands Cable Fly Variation 4709,Core,Bands,Advanced,Core,8.85,0.875
4710,Barbell Squat Variation 4710,Hypertrophy,Barbell,Advanced,Core,4.79,0.852
4711,Cable Plank Variation 4711,Rehab,Cable,Advanced,Full Body,11.97,0.705
4712,Machine Crunch Variation 4712,Hypertrophy,Machine,Beginner,Arms,4.52,0.330
4713,Machine Lat Pulldown Variation 4713,Core,Machine,Beginner,Chest,3.11,0.301
4714,Machine Plank Variation 4714,Endurance,Machine,Beginner,Full Body,7.42,0.763
4715,Machine Deadlift Variation 4715,Strength,Machine,Elite,Core,4.05,0.734
4716,Dumbbell Leg Press Variation 4716,Power,Dumbbell,Beginner,Core,4.27,0.899
4717,Kettlebell Overhead Press Variation 4717,Endurance,Kettlebell,Beginner,Arms,10.41,0.480
4718,Machine Dumbbell Curl Variation 4718,Strength,Machine,Elite,Shoulders,5.37,0.316
4719,Machine Bench Press Variation 4719,Strength,Machine,Elite,Full Body,11.00,0.346
4720,Bodyweight Barbell Row Variation 4720,Core,Bodyweight,Advanced,Arms,10.77,0.398
4721,Bodyweight Lat Pulldown Variation 4721,Rehab,Bodyweight,Intermediate,Arms,10.89,0.872
4722,Bands Lunge Variation 4722,Hypertrophy,Bands,Beginner,Full Body,3.92,0.265
4723,Kettlebell Bench Press Variation 4723,Core,Kettlebell,Intermediate,Chest,6.28,0.203
4724,Barbell Overhead Press Variation 4724,Core,Barbell,Advanced,Back,4.52,0.730
4725,Dumbbell Bench Press Variation 4725,Power,Dumbbell,Advanced,Back,10.98,0.142
4726,Kettlebell Cable Fly Variation 4726,Rehab,Kettlebell,Intermediate,Back,10.49,0.799
4727,Dumbbell Crunch Variation 4727,Rehab,Dumbbell,Elite,Chest,8.90,0.562
4728,Bands Plank Variation 4728,Strength,Bands,Elite,Chest,8.54,0.873
4729,Bodyweight Plank Variation 4729,Power,Bodyweight,Intermediate,Core,6.79,0.454
4730,Kettlebell Overhead Press Variation 4730,Power,Kettlebell,Beginner,Core,4.40,0.884
4731,Dumbbell Cable Fly Variation 4731,Power,Dumbbell,Intermediate,Chest,10.82,0.371
4732,Barbell Calf Raise Variation 4732,Rehab,Barbell,Advanced,Core,4.12,0.125
4733,Bands Leg Press Variation 4733,Core,Bands,Advanced,Arms,9.57,0.579
4734,Kettlebell Lat Pulldown Variation 4734,Strength,Kettlebell,Advanced,Legs,4.56,0.186
4735,Barbell Cable Fly Variation 4735,Endurance,Barbell,Beginner,Full Body,6.35,0.838
4736,Dumbbell Pull-up Variation 4736,Hypertrophy,Dumbbell,Beginner,Back,7.00,0.811
4737,Bands Pull-up Variation 4737,Endurance,Bands,Advanced,Full Body,6.20,0.284
4738,Bodyweight Bench Press Variation 4738,Hypertrophy,Bodyweight,Beginner,Full Body,4.16,0.222
4739,Kettlebell Pull-up Variation 4739,Power,Kettlebell,Beginner,Shoulders,10.72,0.461
4740,Kettlebell Tricep Extension Variation 4740,Rehab,Kettlebell,Beginner,Core,5.73,0.193
4741,Cable Barbell Row Variation 4741,Hypertrophy,Cable,Advanced,Full Body,5.16,0.527
4742,Barbell Lat Pulldown Variation 4742,Endurance,Barbell,Intermediate,Core,4.64,0.823
4743,Kettlebell Lat Pulldown Variation 4743,Rehab,Kettlebell,Intermediate,Full Body,7.86,0.898
4744,Machine Lunge Variation 4744,Core,Machine,Beginner,Legs,6.15,0.169
4745,Dumbbell Lat Pulldown Variation 4745,Power,Dumbbell,Elite,Full Body,5.98,0.151
4746,Barbell Pull-up Variation 4746,Power,Barbell,Advanced,Shoulders,4.05,0.300
4747,Machine Dumbbell Curl Variation 4747,Hypertrophy,Machine,Intermediate,Legs,9.16,0.294
4748,Kettlebell Tricep Extension Variation 4748,Power,Kettlebell,Intermediate,Back,8.75,0.874
4749,Kettlebell Lunge Variation 4749,Core,Kettlebell,Advanced,Shoulders,7.96,0.762
4750,Kettlebell Pull-up Variation 4750,Power,Kettlebell,Beginner,Core,4.05,0.265
4751,Bodyweight Pull-up Variation 4751,Power,Bodyweight,Beginner,Legs,11.71,0.479
4752,Dumbbell Dumbbell Curl Variation 4752,Rehab,Dumbbell,Intermediate,Legs,8.67,0.341
4753,Machine Plank Variation 4753,Strength,Machine,Intermediate,Core,5.27,0.503
4754,Barbell Pull-up Variation 4754,Hypertrophy,Barbell,Elite,Full Body,8.13,0.423
4755,Cable Lat Pulldown Variation 4755,Rehab,Cable,Beginner,Shoulders,3.12,0.368
4756,Machine Lat Pulldown Variation 4756,Hypertrophy,Machine,Advanced,Legs,11.00,0.750
4757,Kettlebell Squat Variation 4757,Strength,Kettlebell,Beginner,Back,9.01,0.331
4758,Bodyweight Barbell Row Variation 4758,Hypertrophy,Bodyweight,Beginner,Full Body,4.19,0.115
4759,Cable Lunge Variation 4759,Hypertrophy,Cable,Advanced,Chest,8.39,0.571
4760,Machine Tricep Extension Variation 4760,Endurance,Machine,Beginner,Chest,8.13,0.361
4761,Kettlebell Tricep Extension Variation 4761,Rehab,Kettlebell,Elite,Back,6.91,0.427
4762,Dumbbell Plank Variation 4762,Power,Dumbbell,Intermediate,Full Body,6.67,0.202
4763,Machine Barbell Row Variation 4763,Core,Machine,Advanced,Core,10.21,0.429
4764,Barbell Cable Fly Variation 4764,Strength,Barbell,Intermediate,Shoulders,10.00,0.774
4765,Dumbbell Bench Press Variation 4765,Endurance,Dumbbell,Intermediate,Back,11.06,0.129
4766,Kettlebell Lunge Variation 4766,Rehab,Kettlebell,Beginner,Chest,7.65,0.489
4767,Bands Pull-up Variation 4767,Strength,Bands,Advanced,Full Body,4.90,0.875
4768,Machine Squat Variation 4768,Hypertrophy,Machine,Intermediate,Core,5.41,0.871
4769,Cable Pull-up Variation 4769,Endurance,Cable,Beginner,Legs,9.21,0.802
4770,Bands Barbell Row Variation 4770,Hypertrophy,Bands,Advanced,Full Body,10.81,0.478
4771,Bands Bench Press Variation 4771,Hypertrophy,Bands,Elite,Full Body,11.69,0.579
4772,Bands Pull-up Variation 4772,Rehab,Bands,Beginner,Shoulders,11.49,0.693
4773,Barbell Squat Variation 4773,Hypertrophy,Barbell,Beginner,Core,3.56,0.753
4774,Kettlebell Leg Press Variation 4774,Power,Kettlebell,Intermediate,Arms,5.62,0.749
4775,Bands Calf Raise Variation 4775,Endurance,Bands,Intermediate,Full Body,10.31,0.204
4776,Cable Plank Variation 4776,Core,Cable,Elite,Shoulders,10.04,0.641
4777,Cable Deadlift Variation 4777,Rehab,Cable,Beginner,Back,11.91,0.167
4778,Bodyweight Deadlift Variation 4778,Core,Bodyweight,Advanced,Full Body,5.31,0.489
4779,Machine Plank Variation 4779,Core,Machine,Beginner,Full Body,8.12,0.158
4780,Machine Plank Variation 4780,Core,Machine,Beginner,Arms,8.11,0.734
4781,Kettlebell Cable Fly Variation 4781,Power,Kettlebell,Elite,Shoulders,7.63,0.594
4782,Dumbbell Barbell Row Variation 4782,Hypertrophy,Dumbbell,Intermediate,Back,9.28,0.582
4783,Barbell Lat Pulldown Variation 4783,Hypertrophy,Barbell,Elite,Shoulders,9.20,0.621
4784,Kettlebell Overhead Press Variation 4784,Rehab,Kettlebell,Elite,Core,5.98,0.235
4785,Barbell Deadlift Variation 4785,Power,Barbell,Beginner,Back,8.46,0.786
4786,Kettlebell Bench Press Variation 4786,Core,Kettlebell,Advanced,Arms,9.44,0.308
4787,Cable Deadlift Variation 4787,Strength,Cable,Elite,Chest,8.95,0.781
4788,Cable Barbell Row Variation 4788,Hypertrophy,Cable,Intermediate,Back,4.13,0.775
4789,Machine Crunch Variation 4789,Endurance,Machine,Advanced,Core,8.40,0.656
4790,Machine Calf Raise Variation 4790,Rehab,Machine,Advanced,Arms,6.14,0.227
4791,Dumbbell Dumbbell Curl Variation 4791,Power,Dumbbell,Intermediate,Arms,6.78,0.760
4792,Kettlebell Crunch Variation 4792,Rehab,Kettlebell,Advanced,Shoulders,10.30,0.573
4793,Cable Squat Variation 4793,Rehab,Cable,Elite,Arms,4.34,0.322
4794,Bands Bench Press Variation 4794,Strength,Bands,Intermediate,Arms,9.11,0.127
4795,Machine Plank Variation 4795,Power,Machine,Intermediate,Core,3.64,0.592
4796,Machine Tricep Extension Variation 4796,Rehab,Machine,Intermediate,Shoulders,5.57,0.663
4797,Bodyweight Lunge Variation 4797,Core,Bodyweight,Elite,Core,3.75,0.683
4798,Kettlebell Leg Press Variation 4798,Core,Kettlebell,Intermediate,Back,5.90,0.141
4799,Kettlebell Barbell Row Variation 4799,Power,Kettlebell,Beginner,Arms,5.40,0.683
4800,Cable Deadlift Variation 4800,Hypertrophy,Cable,Elite,Arms,5.97,0.414
4801,Bands Cable Fly Variation 4801,Strength,Bands,Advanced,Full Body,9.84,0.790
4802,Bands Plank Variation 4802,Hypertrophy,Bands,Intermediate,Full Body,8.20,0.569
4803,Barbell Cable Fly Variation 4803,Power,Barbell,Advanced,Legs,9.24,0.793
4804,Barbell Lat Pulldown Variation 4804,Hypertrophy,Barbell,Beginner,Shoulders,4.55,0.665
4805,Bands Pull-up Variation 4805,Hypertrophy,Bands,Beginner,Core,10.61,0.338
4806,Dumbbell Leg Press Variation 4806,Hypertrophy,Dumbbell,Advanced,Chest,3.89,0.175
4807,Kettlebell Lat Pulldown Variation 4807,Core,Kettlebell,Elite,Chest,5.84,0.554
4808,Cable Dumbbell Curl Variation 4808,Power,Cable,Elite,Shoulders,8.80,0.737
4809,Dumbbell Leg Press Variation 4809,Strength,Dumbbell,Intermediate,Core,8.96,0.145
4810,Barbell Dumbbell Curl Variation 4810,Hypertrophy,Barbell,Advanced,Legs,8.72,0.402
4811,Bands Barbell Row Variation 4811,Rehab,Bands,Beginner,Arms,8.85,0.299
4812,Machine Lat Pulldown Variation 4812,Rehab,Machine,Advanced,Arms,3.91,0.412
4813,Bodyweight Plank Variation 4813,Power,Bodyweight,Advanced,Shoulders,5.34,0.771
4814,Kettlebell Plank Variation 4814,Core,Kettlebell,Intermediate,Legs,5.65,0.854
4815,Cable Lunge Variation 4815,Hypertrophy,Cable,Elite,Arms,8.47,0.389
4816,Bands Pull-up Variation 4816,Power,Bands,Beginner,Back,4.02,0.425
4817,Bodyweight Plank Variation 4817,Strength,Bodyweight,Elite,Core,7.38,0.489
4818,Machine Bench Press Variation 4818,Rehab,Machine,Intermediate,Back,3.97,0.645
4819,Bands Bench Press Variation 4819,Rehab,Bands,Elite,Chest,10.53,0.282
4820,Dumbbell Leg Press Variation 4820,Rehab,Dumbbell,Intermediate,Legs,10.32,0.478
4821,Bodyweight Deadlift Variation 4821,Strength,Bodyweight,Advanced,Chest,5.25,0.254
4822,Bands Lat Pulldown Variation 4822,Strength,Bands,Intermediate,Chest,10.86,0.779
4823,Kettlebell Barbell Row Variation 4823,Hypertrophy,Kettlebell,Intermediate,Chest,11.15,0.820
4824,Cable Plank Variation 4824,Hypertrophy,Cable,Beginner,Back,4.50,0.538
4825,Barbell Bench Press Variation 4825,Power,Barbell,Advanced,Shoulders,6.01,0.153
4826,Machine Lat Pulldown Variation 4826,Power,Machine,Elite,Legs,10.38,0.708
4827,Barbell Barbell Row Variation 4827,Core,Barbell,Advanced,Legs,4.95,0.423
4828,Machine Squat Variation 4828,Hypertrophy,Machine,Advanced,Core,9.35,0.635
4829,Kettlebell Dumbbell Curl Variation 4829,Strength,Kettlebell,Advanced,Legs,4.76,0.847
4830,Bands Leg Press Variation 4830,Power,Bands,Elite,Arms,5.08,0.739
4831,Bodyweight Lunge Variation 4831,Core,Bodyweight,Beginner,Core,10.31,0.726
4832,Dumbbell Cable Fly Variation 4832,Hypertrophy,Dumbbell,Beginner,Shoulders,8.99,0.485
4833,Cable Barbell Row Variation 4833,Strength,Cable,Elite,Legs,8.81,0.244
4834,Bands Barbell Row Variation 4834,Power,Bands,Advanced,Chest,9.87,0.830
4835,Cable Calf Raise Variation 4835,Rehab,Cable,Elite,Arms,7.00,0.801
4836,Bands Calf Raise Variation 4836,Power,Bands,Advanced,Full Body,3.01,0.672
4837,Bodyweight Tricep Extension Variation 4837,Hypertrophy,Bodyweight,Beginner,Back,8.11,0.696
4838,Cable Lat Pulldown Variation 4838,Rehab,Cable,Advanced,Shoulders,6.52,0.844
4839,Bodyweight Tricep Extension Variation 4839,Endurance,Bodyweight,Beginner,Legs,8.80,0.231
4840,Barbell Squat Variation 4840,Rehab,Barbell,Elite,Chest,5.53,0.396
4841,Dumbbell Bench Press Variation 4841,Core,Dumbbell,Beginner,Full Body,9.43,0.247
4842,Kettlebell Bench Press Variation 4842,Power,Kettlebell,Elite,Back,10.01,0.271
4843,Dumbbell Crunch Variation 4843,Hypertrophy,Dumbbell,Advanced,Back,3.70,0.590
4844,Barbell Calf Raise Variation 4844,Endurance,Barbell,Elite,Arms,11.88,0.461
4845,Bodyweight Pull-up Variation 4845,Rehab,Bodyweight,Elite,Shoulders,11.46,0.756
4846,Bands Barbell Row Variation 4846,Endurance,Bands,Advanced,Arms,3.30,0.766
4847,Kettlebell Squat Variation 4847,Strength,Kettlebell,Elite,Legs,7.57,0.567
4848,Machine Plank Variation 4848,Power,Machine,Advanced,Legs,9.52,0.659
4849,Kettlebell Lunge Variation 4849,Strength,Kettlebell,Elite,Core,3.53,0.119
4850,Kettlebell Calf Raise Variation 4850,Endurance,Kettlebell,Elite,Legs,3.31,0.591
4851,Kettlebell Bench Press Variation 4851,Rehab,Kettlebell,Beginner,Shoulders,7.62,0.282
4852,Dumbbell Deadlift Variation 4852,Hypertrophy,Dumbbell,Elite,Core,6.32,0.533
4853,Dumbbell Dumbbell Curl Variation 4853,Hypertrophy,Dumbbell,Beginner,Shoulders,5.28,0.183
4854,Dumbbell Barbell Row Variation 4854,Rehab,Dumbbell,Elite,Back,6.59,0.173
4855,Barbell Deadlift Variation 4855,Endurance,Barbell,Elite,Chest,5.88,0.866
4856,Machine Cable Fly Variation 4856,Hypertrophy,Machine,Intermediate,Full Body,3.91,0.535
4857,Bodyweight Overhead Press Variation 4857,Rehab,Bodyweight,Beginner,Arms,11.03,0.628
4858,Barbell Overhead Press Variation 4858,Core,Barbell,Elite,Back,9.55,0.183
4859,Machine Crunch Variation 4859,Endurance,Machine,Beginner,Chest,11.71,0.842
4860,Dumbbell Plank Variation 4860,Core,Dumbbell,Elite,Chest,3.71,0.110
4861,Cable Plank Variation 4861,Endurance,Cable,Beginner,Chest,9.72,0.474
4862,Barbell Crunch Variation 4862,Power,Barbell,Beginner,Full Body,11.89,0.864
4863,Bodyweight Lat Pulldown Variation 4863,Core,Bodyweight,Beginner,Legs,10.59,0.293
4864,Bodyweight Overhead Press Variation 4864,Strength,Bodyweight,Advanced,Core,9.91,0.673
4865,Bodyweight Lunge Variation 4865,Power,Bodyweight,Elite,Core,9.72,0.309
4866,Bands Squat Variation 4866,Endurance,Bands,Intermediate,Full Body,8.62,0.323
4867,Cable Cable Fly Variation 4867,Hypertrophy,Cable,Beginner,Chest,3.47,0.264
4868,Cable Tricep Extension Variation 4868,Strength,Cable,Advanced,Legs,4.20,0.558
4869,Machine Plank Variation 4869,Strength,Machine,Intermediate,Full Body,3.18,0.284
4870,Dumbbell Dumbbell Curl Variation 4870,Hypertrophy,Dumbbell,Beginner,Chest,3.07,0.799
4871,Machine Deadlift Variation 4871,Core,Machine,Beginner,Back,3.39,0.157
4872,Dumbbell Dumbbell Curl Variation 4872,Core,Dumbbell,Intermediate,Chest,8.81,0.481
4873,Barbell Bench Press Variation 4873,Strength,Barbell,Advanced,Arms,9.11,0.515
4874,Kettlebell Lunge Variation 4874,Hypertrophy,Kettlebell,Beginner,Chest,10.03,0.696
4875,Barbell Cable Fly Variation 4875,Endurance,Barbell,Beginner,Back,8.50,0.662
4876,Cable Tricep Extension Variation 4876,Core,Cable,Elite,Back,7.05,0.762
4877,Machine Lunge Variation 4877,Endurance,Machine,Beginner,Chest,3.24,0.898
4878,Dumbbell Calf Raise Variation 4878,Core,Dumbbell,Advanced,Legs,11.60,0.692
4879,Bodyweight Calf Raise Variation 4879,Rehab,Bodyweight,Advanced,Arms,10.47,0.646
4880,Kettlebell Leg Press Variation 4880,Core,Kettlebell,Elite,Arms,4.18,0.735
4881,Bodyweight Lunge Variation 4881,Rehab,Bodyweight,Intermediate,Back,3.23,0.865
4882,Bands Calf Raise Variation 4882,Endurance,Bands,Beginner,Core,7.24,0.118
4883,Barbell Calf Raise Variation 4883,Hypertrophy,Barbell,Beginner,Legs,7.53,0.860
4884,Cable Plank Variation 4884,Core,Cable,Intermediate,Legs,9.34,0.793
4885,Kettlebell Barbell Row Variation 4885,Rehab,Kettlebell,Intermediate,Legs,9.69,0.351
4886,Kettlebell Tricep Extension Variation 4886,Rehab,Kettlebell,Beginner,Arms,7.42,0.377
4887,Machine Overhead Press Variation 4887,Endurance,Machine,Intermediate,Shoulders,9.89,0.772
4888,Kettlebell Crunch Variation 4888,Hypertrophy,Kettlebell,Beginner,Shoulders,10.97,0.227
4889,Barbell Pull-up Variation 4889,Strength,Barbell,Elite,Chest,7.40,0.321
4890,Cable Bench Press Variation 4890,Rehab,Cable,Intermediate,Legs,8.50,0.777
4891,Cable Squat Variation 4891,Strength,Cable,Beginner,Chest,3.49,0.206
4892,Bands Overhead Press Variation 4892,Core,Bands,Beginner,Arms,7.46,0.211
4893,Bands Barbell Row Variation 4893,Power,Bands,Intermediate,Chest,3.33,0.534
4894,Kettlebell Pull-up Variation 4894,Core,Kettlebell,Advanced,Arms,7.80,0.286
4895,Bands Bench Press Variation 4895,Strength,Bands,Advanced,Chest,4.93,0.444
4896,Bodyweight Plank Variation 4896,Core,Bodyweight,Beginner,Back,10.39,0.631
4897,Bodyweight Cable Fly Variation 4897,Strength,Bodyweight,Beginner,Full Body,5.70,0.835
4898,Cable Cable Fly Variation 4898,Power,Cable,Intermediate,Arms,8.79,0.329
4899,Cable Squat Variation 4899,Power,Cable,Intermediate,Legs,5.50,0.768
4900,Bodyweight Calf Raise Variation 4900,Power,Bodyweight,Elite,Back,10.85,0.583
4901,Dumbbell Dumbbell Curl Variation 4901,Strength,Dumbbell,Advanced,Legs,10.78,0.614
4902,Machine Tricep Extension Variation 4902,Power,Machine,Intermediate,Full Body,3.08,0.336
4903,Dumbbell Tricep Extension Variation 4903,Core,Dumbbell,Elite,Chest,11.77,0.406
4904,Cable Cable Fly Variation 4904,Hypertrophy,Cable,Advanced,Legs,4.79,0.750
4905,Dumbbell Dumbbell Curl Variation 4905,Rehab,Dumbbell,Intermediate,Back,9.50,0.289
4906,Barbell Crunch Variation 4906,Core,Barbell,Elite,Chest,3.35,0.233
4907,Machine Dumbbell Curl Variation 4907,Power,Machine,Elite,Full Body,6.23,0.144
4908,Kettlebell Crunch Variation 4908,Rehab,Kettlebell,Intermediate,Chest,6.78,0.594
4909,Kettlebell Tricep Extension Variation 4909,Power,Kettlebell,Advanced,Full Body,8.99,0.836
4910,Bands Lat Pulldown Variation 4910,Strength,Bands,Beginner,Core,3.75,0.346
4911,Machine Calf Raise Variation 4911,Hypertrophy,Machine,Elite,Back,9.46,0.457
4912,Machine Lat Pulldown Variation 4912,Strength,Machine,Intermediate,Shoulders,6.63,0.161
4913,Machine Cable Fly Variation 4913,Core,Machine,Elite,Full Body,9.69,0.534
4914,Bands Barbell Row Variation 4914,Power,Bands,Advanced,Shoulders,7.07,0.184
4915,Cable Bench Press Variation 4915,Rehab,Cable,Elite,Legs,9.93,0.292
4916,Bodyweight Squat Variation 4916,Power,Bodyweight,Beginner,Shoulders,11.39,0.238
4917,Cable Tricep Extension Variation 4917,Strength,Cable,Advanced,Chest,11.25,0.325
4918,Barbell Cable Fly Variation 4918,Rehab,Barbell,Intermediate,Chest,5.48,0.339
4919,Bands Cable Fly Variation 4919,Core,Bands,Beginner,Back,6.86,0.396
4920,Barbell Overhead Press Variation 4920,Power,Barbell,Elite,Shoulders,11.83,0.191
4921,Dumbbell Squat Variation 4921,Rehab,Dumbbell,Intermediate,Legs,7.07,0.150
4922,Bands Bench Press Variation 4922,Hypertrophy,Bands,Advanced,Shoulders,6.30,0.824
4923,Cable Overhead Press Variation 4923,Rehab,Cable,Advanced,Core,3.65,0.377
4924,Bands Calf Raise Variation 4924,Hypertrophy,Bands,Beginner,Shoulders,6.58,0.389
4925,Cable Overhead Press Variation 4925,Rehab,Cable,Beginner,Back,5.67,0.532
4926,Barbell Bench Press Variation 4926,Core,Barbell,Advanced,Shoulders,7.71,0.601
4927,Dumbbell Dumbbell Curl Variation 4927,Power,Dumbbell,Beginner,Core,3.78,0.366
4928,Barbell Lunge Variation 4928,Power,Barbell,Elite,Core,10.27,0.514
4929,Kettlebell Crunch Variation 4929,Strength,Kettlebell,Elite,Arms,3.71,0.368
4930,Cable Overhead Press Variation 4930,Strength,Cable,Beginner,Shoulders,9.04,0.750
4931,Cable Plank Variation 4931,Strength,Cable,Advanced,Arms,11.16,0.410
4932,Dumbbell Leg Press Variation 4932,Hypertrophy,Dumbbell,Elite,Legs,6.09,0.741
4933,Bodyweight Pull-up Variation 4933,Endurance,Bodyweight,Advanced,Arms,4.74,0.449
4934,Kettlebell Deadlift Variation 4934,Power,Kettlebell,Elite,Back,6.97,0.232
4935,Cable Overhead Press Variation 4935,Strength,Cable,Advanced,Legs,4.62,0.209
4936,Barbell Bench Press Variation 4936,Core,Barbell,Advanced,Legs,8.88,0.489
4937,Cable Calf Raise Variation 4937,Endurance,Cable,Advanced,Full Body,8.92,0.498
4938,Barbell Dumbbell Curl Variation 4938,Endurance,Barbell,Advanced,Shoulders,4.24,0.437
4939,Dumbbell Deadlift Variation 4939,Endurance,Dumbbell,Advanced,Chest,7.18,0.326
4940,Bodyweight Overhead Press Variation 4940,Power,Bodyweight,Intermediate,Arms,10.47,0.887
4941,Bands Calf Raise Variation 4941,Power,Bands,Elite,Full Body,8.43,0.484
4942,Barbell Calf Raise Variation 4942,Rehab,Barbell,Advanced,Chest,9.34,0.273
4943,Bands Calf Raise Variation 4943,Rehab,Bands,Beginner,Arms,4.88,0.517
4944,Cable Dumbbell Curl Variation 4944,Endurance,Cable,Elite,Legs,9.35,0.156
4945,Barbell Cable Fly Variation 4945,Rehab,Barbell,Advanced,Core,9.33,0.884
4946,Dumbbell Deadlift Variation 4946,Core,Dumbbell,Elite,Back,9.51,0.148
4947,Dumbbell Squat Variation 4947,Rehab,Dumbbell,Beginner,Full Body,5.07,0.146
4948,Bands Overhead Press Variation 4948,Core,Bands,Beginner,Shoulders,8.48,0.345
4949,Bodyweight Dumbbell Curl Variation 4949,Core,Bodyweight,Advanced,Shoulders,4.64,0.271
4950,Dumbbell Deadlift Variation 4950,Power,Dumbbell,Beginner,Back,8.79,0.760
4951,Barbell Deadlift Variation 4951,Strength,Barbell,Elite,Arms,10.49,0.452
4952,Cable Plank Variation 4952,Rehab,Cable,Intermediate,Core,8.12,0.394
4953,Bands Lat Pulldown Variation 4953,Rehab,Bands,Elite,Core,4.81,0.412
4954,Machine Deadlift Variation 4954,Endurance,Machine,Intermediate,Legs,6.90,0.147
4955,Machine Overhead Press Variation 4955,Strength,Machine,Beginner,Back,7.34,0.143
4956,Kettlebell Plank Variation 4956,Rehab,Kettlebell,Intermediate,Arms,4.22,0.519
4957,Cable Dumbbell Curl Variation 4957,Strength,Cable,Beginner,Legs,4.22,0.453
4958,Bands Dumbbell Curl Variation 4958,Rehab,Bands,Intermediate,Chest,7.63,0.597
4959,Bodyweight Bench Press Variation 4959,Endurance,Bodyweight,Advanced,Back,7.22,0.186
4960,Bands Calf Raise Variation 4960,Power,Bands,Elite,Back,9.63,0.298
4961,Bodyweight Overhead Press Variation 4961,Endurance,Bodyweight,Beginner,Full Body,11.71,0.771
4962,Dumbbell Lunge Variation 4962,Strength,Dumbbell,Intermediate,Shoulders,3.17,0.275
4963,Cable Barbell Row Variation 4963,Power,Cable,Intermediate,Full Body,11.07,0.473
4964,Kettlebell Bench Press Variation 4964,Hypertrophy,Kettlebell,Intermediate,Core,4.14,0.722
4965,Cable Squat Variation 4965,Hypertrophy,Cable,Beginner,Full Body,7.60,0.722
4966,Barbell Squat Variation 4966,Rehab,Barbell,Elite,Chest,3.89,0.490
4967,Machine Lunge Variation 4967,Core,Machine,Intermediate,Back,7.82,0.182
4968,Machine Squat Variation 4968,Power,Machine,Intermediate,Back,8.08,0.133
4969,Barbell Pull-up Variation 4969,Strength,Barbell,Intermediate,Chest,5.84,0.821
4970,Dumbbell Lat Pulldown Variation 4970,Endurance,Dumbbell,Intermediate,Core,10.56,0.574
4971,Bands Leg Press Variation 4971,Hypertrophy,Bands,Intermediate,Back,6.40,0.508
4972,Bodyweight Barbell Row Variation 4972,Rehab,Bodyweight,Elite,Core,10.56,0.864
4973,Machine Bench Press Variation 4973,Power,Machine,Beginner,Shoulders,9.16,0.565
4974,Barbell Plank Variation 4974,Strength,Barbell,Elite,Core,4.77,0.295
4975,Machine Calf Raise Variation 4975,Endurance,Machine,Beginner,Back,3.02,0.360
4976,Bodyweight Cable Fly Variation 4976,Power,Bodyweight,Intermediate,Full Body,11.81,0.105
4977,Dumbbell Dumbbell Curl Variation 4977,Strength,Dumbbell,Intermediate,Shoulders,3.19,0.807
4978,Barbell Cable Fly Variation 4978,Strength,Barbell,Elite,Shoulders,6.23,0.342
4979,Dumbbell Lunge Variation 4979,Core,Dumbbell,Elite,Full Body,3.28,0.668
4980,Kettlebell Deadlift Variation 4980,Power,Kettlebell,Beginner,Core,4.23,0.811
4981,Bands Squat Variation 4981,Strength,Bands,Beginner,Shoulders,3.66,0.213
4982,Kettlebell Deadlift Variation 4982,Hypertrophy,Kettlebell,Advanced,Legs,3.03,0.363
4983,Kettlebell Tricep Extension Variation 4983,Strength,Kettlebell,Beginner,Shoulders,9.99,0.496
4984,Kettlebell Lunge Variation 4984,Rehab,Kettlebell,Intermediate,Legs,9.97,0.751
4985,Dumbbell Lat Pulldown Variation 4985,Core,Dumbbell,Advanced,Core,10.23,0.554
4986,Machine Bench Press Variation 4986,Hypertrophy,Machine,Elite,Back,8.90,0.875
4987,Kettlebell Pull-up Variation 4987,Endurance,Kettlebell,Advanced,Back,10.03,0.590
4988,Bands Crunch Variation 4988,Endurance,Bands,Beginner,Full Body,9.03,0.178
4989,Kettlebell Bench Press Variation 4989,Power,Kettlebell,Intermediate,Arms,9.39,0.378
4990,Cable Overhead Press Variation 4990,Core,Cable,Elite,Chest,9.05,0.583
4991,Bodyweight Tricep Extension Variation 4991,Strength,Bodyweight,Intermediate,Legs,7.22,0.686
4992,Dumbbell Squat Variation 4992,Power,Dumbbell,Elite,Shoulders,11.17,0.136
4993,Barbell Plank Variation 4993,Core,Barbell,Intermediate,Chest,9.07,0.648
4994,Machine Pull-up Variation 4994,Rehab,Machine,Intermediate,Back,4.31,0.766
4995,Cable Dumbbell Curl Variation 4995,Endurance,Cable,Advanced,Core,6.60,0.406
4996,Dumbbell Dumbbell Curl Variation 4996,Endurance,Dumbbell,Elite,Full Body,10.63,0.384
4997,Dumbbell Tricep Extension Variation 4997,Core,Dumbbell,Intermediate,Shoulders,5.37,0.400
4998,Barbell Lunge Variation 4998,Endurance,Barbell,Elite,Core,8.51,0.360
4999,Barbell Pull-up Variation 4999,Rehab,Barbell,Beginner,Arms,8.48,0.188
5000,Bodyweight Leg Press Variation 5000,Rehab,Bodyweight,Intermediate,Core,10.82,0.467
